gestational_week,baseline_bmi,probability,local_subjects,in_bmi_range,supported
11.0,20.0,0.9321886605259497,0,False,False
11.142857142857142,20.0,0.9333470208617425,0,False,False
11.285714285714286,20.0,0.9344896135419932,0,False,False
11.428571428571429,20.0,0.9356165662262914,0,False,False
11.571428571428571,20.0,0.9367280073431592,0,False,False
11.714285714285714,20.0,0.9378240660459586,0,False,False
11.857142857142858,20.0,0.9389048721692201,0,False,False
12.0,20.0,0.9399705561854017,0,False,False
12.142857142857142,20.0,0.9410212491620933,1,False,False
12.285714285714286,20.0,0.9420570827196768,1,False,False
12.428571428571429,20.0,0.9430781889894522,1,False,False
12.571428571428571,20.0,0.9440847005722441,1,False,False
12.714285714285714,20.0,0.9450767504974937,1,False,False
12.857142857142858,20.0,0.9460544721828503,1,False,False
13.0,20.0,0.947017999394271,1,False,False
13.142857142857142,20.0,0.947967466206636,1,False,False
13.285714285714286,20.0,0.9489030069648898,1,False,False
13.428571428571429,20.0,0.9498247562457168,1,False,False
13.571428571428571,20.0,0.9507328488197582,1,False,False
13.714285714285714,20.0,0.9516274196143757,1,False,False
13.857142857142858,20.0,0.9525086036769752,1,False,False
14.0,20.0,0.9533765361388895,1,False,False
14.142857142857142,20.0,0.9542313521798315,1,False,False
14.285714285714286,20.0,0.9550731869929217,0,False,False
14.428571428571429,20.0,0.9559021757502947,0,False,False
14.571428571428571,20.0,0.9567184535692923,0,False,False
14.714285714285714,20.0,0.9575221554792447,0,False,False
14.857142857142858,20.0,0.9583134163888456,0,False,False
15.0,20.0,0.959092371054125,0,False,False
15.142857142857142,20.0,0.9598591540470238,0,False,False
15.285714285714286,20.0,0.960613899724571,1,False,False
15.428571428571429,20.0,0.9613567421986682,1,False,False
15.571428571428571,20.0,0.962087815306484,1,False,False
15.714285714285714,20.0,0.9628072525814575,1,False,False
15.857142857142858,20.0,0.9635151872249165,1,False,False
16.0,20.0,0.9642117520783082,1,False,False
16.142857142857142,20.0,0.9648970795960456,1,False,False
16.285714285714285,20.0,0.9655713018189682,1,False,False
16.428571428571427,20.0,0.9662345503484188,1,False,False
16.571428571428573,20.0,0.9668869563209366,1,False,False
16.714285714285715,20.0,0.9675286503835643,1,False,False
16.857142857142858,20.0,0.9681597626697696,1,False,False
17.0,20.0,0.9687804227759813,1,False,False
17.142857142857142,20.0,0.9693907597387359,1,False,False
17.285714285714285,20.0,0.9699909020124353,1,False,False
17.428571428571427,20.0,0.9705809774477135,0,False,False
17.571428571428573,20.0,0.9711611132704087,0,False,False
17.714285714285715,20.0,0.9717314360611393,0,False,False
17.857142857142858,20.0,0.9722920717354823,0,False,False
18.0,20.0,0.9728431455247482,0,False,False
18.142857142857142,20.0,0.973384781957352,0,False,False
18.285714285714285,20.0,0.9739171048407747,1,False,False
18.428571428571427,20.0,0.974440237244113,1,False,False
18.571428571428573,20.0,0.9749543014812132,1,False,False
18.714285714285715,20.0,0.9754594190943832,1,False,False
18.857142857142858,20.0,0.9759557108386813,1,False,False
19.0,20.0,0.9764432966667744,1,False,False
19.142857142857142,20.0,0.9769222957143625,1,False,False
19.285714285714285,20.0,0.9773928262861629,1,False,False
19.428571428571427,20.0,0.9778550058424517,1,False,False
19.571428571428573,20.0,0.9783089509861533,1,False,False
19.714285714285715,20.0,0.9787547774504768,1,False,False
19.857142857142858,20.0,0.9791926000870878,1,False,False
20.0,20.0,0.9796225328548169,1,False,False
20.142857142857142,20.0,0.9800446888088927,1,False,False
20.285714285714285,20.0,0.9804591800906958,1,False,False
20.428571428571427,20.0,0.9808661179180271,0,False,False
20.571428571428573,20.0,0.9812656125758851,0,False,False
20.714285714285715,20.0,0.9816577734077423,0,False,False
20.857142857142858,20.0,0.9820427088073185,0,False,False
21.0,20.0,0.9824205262108398,0,False,False
21.142857142857142,20.0,0.9827913320897794,0,False,False
21.285714285714285,20.0,0.9831552319440722,0,False,False
21.428571428571427,20.0,0.9835123302957953,0,False,False
21.571428571428573,20.0,0.9838627306833087,0,False,False
21.714285714285715,20.0,0.9842065356558469,0,False,False
21.857142857142858,20.0,0.9845438467685572,0,False,False
22.0,20.0,0.9848747645779734,0,False,False
22.142857142857142,20.0,0.9851993886379193,1,False,False
22.285714285714285,20.0,0.9855178174958361,1,False,False
22.428571428571427,20.0,0.9858301486895227,1,False,False
22.571428571428573,20.0,0.9861364787442832,1,False,False
22.714285714285715,20.0,0.9864369031704752,1,False,False
22.857142857142858,20.0,0.9867315164614466,1,False,False
23.0,20.0,0.9870204120918598,1,False,False
23.142857142857142,20.0,0.9873036825163874,1,False,False
23.285714285714285,20.0,0.987581419168782,1,False,False
23.428571428571427,20.0,0.9878537124612995,1,False,False
23.571428571428573,20.0,0.9881206517844803,1,False,False
23.714285714285715,20.0,0.988382325507273,1,False,False
23.857142857142858,20.0,0.9886388209774946,1,False,False
24.0,20.0,0.9888902245226207,1,False,False
24.142857142857142,20.0,0.9891366214508963,1,False,False
24.285714285714285,20.0,0.9893780960527615,0,False,False
24.428571428571427,20.0,0.9896147316025795,0,False,False
24.571428571428573,20.0,0.9898466103606671,0,False,False
24.714285714285715,20.0,0.9900738135756114,0,False,False
24.857142857142858,20.0,0.9902964214868719,0,False,False
25.0,20.0,0.9905145133276558,0,False,False
11.0,20.5,0.9281056586848098,0,False,False
11.142857142857142,20.5,0.9293189045827017,0,False,False
11.285714285714286,20.5,0.9305159526000388,0,False,False
11.428571428571429,20.5,0.9316969274275684,0,False,False
11.571428571428571,20.5,0.932861954678776,0,False,False
11.714285714285714,20.5,0.9340111608444578,0,False,False
11.857142857142858,20.5,0.9351446732476678,0,False,False
12.0,20.5,0.9362626199990511,0,False,False
12.142857142857142,20.5,0.93736512995258,1,False,False
12.285714285714286,20.5,0.9384523326617034,1,False,False
12.428571428571429,20.5,0.9395243583359234,1,False,False
12.571428571428571,20.5,0.9405813377978113,1,False,False
12.714285714285714,20.5,0.9416234024404743,1,False,False
12.857142857142858,20.5,0.942650684185485,1,False,False
13.0,20.5,0.9436633154412839,1,False,False
13.142857142857142,20.5,0.9446614290620667,1,False,False
13.285714285714286,20.5,0.9456451583071638,1,False,False
13.428571428571429,20.5,0.9466146368009263,1,False,False
13.571428571428571,20.5,0.9475699984931224,1,False,False
13.714285714285714,20.5,0.948511377619857,1,False,False
13.857142857142858,20.5,0.9494389086650228,1,False,False
14.0,20.5,0.9503527263222852,1,False,False
14.142857142857142,20.5,0.9512529654576194,1,False,False
14.285714285714286,20.5,0.9521397610723953,0,False,False
14.428571428571429,20.5,0.953013248267025,0,False,False
14.571428571428571,20.5,0.9538735622051762,0,False,False
14.714285714285714,20.5,0.9547208380785557,0,False,False
14.857142857142858,20.5,0.9555552110722741,0,False,False
15.0,20.5,0.9563768163307904,0,False,False
15.142857142857142,20.5,0.9571857889244451,0,False,False
15.285714285714286,20.5,0.9579822638165861,1,False,False
15.428571428571429,20.5,0.9587663758312897,1,False,False
15.571428571428571,20.5,0.9595382596216806,1,False,False
15.714285714285714,20.5,0.9602980496388571,1,False,False
15.857142857142858,20.5,0.9610458801014188,1,False,False
16.0,20.5,0.9617818849656045,1,False,False
16.142857142857142,20.5,0.9625061978960394,1,False,False
16.285714285714285,20.5,0.9632189522370957,1,False,False
16.428571428571427,20.5,0.9639202809848645,1,False,False
16.571428571428573,20.5,0.9646103167597428,1,False,False
16.714285714285715,20.5,0.9652891917796377,1,False,False
16.857142857142858,20.5,0.9659570378337825,1,False,False
17.0,20.5,0.9666139862571719,1,False,False
17.142857142857142,20.5,0.9672601679056101,1,False,False
17.285714285714285,20.5,0.9678957131313746,1,False,False
17.428571428571427,20.5,0.9685207517594944,0,False,False
17.571428571428573,20.5,0.9691354130646388,0,False,False
17.714285714285715,20.5,0.9697398257486205,0,False,False
17.857142857142858,20.5,0.9703341179185042,0,False,False
18.0,20.5,0.970918417065326,0,False,False
18.142857142857142,20.5,0.9714928500434156,0,False,False
18.285714285714285,20.5,0.9720575430503213,1,False,False
18.428571428571427,20.5,0.9726126216073352,1,False,False
18.571428571428573,20.5,0.9731582105406127,1,False,False
18.714285714285715,20.5,0.9736944339628881,1,False,False
18.857142857142858,20.5,0.974221415255776,1,False,False
19.0,20.5,0.9747392770526604,1,False,False
19.142857142857142,20.5,0.9752481412221646,1,False,False
19.285714285714285,20.5,0.9757481288521979,1,False,False
19.428571428571427,20.5,0.976239360234574,1,False,False
19.571428571428573,20.5,0.9767219548502,1,False,False
19.714285714285715,20.5,0.977196031354824,1,False,False
19.857142857142858,20.5,0.9776617075653444,1,False,False
20.0,20.5,0.9781191004466686,1,False,False
20.142857142857142,20.5,0.9785683260991207,1,False,False
20.285714285714285,20.5,0.9790094997463885,1,False,False
20.428571428571427,20.5,0.9794427357240084,0,False,False
20.571428571428573,20.5,0.9798681474683762,0,False,False
20.714285714285715,20.5,0.9802858475062854,0,False,False
20.857142857142858,20.5,0.9806959474449783,0,False,False
21.0,20.5,0.9810985579627113,0,False,False
21.142857142857142,20.5,0.981493788799821,0,False,False
21.285714285714285,20.5,0.9818817487502909,0,False,False
21.428571428571427,20.5,0.9822625456538054,0,False,False
21.571428571428573,20.5,0.9826362863882907,0,False,False
21.714285714285715,20.5,0.9830030768629294,0,False,False
21.857142857142858,20.5,0.9833630220116472,0,False,False
22.0,20.5,0.9837162257870601,0,False,False
22.142857142857142,20.5,0.9840627911548783,1,False,False
22.285714285714285,20.5,0.9844028200887569,1,False,False
22.428571428571427,20.5,0.9847364135655876,1,False,False
22.571428571428573,20.5,0.9850636715612219,1,False,False
22.714285714285715,20.5,0.9853846930466228,1,False,False
22.857142857142858,20.5,0.9856995759844309,1,False,False
23.0,20.5,0.986008417325942,1,False,False
23.142857142857142,20.5,0.9863113130084882,1,False,False
23.285714285714285,20.5,0.9866083579532123,1,False,False
23.428571428571427,20.5,0.9868996460632293,1,False,False
23.571428571428573,20.5,0.9871852702221682,1,False,False
23.714285714285715,20.5,0.9874653222930839,1,False,False
23.857142857142858,20.5,0.9877398931177342,1,False,False
24.0,20.5,0.9880090725162112,1,False,False
24.142857142857142,20.5,0.9882729492869209,1,False,False
24.285714285714285,20.5,0.9885316112069041,0,False,False
24.428571428571427,20.5,0.9887851450324885,0,False,False
24.571428571428573,20.5,0.9890336365002659,0,False,False
24.714285714285715,20.5,0.989277170328385,0,False,False
24.857142857142858,20.5,0.9895158302181555,0,False,False
25.0,20.5,0.9897496988559505,0,False,False
11.0,21.0,0.9238317168610833,0,True,False
11.142857142857142,21.0,0.9251012952975576,0,True,False
11.285714285714286,21.0,0.9263542569630722,0,True,False
11.428571428571429,21.0,0.9275907230440178,0,True,False
11.571428571428571,21.0,0.9288108158075292,0,True,False
11.714285714285714,21.0,0.9300146585548902,0,True,False
11.857142857142858,21.0,0.9312023755752625,0,True,False
12.0,21.0,0.9323740920997522,0,True,False
12.142857142857142,21.0,0.9335299342558298,1,True,False
12.285714285714286,21.0,0.9346700290221186,1,True,False
12.428571428571429,21.0,0.935794504183563,1,True,False
12.571428571428571,21.0,0.9369034882869944,1,True,False
12.714285714285714,21.0,0.9379971105971053,1,True,False
12.857142857142858,21.0,0.9390755010528442,1,True,False
13.0,21.0,0.9401387902242457,1,True,False
13.142857142857142,21.0,0.9411871092697066,1,True,False
13.285714285714286,21.0,0.9422205898937193,1,True,False
13.428571428571429,21.0,0.9432393643050732,1,True,False
13.571428571428571,21.0,0.9442435651755389,1,True,False
13.714285714285714,21.0,0.9452333255990375,1,True,False
13.857142857142858,21.0,0.9462087790513143,1,True,False
14.0,21.0,0.9471700593501178,1,True,False
14.142857142857142,21.0,0.9481173006158999,1,True,False
14.285714285714286,21.0,0.949050637233041,0,True,False
14.428571428571429,21.0,0.949970203811611,0,True,False
14.571428571428571,21.0,0.9508761351496724,0,True,False
14.714285714285714,21.0,0.9517685661961341,0,True,False
14.857142857142858,21.0,0.9526476320141626,0,True,False
15.0,21.0,0.9535134677451546,0,True,False
15.142857142857142,21.0,0.9543662085732827,0,True,False
15.285714285714286,21.0,0.9552059896906131,1,True,False
15.428571428571429,21.0,0.956032946262807,1,True,False
15.571428571428571,21.0,0.9568472133954047,1,True,False
15.714285714285714,21.0,0.9576489261007031,1,True,False
15.857142857142858,21.0,0.9584382192652247,1,True,False
16.0,21.0,0.9592152276177863,1,True,False
16.142857142857142,21.0,0.9599800856981691,1,True,False
16.285714285714285,21.0,0.9607329278263919,1,True,False
16.428571428571427,21.0,0.961473888072594,1,True,False
16.571428571428573,21.0,0.9622031002275251,1,True,False
16.714285714285715,21.0,0.9629206977736469,1,True,False
16.857142857142858,21.0,0.9636268138568487,1,True,False
17.0,21.0,0.9643215812587767,1,True,False
17.142857142857142,21.0,0.9650051323697766,1,True,False
17.285714285714285,21.0,0.965677599162454,1,True,False
17.428571428571427,21.0,0.9663391131658488,0,True,False
17.571428571428573,21.0,0.966989805440225,0,True,False
17.714285714285715,21.0,0.9676298065524777,0,True,False
17.857142857142858,21.0,0.9682592465521503,0,True,False
18.0,21.0,0.9688782549480698,0,True,False
18.142857142857142,21.0,0.9694869606855889,0,True,False
18.285714285714285,21.0,0.9700854921244428,1,True,False
18.428571428571427,21.0,0.9706739770172104,1,True,False
18.571428571428573,21.0,0.9712525424883844,1,True,False
18.714285714285715,21.0,0.9718213150140422,1,True,False
18.857142857142858,21.0,0.9723804204021205,1,True,False
19.0,21.0,0.9729299837732837,1,True,False
19.142857142857142,21.0,0.9734701295423906,1,True,False
19.285714285714285,21.0,0.9740009814005497,1,True,False
19.428571428571427,21.0,0.974522662297761,1,True,False
19.571428571428573,21.0,0.9750352944261436,1,True,False
19.714285714285715,21.0,0.9755389992037385,1,True,False
19.857142857142858,21.0,0.9760338972588896,1,True,False
20.0,21.0,0.9765201084151912,1,True,False
20.142857142857142,21.0,0.9769977516770028,1,True,False
20.285714285714285,21.0,0.9774669452155222,1,True,False
20.428571428571427,21.0,0.9779278063554142,0,True,False
20.571428571428573,21.0,0.9783804515619876,0,True,False
20.714285714285715,21.0,0.9788249964289175,0,True,False
20.857142857142858,21.0,0.9792615556665027,0,True,False
21.0,21.0,0.9796902430904589,0,True,False
21.142857142857142,21.0,0.980111171611233,0,True,False
21.285714285714285,21.0,0.9805244532238412,0,True,False
21.428571428571427,21.0,0.980930198998219,0,True,False
21.571428571428573,21.0,0.9813285190700768,0,True,False
21.714285714285715,21.0,0.9817195226322569,0,True,False
21.857142857142858,21.0,0.9821033179265845,0,True,False
22.0,21.0,0.9824800122362032,0,True,False
22.142857142857142,21.0,0.982849711878393,1,True,False
22.285714285714285,21.0,0.9832125221978578,1,True,False
22.428571428571427,21.0,0.9835685475604814,1,True,False
22.571428571428573,21.0,0.9839178913475389,1,True,False
22.714285714285715,21.0,0.9842606559503613,1,True,False
22.857142857142858,21.0,0.9845969427654421,1,True,False
23.0,21.0,0.9849268521899812,1,True,False
23.142857142857142,21.0,0.985250483617856,1,True,False
23.285714285714285,21.0,0.9855679354360145,1,True,False
23.428571428571427,21.0,0.9858793050212818,1,True,False
23.571428571428573,21.0,0.9861846887375713,1,True,False
23.714285714285715,21.0,0.9864841819334951,1,True,False
23.857142857142858,21.0,0.9867778789403641,1,True,False
24.0,21.0,0.9870658730705704,1,True,False
24.142857142857142,21.0,0.987348256616345,1,True,False
24.285714285714285,21.0,0.9876251208488813,0,True,False
24.428571428571427,21.0,0.9878965560178198,0,True,False
24.571428571428573,21.0,0.988162651351081,0,True,False
24.714285714285715,21.0,0.9884234950550449,0,True,False
24.857142857142858,21.0,0.9886791743150641,0,True,False
25.0,21.0,0.9889297752963051,0,True,False
11.0,21.5,0.9193619788804355,0,True,False
11.142857142857142,21.5,0.9206892939609606,0,True,False
11.285714285714286,21.5,0.9219995865757619,0,True,False
11.428571428571429,21.5,0.9232929738583296,0,True,False
11.571428571428571,21.5,0.9245695741844925,0,True,False
11.714285714285714,21.5,0.92582950712484,0,True,False
11.857142857142858,21.5,0.9270728933974131,0,True,False
12.0,21.5,0.9282998548206778,0,True,False
12.142857142857142,21.5,0.9295105142668005,1,True,False
12.285714285714286,21.5,0.9307049956152382,1,True,False
12.428571428571429,21.5,0.9318834237066611,1,True,False
12.571428571428571,21.5,0.933045924297223,1,True,False
12.714285714285714,21.5,0.9341926240131918,1,True,False
12.857142857142858,21.5,0.9353236503059574,1,True,False
13.0,21.5,0.9364391314074291,1,True,False
13.142857142857142,21.5,0.9375391962858348,1,True,False
13.285714285714286,21.5,0.9386239746019394,1,True,False
13.428571428571429,21.5,0.9396935966656892,1,True,False
13.571428571428571,21.5,0.9407481933932995,1,True,False
13.714285714285714,21.5,0.9417878962647944,1,True,False
13.857142857142858,21.5,0.9428128372820104,1,True,False
14.0,21.5,0.943823148927075,1,True,False
14.142857142857142,21.5,0.9448189641213729,1,True,False
14.285714285714286,21.5,0.9458004161850045,0,True,False
14.428571428571429,21.5,0.9467676387967526,0,True,False
14.571428571428571,21.5,0.9477207659545622,0,True,False
14.714285714285714,21.5,0.9486599319365434,0,True,False
14.857142857142858,21.5,0.9495852712625064,0,True,False
15.0,21.5,0.9504969186560359,0,True,False
15.142857142857142,21.5,0.9513950090071128,0,True,False
15.285714285714286,21.5,0.9522796773352894,1,True,False
15.428571428571429,21.5,0.9531510587534255,1,True,False
15.571428571428571,21.5,0.9540092884319935,1,True,False
15.714285714285714,21.5,0.9548545015639531,1,True,False
15.857142857142858,21.5,0.9556868333302082,1,True,False
16.0,21.5,0.9565064188656446,1,True,False
16.142857142857142,21.5,0.957313393225758,1,True,False
16.285714285714285,21.5,0.9581078913538734,1,True,False
16.428571428571427,21.5,0.9588900480489619,1,True,False
16.571428571428573,21.5,0.9596599979340567,1,True,False
16.714285714285715,21.5,0.9604178754252728,1,True,False
16.857142857142858,21.5,0.9611638147014341,1,True,False
17.0,21.5,0.9618979496743059,1,True,False
17.142857142857142,21.5,0.962620413959441,1,True,False
17.285714285714285,21.5,0.9633313408476365,1,True,False
17.428571428571427,21.5,0.9640308632770044,0,True,False
17.571428571428573,21.5,0.9647191138056566,0,True,False
17.714285714285715,21.5,0.9653962245850056,0,True,False
17.857142857142858,21.5,0.966062327333681,0,True,False
18.0,21.5,0.96671755331206,0,True,False
18.142857142857142,21.5,0.9673620332974155,0,True,False
18.285714285714285,21.5,0.9679958975596769,1,True,False
18.428571428571427,21.5,0.9686192758378049,1,True,False
18.571428571428573,21.5,0.9692322973167797,1,True,False
18.714285714285715,21.5,0.9698350906051993,1,True,False
18.857142857142858,21.5,0.9704277837134865,1,True,False
19.0,21.5,0.9710105040327035,1,True,False
19.142857142857142,21.5,0.9715833783139707,1,True,False
19.285714285714285,21.5,0.9721465326484876,1,True,False
19.428571428571427,21.5,0.9727000924481517,1,True,False
19.571428571428573,21.5,0.9732441824267754,1,True,False
19.714285714285715,21.5,0.9737789265818921,1,True,False
19.857142857142858,21.5,0.9743044481771541,1,True,False
20.0,21.5,0.9748208697253129,1,True,False
20.142857142857142,21.5,0.9753283129717814,1,True,False
20.285714285714285,21.5,0.9758268988787719,1,True,False
20.428571428571427,21.5,0.9763167476100073,0,True,False
20.571428571428573,21.5,0.9767979785159957,0,True,False
20.714285714285715,21.5,0.9772707101198718,0,True,False
20.857142857142858,21.5,0.9777350601037904,0,True,False
21.0,21.5,0.9781911452958763,0,True,False
21.142857142857142,21.5,0.9786390816577152,0,True,False
21.285714285714285,21.5,0.9790789842723889,0,True,False
21.428571428571427,21.5,0.9795109673330428,0,True,False
21.571428571428573,21.5,0.9799351441319822,0,True,False
21.714285714285715,21.5,0.9803516270502917,0,True,False
21.857142857142858,21.5,0.9807605275479694,0,True,False
22.0,21.5,0.9811619561545715,0,True,False
22.142857142857142,21.5,0.9815560224603598,1,True,False
22.285714285714285,21.5,0.9819428351079447,1,True,False
22.428571428571427,21.5,0.9823225017844187,1,True,False
22.571428571428573,21.5,0.9826951292139723,1,True,False
22.714285714285715,21.5,0.9830608231509844,1,True,False
22.857142857142858,21.5,0.9834196883735832,1,True,False
23.0,21.5,0.9837718286776658,1,True,False
23.142857142857142,21.5,0.9841173468713744,1,True,False
23.285714285714285,21.5,0.9844563447700174,1,True,False
23.428571428571427,21.5,0.9847889231914299,1,True,False
23.571428571428573,21.5,0.9851151819517668,1,True,False
23.714285714285715,21.5,0.9854352198617194,1,True,False
23.857142857142858,21.5,0.9857491347231491,1,True,False
24.0,21.5,0.9860570233261279,1,True,False
24.142857142857142,21.5,0.9863589814463847,1,True,False
24.285714285714285,21.5,0.9866551038431397,0,True,False
24.428571428571427,21.5,0.986945484257329,0,True,False
24.571428571428573,21.5,0.9872302154102044,0,True,False
24.714285714285715,21.5,0.9875093890023047,0,True,False
24.857142857142858,21.5,0.9877830957127889,0,True,False
25.0,21.5,0.9880514251991237,0,True,False
11.0,22.0,0.9146917494384392,0,True,False
11.142857142857142,22.0,0.9160781559421581,0,True,False
11.285714285714286,22.0,0.9174471493817901,0,True,False
11.428571428571429,22.0,0.9187988422785627,0,True,False
11.571428571428571,22.0,0.9201333485605598,0,True,False
11.714285714285714,22.0,0.9214507835143609,0,True,False
11.857142857142858,22.0,0.9227512637368895,0,True,False
12.0,22.0,0.9240349070874849,0,True,False
12.142857142857142,22.0,0.9253018326402188,1,True,False
12.285714285714286,22.0,0.92655216063647,1,True,False
12.428571428571429,22.0,0.9277860124377768,1,True,False
12.571428571428571,22.0,0.9290035104789856,1,True,False
12.714285714285714,22.0,0.9302047782217033,1,True,False
12.857142857142858,22.0,0.9313899401080821,1,True,False
13.0,22.0,0.9325591215149394,1,True,False
13.142857142857142,22.0,0.9337124487082356,1,True,False
13.285714285714286,22.0,0.9348500487979223,1,True,False
13.428571428571429,22.0,0.9359720496931733,1,True,False
13.571428571428571,22.0,0.9370785800580144,1,True,False
13.714285714285714,22.0,0.938169769267363,1,True,False
13.857142857142858,22.0,0.9392457473634922,1,True,False
14.0,22.0,0.9403066450129313,1,True,False
14.142857142857142,22.0,0.9413525934638126,1,True,False
14.285714285714286,22.0,0.9423837245036801,0,True,False
14.428571428571429,22.0,0.9434001704177668,0,True,False
14.571428571428571,22.0,0.9444020639477535,0,True,False
14.714285714285714,22.0,0.9453895382510211,0,True,False
14.857142857142858,22.0,0.9463627268604007,0,True,False
15.0,22.0,0.9473217636444372,0,True,False
15.142857142857142,22.0,0.9482667827681722,0,True,False
15.285714285714286,22.0,0.9491979186544525,1,True,False
15.428571428571429,22.0,0.9501153059457785,1,True,False
15.571428571428571,22.0,0.9510190794666937,1,True,False
15.714285714285714,22.0,0.9519093741867269,1,True,False
15.857142857142858,22.0,0.952786325183892,1,True,False
16.0,22.0,0.953650067608752,1,True,False
16.142857142857142,22.0,0.9545007366490552,1,True,False
16.285714285714285,22.0,0.955338467494945,1,True,False
16.428571428571427,22.0,0.9561633953047539,1,True,False
16.571428571428573,22.0,0.9569756551713829,1,True,False
16.714285714285715,22.0,0.9577753820892709,1,True,False
16.857142857142858,22.0,0.9585627109219604,1,True,False
17.0,22.0,0.9593377763702612,1,True,False
17.142857142857142,22.0,0.960100712941016,1,True,False
17.285714285714285,22.0,0.9608516549164712,1,True,False
17.428571428571427,22.0,0.9615907363242556,0,True,False
17.571428571428573,22.0,0.962318090907968,0,True,False
17.714285714285715,22.0,0.9630338520983761,0,True,False
17.857142857142858,22.0,0.9637381529852302,0,True,False
18.0,22.0,0.9644311262896891,0,True,False
18.142857142857142,22.0,0.9651129043373621,0,True,False
18.285714285714285,22.0,0.9657836190319666,1,True,False
18.428571428571427,22.0,0.9664434018296006,1,True,False
18.571428571428573,22.0,0.9670923837136305,1,True,False
18.714285714285715,22.0,0.9677306951701953,1,True,False
18.857142857142858,22.0,0.968358466164323,1,True,False
19.0,22.0,0.9689758261166617,1,True,False
19.142857142857142,22.0,0.9695829038808197,1,True,False
19.285714285714285,22.0,0.9701798277213196,1,True,False
19.428571428571427,22.0,0.9707667252921555,1,True,False
19.571428571428573,22.0,0.9713437236159588,1,True,False
19.714285714285715,22.0,0.971910949063767,1,True,False
19.857142857142858,22.0,0.9724685273353906,1,True,False
20.0,22.0,0.9730165834403797,1,True,False
20.142857142857142,22.0,0.9735552416795821,1,True,False
20.285714285714285,22.0,0.9740846256272933,1,True,False
20.428571428571427,22.0,0.9746048581139923,0,True,False
20.571428571428573,22.0,0.9751160612096603,0,True,False
20.714285714285715,22.0,0.9756183562076763,0,True,False
20.857142857142858,22.0,0.9761118636092879,0,True,False
21.0,22.0,0.9765967031086503,0,True,False
21.142857142857142,22.0,0.9770729935784296,0,True,False
21.285714285714285,22.0,0.977540853055965,0,True,False
21.428571428571427,22.0,0.9780003987299853,0,True,False
21.571428571428573,22.0,0.9784517469278728,0,True,False
21.714285714285715,22.0,0.9788950131034713,0,True,False
21.857142857142858,22.0,0.9793303118254291,0,True,False
22.0,22.0,0.9797577567660747,0,True,False
22.142857142857142,22.0,0.9801774606908176,1,True,False
22.285714285714285,22.0,0.9805895354480652,1,True,False
22.428571428571427,22.0,0.9809940919596548,1,True,False
22.571428571428573,22.0,0.9813912402117906,1,True,False
22.714285714285715,22.0,0.9817810892464779,1,True,False
22.857142857142858,22.0,0.982163747153453,1,True,False
23.0,22.0,0.9825393210625959,1,True,False
23.142857142857142,22.0,0.982907917136822,1,True,False
23.285714285714285,22.0,0.9832696405654475,1,True,False
23.428571428571427,22.0,0.9836245955580151,1,True,False
23.571428571428573,22.0,0.9839728853385805,1,True,False
23.714285714285715,22.0,0.9843146121404469,1,True,False
23.857142857142858,22.0,0.9846498772013415,1,True,False
24.0,22.0,0.984978780759028,1,True,False
24.142857142857142,22.0,0.9853014220473459,1,True,False
24.285714285714285,22.0,0.9856178992926695,0,True,False
24.428571428571427,22.0,0.9859283097107792,0,True,False
24.571428571428573,22.0,0.986232749504137,0,True,False
24.714285714285715,22.0,0.9865313138595593,0,True,False
24.857142857142858,22.0,0.9868240969462787,0,True,False
25.0,22.0,0.9871111919143862,0,True,False
11.0,22.5,0.9098165164493737,0,True,False
11.142857142857142,22.5,0.9112633132553638,0,True,False
11.285714285714286,22.5,0.9126923234278214,0,True,False
11.428571428571429,22.5,0.9141036543079261,0,True,False
11.571428571428571,22.5,0.9154974148104356,0,True,False
11.714285714285714,22.5,0.9168737153747587,0,True,False
11.857142857142858,22.5,0.9182326679161712,0,True,False
12.0,22.5,0.9195743857771934,0,True,False
12.142857142857142,22.5,0.9208989836791487,1,True,False
12.285714285714286,22.5,0.9222065776739223,1,True,False
12.428571428571429,22.5,0.9234972850959362,1,True,False
12.571428571428571,22.5,0.9247712245143611,1,True,False
12.714285714285714,22.5,0.9260285156855799,1,True,False
12.857142857142858,22.5,0.927269279505923,1,True,False
13.0,22.5,0.928493637964688,1,True,False
13.142857142857142,22.5,0.9297017140974643,1,True,False
13.285714285714286,22.5,0.9308936319397755,1,True,False
13.428571428571429,22.5,0.9320695164810568,1,True,False
13.571428571428571,22.5,0.9332294936189804,1,True,False
13.714285714285714,22.5,0.9343736901141462,1,True,False
13.857142857142858,22.5,0.9355022335451504,1,True,False
14.0,22.5,0.9366152522640457,1,True,False
14.142857142857142,22.5,0.9377128753522075,1,True,False
14.285714285714286,22.5,0.9387952325766176,0,True,False
14.428571428571429,22.5,0.9398624543465798,0,True,False
14.571428571428571,22.5,0.9409146716708778,0,True,False
14.714285714285714,22.5,0.941952016115388,0,True,False
14.857142857142858,22.5,0.9429746197611593,0,True,False
15.0,22.5,0.9439826151629667,0,True,False
15.142857142857142,22.5,0.9449761353083568,0,True,False
15.285714285714286,22.5,0.9459553135771855,1,True,False
15.428571428571429,22.5,0.9469202837016666,1,True,False
15.571428571428571,22.5,0.9478711797269334,1,True,False
15.714285714285714,22.5,0.9488081359721265,1,True,False
15.857142857142858,22.5,0.9497312869920139,1,True,False
16.0,22.5,0.9506407675391519,1,True,False
16.142857142857142,22.5,0.9515367125265943,1,True,False
16.285714285714285,22.5,0.9524192569911566,1,True,False
16.428571428571427,22.5,0.9532885360572431,1,True,False
16.571428571428573,22.5,0.9541446849012399,1,True,False
16.714285714285715,22.5,0.9549878387164852,1,True,False
16.857142857142858,22.5,0.9558181326788152,1,True,False
17.0,22.5,0.9566357019126979,1,True,False
17.142857142857142,22.5,0.9574406814579532,1,True,False
17.285714285714285,22.5,0.9582332062370681,1,True,False
17.428571428571427,22.5,0.9590134110231081,0,True,False
17.571428571428573,22.5,0.9597814304082295,0,True,False
17.714285714285715,22.5,0.960537398772796,0,True,False
17.857142857142858,22.5,0.9612814502551004,0,True,False
18.0,22.5,0.9620137187216966,0,True,False
18.142857142857142,22.5,0.9627343377383415,0,True,False
18.285714285714285,22.5,0.96344344054155,1,True,False
18.428571428571427,22.5,0.9641411600107626,1,True,False
18.571428571428573,22.5,0.9648276286411295,1,True,False
18.714285714285715,22.5,0.9655029785169087,1,True,False
18.857142857142858,22.5,0.9661673412854797,1,True,False
19.0,22.5,0.9668208481319737,1,True,False
19.142857142857142,22.5,0.9674636297545176,1,True,False
19.285714285714285,22.5,0.9680958163400939,1,True,False
19.428571428571427,22.5,0.9687175375410128,1,True,False
19.571428571428573,22.5,0.9693289224519976,1,True,False
19.714285714285715,22.5,0.9699300995878796,1,True,False
19.857142857142858,22.5,0.9705211968619027,1,True,False
20.0,22.5,0.9711023415646338,1,True,False
20.142857142857142,22.5,0.971673660343478,1,True,False
20.285714285714285,22.5,0.9722352791827948,1,True,False
20.428571428571427,22.5,0.9727873233846122,0,True,False
20.571428571428573,22.5,0.9733299175499373,0,True,False
20.714285714285715,22.5,0.9738631855606577,0,True,False
20.857142857142858,22.5,0.9743872505620318,0,True,False
21.0,22.5,0.9749022349457622,0,True,False
21.142857142857142,22.5,0.9754082603336496,0,True,False
21.285714285714285,22.5,0.9759054475618228,0,True,False
21.428571428571427,22.5,0.9763939166655391,0,True,False
21.571428571428573,22.5,0.9768737868645504,0,True,False
21.714285714285715,22.5,0.9773451765490322,0,True,False
21.857142857142858,22.5,0.9778082032660664,0,True,False
22.0,22.5,0.9782629837066773,0,True,False
22.142857142857142,22.5,0.9787096336934096,1,True,False
22.285714285714285,22.5,0.9791482681684492,1,True,False
22.428571428571427,22.5,0.9795790011822745,1,True,False
22.571428571428573,22.5,0.9800019458828372,1,True,False
22.714285714285715,22.5,0.980417214505263,1,True,False
22.857142857142858,22.5,0.9808249183620689,1,True,False
23.0,22.5,0.981225167833887,1,True,False
23.142857142857142,22.5,0.9816180723606918,1,True,False
23.285714285714285,22.5,0.9820037404335219,1,True,False
23.428571428571427,22.5,0.9823822795866908,1,True,False
23.571428571428573,22.5,0.9827537963904781,1,True,False
23.714285714285715,22.5,0.9831183964442962,1,True,False
23.857142857142858,22.5,0.9834761843703239,1,True,False
24.0,22.5,0.9838272638075997,1,True,False
24.142857142857142,22.5,0.9841717374065693,1,True,False
24.285714285714285,22.5,0.9845097068240762,0,True,False
24.428571428571427,22.5,0.9848412727187934,0,True,False
24.571428571428573,22.5,0.9851665347470826,0,True,False
24.714285714285715,22.5,0.9854855915592786,0,True,False
24.857142857142858,22.5,0.9857985407963876,0,True,False
25.0,22.5,0.9861054790871946,0,True,False
11.0,23.0,0.9047319737373679,0,True,False
11.142857142857142,23.0,0.906240397161099,0,True,False
11.285714285714286,23.0,0.9077306793664583,0,True,False
11.428571428571429,23.0,0.9092029219409401,0,True,False
11.571428571428571,23.0,0.9106572282137738,0,True,False
11.714285714285714,23.0,0.91209370320666,0,True,False
11.857142857142858,23.0,0.9135124535845799,0,True,False
12.0,23.0,0.9149135876067009,0,True,False
12.142857142857142,23.0,0.9162972150773943,0,True,False
12.285714285714286,23.0,0.9176634472973897,0,True,False
12.428571428571429,23.0,0.9190123970150816,0,True,False
12.571428571428571,23.0,0.9203441783780111,0,True,False
12.714285714285714,23.0,0.9216589068845357,0,True,False
12.857142857142858,23.0,0.9229566993357134,0,True,False
13.0,23.0,0.9242376737874121,0,True,False
13.142857142857142,23.0,0.9255019495026644,0,True,False
13.285714285714286,23.0,0.9267496469042881,0,True,False
13.428571428571429,23.0,0.9279808875277828,0,True,False
13.571428571428571,23.0,0.9291957939745258,0,True,False
13.714285714285714,23.0,0.930394489865278,0,True,False
13.857142857142858,23.0,0.9315770997940187,0,True,False
14.0,23.0,0.9327437492821233,0,True,False
14.142857142857142,23.0,0.9338945647328987,0,True,False
14.285714285714286,23.0,0.9350296733864902,0,True,False
14.428571428571429,23.0,0.9361492032751774,0,True,False
14.571428571428571,23.0,0.9372532831790661,0,True,False
14.714285714285714,23.0,0.9383420425821959,0,True,False
14.857142857142858,23.0,0.9394156116290732,0,True,False
15.0,23.0,0.9404741210816403,0,True,False
15.142857142857142,23.0,0.9415177022766973,0,True,False
15.285714285714286,23.0,0.9425464870837824,0,True,False
15.428571428571429,23.0,0.9435606078635264,0,True,False
15.571428571428571,23.0,0.9445601974264897,0,True,False
15.714285714285714,23.0,0.9455453889924916,0,True,False
15.857142857142858,23.0,0.9465163161504434,0,True,False
16.0,23.0,0.9474731128186928,0,True,False
16.142857142857142,23.0,0.9484159132058901,0,True,False
16.285714285714285,23.0,0.9493448517723831,0,True,False
16.428571428571427,23.0,0.9502600631921492,0,True,False
16.571428571428573,23.0,0.9511616823152742,0,True,False
16.714285714285715,23.0,0.9520498441309817,0,True,False
16.857142857142858,23.0,0.9529246837312231,0,True,False
17.0,23.0,0.9537863362748319,0,True,False
17.142857142857142,23.0,0.9546349369522502,0,True,False
17.285714285714285,23.0,0.9554706209508324,0,True,False
17.428571428571427,23.0,0.9562935234207308,0,True,False
17.571428571428573,23.0,0.9571037794413697,0,True,False
17.714285714285715,23.0,0.9579015239885085,0,True,False
17.857142857142858,23.0,0.9586868919019034,0,True,False
18.0,23.0,0.9594600178535653,0,True,False
18.142857142857142,23.0,0.9602210363166233,0,True,False
18.285714285714285,23.0,0.9609700815347901,0,True,False
18.428571428571427,23.0,0.9617072874924396,0,True,False
18.571428571428573,23.0,0.9624327878852894,0,True,False
18.714285714285715,23.0,0.9631467160916997,0,True,False
18.857142857142858,23.0,0.9638492051445825,0,True,False
19.0,23.0,0.9645403877039269,0,True,False
19.142857142857142,23.0,0.9652203960299384,0,True,False
19.285714285714285,23.0,0.9658893619567943,0,True,False
19.428571428571427,23.0,0.9665474168670143,0,True,False
19.571428571428573,23.0,0.9671946916664467,0,True,False
19.714285714285715,23.0,0.9678313167598698,0,True,False
19.857142857142858,23.0,0.968457422027206,0,True,False
20.0,23.0,0.9690731368003509,0,True,False
20.142857142857142,23.0,0.96967858984061,0,True,False
20.285714285714285,23.0,0.9702739093167498,0,True,False
20.428571428571427,23.0,0.9708592227836516,0,True,False
20.571428571428573,23.0,0.9714346571615737,0,True,False
20.714285714285715,23.0,0.9720003387160157,0,True,False
20.857142857142858,23.0,0.9725563930381803,0,True,False
21.0,23.0,0.9731029450260352,0,True,False
21.142857142857142,23.0,0.9736401188659656,0,True,False
21.285714285714285,23.0,0.9741680380150166,0,True,False
21.428571428571427,23.0,0.9746868251837238,0,True,False
21.571428571428573,23.0,0.9751966023195222,0,True,False
21.714285714285715,23.0,0.9756974905907354,0,True,False
21.857142857142858,23.0,0.9761896103711357,0,True,False
22.0,23.0,0.9766730812250747,0,True,False
22.142857142857142,23.0,0.9771480218931742,0,True,False
22.285714285714285,23.0,0.9776145502785788,0,True,False
22.428571428571427,23.0,0.9780727834337584,0,True,False
22.571428571428573,23.0,0.9785228375478598,0,True,False
22.714285714285715,23.0,0.9789648279346002,0,True,False
22.857142857142858,23.0,0.9793988690206953,0,True,False
23.0,23.0,0.9798250743348192,0,True,False
23.142857142857142,23.0,0.9802435564970873,0,True,False
23.285714285714285,23.0,0.9806544272090558,0,True,False
23.428571428571427,23.0,0.9810577972442353,0,True,False
23.571428571428573,23.0,0.9814537764391054,0,True,False
23.714285714285715,23.0,0.9818424736846312,0,True,False
23.857142857142858,23.0,0.9822239969182673,0,True,False
24.0,23.0,0.9825984531164496,0,True,False
24.142857142857142,23.0,0.9829659482875621,0,True,False
24.285714285714285,23.0,0.9833265874653756,0,True,False
24.428571428571427,23.0,0.9836804747029478,0,True,False
24.571428571428573,23.0,0.9840277130669814,0,True,False
24.714285714285715,23.0,0.9843684046326295,0,True,False
24.857142857142858,23.0,0.9847026504787416,0,True,False
25.0,23.0,0.9850305506835456,0,True,False
11.0,23.5,0.899434043967493,0,True,False
11.142857142857142,23.5,0.9010052610381263,0,True,False
11.285714285714286,23.5,0.9025580032598547,0,True,False
11.428571428571429,23.5,0.9040923658897341,0,True,False
11.571428571428571,23.5,0.9056084460953311,0,True,False
11.714285714285714,23.5,0.907106342905365,0,True,False
11.857142857142858,23.5,0.908586157160352,0,True,False
12.0,23.5,0.9100479914632716,0,True,False
12.142857142857142,23.5,0.9114919501302786,0,True,False
12.285714285714286,23.5,0.9129181391414778,0,True,False
12.428571428571429,23.5,0.9143266660917884,0,True,False
12.571428571428571,23.5,0.9157176401419103,0,True,False
12.714285714285714,23.5,0.9170911719694204,0,True,False
12.857142857142858,23.5,0.918447373720012,0,True,False
13.0,23.5,0.9197863589588999,0,True,False
13.142857142857142,23.5,0.9211082426224109,0,True,False
13.285714285714286,23.5,0.9224131409697728,0,True,False
13.428571428571429,23.5,0.9237011715351293,0,True,False
13.571428571428571,23.5,0.9249724530797885,0,True,False
13.714285714285714,23.5,0.9262271055447298,0,True,False
13.857142857142858,23.5,0.927465250003382,0,True,False
14.0,23.5,0.9286870086146921,0,True,False
14.142857142857142,23.5,0.9298925045764983,0,True,False
14.285714285714286,23.5,0.9310818620792252,0,True,False
14.428571428571429,23.5,0.932255206259915,0,True,False
14.571428571428571,23.5,0.9334126631566106,0,True,False
14.714285714285714,23.5,0.9345543596631058,0,True,False
14.857142857142858,23.5,0.9356804234840748,0,True,False
15.0,23.5,0.9367909830905959,0,True,False
15.142857142857142,23.5,0.9378861676760837,0,True,False
15.285714285714286,23.5,0.9389661071126407,0,True,False
15.428571428571429,23.5,0.9400309319078428,0,True,False
15.571428571428571,23.5,0.9410807731619683,0,True,False
15.714285714285714,23.5,0.9421157625256842,0,True,False
15.857142857142858,23.5,0.9431360321582007,0,True,False
16.0,23.5,0.9441417146859041,0,True,False
16.142857142857142,23.5,0.9451329431614769,0,True,False
16.285714285714285,23.5,0.946109851023519,0,True,False
16.428571428571427,23.5,0.9470725720566753,0,True,False
16.571428571428573,23.5,0.9480212403522823,0,True,False
16.714285714285715,23.5,0.9489559902695386,0,True,False
16.857142857142858,23.5,0.9498769563972114,0,True,False
17.0,23.5,0.9507842735158833,0,True,False
17.142857142857142,23.5,0.9516780765607509,0,True,False
17.285714285714285,23.5,0.9525585005849768,0,True,False
17.428571428571427,23.5,0.9534256807236066,0,True,False
17.571428571428573,23.5,0.954279752158054,0,True,False
17.714285714285715,23.5,0.9551208500811619,0,True,False
17.857142857142858,23.5,0.9559491096628414,0,True,False
18.0,23.5,0.9567646660162992,0,True,False
18.142857142857142,23.5,0.9575676541648515,0,True,False
18.285714285714285,23.5,0.958358209009334,0,True,False
18.428571428571427,23.5,0.9591364652961096,0,True,False
18.571428571428573,23.5,0.9599025575856752,0,True,False
18.714285714285715,23.5,0.9606566202218754,0,True,False
18.857142857142858,23.5,0.9613987873017211,0,True,False
19.0,23.5,0.9621291926458182,0,True,False
19.142857142857142,23.5,0.9628479697694071,0,True,False
19.285714285714285,23.5,0.9635552518540154,0,True,False
19.428571428571427,23.5,0.964251171719723,0,True,False
19.571428571428573,23.5,0.9649358617980442,0,True,False
19.714285714285715,23.5,0.9656094541054241,0,True,False
19.857142857142858,23.5,0.9662720802173499,0,True,False
20.0,23.5,0.9669238712430788,0,True,False
20.142857142857142,23.5,0.9675649578009806,0,True,False
20.285714285714285,23.5,0.9681954699944946,0,True,False
20.428571428571427,23.5,0.9688155373887005,0,True,False
20.571428571428573,23.5,0.969425288987499,0,True,False
20.714285714285715,23.5,0.9700248532114054,0,True,False
20.857142857142858,23.5,0.9706143578759505,0,True,False
21.0,23.5,0.9711939301706871,0,True,False
21.142857142857142,23.5,0.9717636966388012,0,True,False
21.285714285714285,23.5,0.9723237831573234,0,True,False
21.428571428571427,23.5,0.9728743149179386,0,True,False
21.571428571428573,23.5,0.9734154164083906,0,True,False
21.714285714285715,23.5,0.9739472113944776,0,True,False
21.857142857142858,23.5,0.9744698229026351,0,True,False
22.0,23.5,0.9749833732031026,0,True,False
22.142857142857142,23.5,0.9754879837936694,0,True,False
22.285714285714285,23.5,0.9759837753839954,0,True,False
22.428571428571427,23.5,0.9764708678805017,0,True,False
22.571428571428573,23.5,0.9769493803718278,0,True,False
22.714285714285715,23.5,0.9774194311148472,0,True,False
22.857142857142858,23.5,0.9778811375212408,0,True,False
23.0,23.5,0.9783346161446174,0,True,False
23.142857142857142,23.5,0.9787799826681802,0,True,False
23.285714285714285,23.5,0.9792173518929312,0,True,False
23.428571428571427,23.5,0.979646837726408,0,True,False
23.571428571428573,23.5,0.9800685531719475,0,True,False
23.714285714285715,23.5,0.9804826103184694,0,True,False
23.857142857142858,23.5,0.980889120330774,0,True,False
24.0,23.5,0.9812881934403472,0,True,False
24.142857142857142,23.5,0.9816799389366665,0,True,False
24.285714285714285,23.5,0.9820644651590016,0,True,False
24.428571428571427,23.5,0.9824418794887015,0,True,False
24.571428571428573,23.5,0.9828122883419619,0,True,False
24.714285714285715,23.5,0.9831757971630675,0,True,False
24.857142857142858,23.5,0.9835325104180981,0,True,False
25.0,23.5,0.9838825315890956,0,True,False
11.0,24.0,0.8939189017077307,0,True,False
11.142857142857142,24.0,0.8955540034188104,0,True,False
11.285714285714286,24.0,0.8971703195787641,0,True,False
11.428571428571429,24.0,0.8987679385372311,0,True,False
11.571428571428571,24.0,0.9003469507228955,0,True,False
11.714285714285714,24.0,0.9019074485942897,0,True,False
11.857142857142858,24.0,0.9034495265905254,0,True,False
12.0,24.0,0.9049732810819697,0,True,False
12.142857142857142,24.0,0.9064788103208958,0,True,False
12.285714285714286,24.0,0.9079662143921213,0,True,False
12.428571428571429,24.0,0.9094355951636643,0,True,False
12.571428571428571,24.0,0.9108870562374323,0,True,False
12.714285714285714,24.0,0.9123207028999691,0,True,False
12.857142857142858,24.0,0.9137366420732788,0,True,False
13.0,24.0,0.9151349822657459,0,True,False
13.142857142857142,24.0,0.9165158335231759,0,True,False
13.285714285714286,24.0,0.9178793073799711,0,True,False
13.428571428571429,24.0,0.9192255168104644,0,True,False
13.571428571428571,24.0,0.9205545761804286,0,True,False
13.714285714285714,24.0,0.921866601198781,0,True,False
13.857142857142858,24.0,0.923161708869501,0,True,False
14.0,24.0,0.9244400174437768,0,True,False
14.142857142857142,24.0,0.925701646372403,0,True,False
14.285714285714286,24.0,0.9269467162584422,0,True,False
14.428571428571429,24.0,0.9281753488101697,0,True,False
14.571428571428571,24.0,0.9293876667943164,0,True,False
14.714285714285714,24.0,0.9305837939896267,0,True,False
14.857142857142858,24.0,0.9317638551407469,0,True,False
15.0,24.0,0.9329279759124582,0,True,False
15.142857142857142,24.0,0.934076282844271,0,True,False
15.285714285714286,24.0,0.9352089033053932,0,True,False
15.428571428571429,24.0,0.9363259654500864,0,True,False
15.571428571428571,24.0,0.9374275981734248,0,True,False
15.714285714285714,24.0,0.9385139310674695,0,True,False
15.857142857142858,24.0,0.9395850943778694,0,True,False
16.0,24.0,0.9406412189609017,0,True,False
16.142857142857142,24.0,0.9416824362409664,0,True,False
16.285714285714285,24.0,0.9427088781685413,0,True,False
16.428571428571427,24.0,0.9437206771786126,0,True,False
16.571428571428573,24.0,0.9447179661495889,0,True,False
16.714285714285715,24.0,0.9457008783627114,0,True,False
16.857142857142858,24.0,0.9466695474619664,0,True,False
17.0,24.0,0.947624107414513,0,True,False
17.142857142857142,24.0,0.9485646924716324,0,True,False
17.285714285714285,24.0,0.9494914371302086,0,True,False
17.428571428571427,24.0,0.9504044760947454,0,True,False
17.571428571428573,24.0,0.9513039442399348,0,True,False
17.714285714285715,24.0,0.9521899765737727,0,True,False
17.857142857142858,24.0,0.9530627082012398,0,True,False
18.0,24.0,0.9539222742885458,0,True,False
18.142857142857142,24.0,0.9547688100279486,0,True,False
18.285714285714285,24.0,0.9556024506031486,0,True,False
18.428571428571427,24.0,0.9564233311552692,0,True,False
18.571428571428573,24.0,0.957231586749423,0,True,False
18.714285714285715,24.0,0.9580273523418712,0,True,False
18.857142857142858,24.0,0.9588107627477789,0,True,False
19.0,24.0,0.95958195260957,0,True,False
19.142857142857142,24.0,0.9603410563658858,0,True,False
19.285714285714285,24.0,0.961088208221148,0,True,False
19.428571428571427,24.0,0.9618235421157318,0,True,False
19.571428571428573,24.0,0.9625471916967474,0,True,False
19.714285714285715,24.0,0.9632592902894354,0,True,False
19.857142857142858,24.0,0.9639599708691737,0,True,False
20.0,24.0,0.9646493660341013,0,True,False
20.142857142857142,24.0,0.9653276079783547,0,True,False
20.285714285714285,24.0,0.9659948284659219,0,True,False
20.428571428571427,24.0,0.9666511588051105,0,True,False
20.571428571428573,24.0,0.9672967298236329,0,True,False
20.714285714285715,24.0,0.9679316718443041,0,True,False
20.857142857142858,24.0,0.9685561146613539,0,True,False
21.0,24.0,0.9691701875173534,0,True,False
21.142857142857142,24.0,0.9697740190807498,0,True,False
21.285714285714285,24.0,0.9703677374240123,0,True,False
21.428571428571427,24.0,0.9709514700023839,0,True,False
21.571428571428573,24.0,0.9715253436332405,0,True,False
21.714285714285715,24.0,0.9720894844760479,0,True,False
21.857142857142858,24.0,0.9726440180129219,0,True,False
22.0,24.0,0.9731890690297829,0,True,False
22.142857142857142,24.0,0.9737247615981031,0,True,False
22.285714285714285,24.0,0.974251219057243,0,True,False
22.428571428571427,24.0,0.9747685639973738,0,True,False
22.571428571428573,24.0,0.9752769182429795,0,True,False
22.714285714285715,24.0,0.9757764028369361,0,True,False
22.857142857142858,24.0,0.9762671380251651,0,True,False
23.0,24.0,0.9767492432418508,0,True,False
23.142857142857142,24.0,0.9772228370952236,0,True,False
23.285714285714285,24.0,0.9776880373538982,0,True,False
23.428571428571427,24.0,0.9781449609337657,0,True,False
23.571428571428573,24.0,0.9785937238854305,0,True,False
23.714285714285715,24.0,0.9790344413821903,0,True,False
23.857142857142858,24.0,0.9794672277085488,0,True,False
24.0,24.0,0.9798921962492584,0,True,False
24.142857142857142,24.0,0.9803094594788875,0,True,False
24.285714285714285,24.0,0.9807191289519013,0,True,False
24.428571428571427,24.0,0.9811213152932546,0,True,False
24.571428571428573,24.0,0.9815161281894895,0,True,False
24.714285714285715,24.0,0.9819036763803265,0,True,False
24.857142857142858,24.0,0.9822840676507496,0,True,False
25.0,24.0,0.9826574088235722,0,True,False
11.0,24.5,0.8881829965065673,0,True,False
11.142857142857142,24.5,0.8898829910744107,0,True,False
11.285714285714286,24.5,0.8915639142853281,0,True,False
11.428571428571429,24.5,0.8932258470073707,0,True,False
11.571428571428571,24.5,0.894868872355027,0,True,False
11.714285714285714,24.5,0.8964930756404547,0,True,False
11.857142857142858,24.5,0.898098544324561,0,True,False
12.0,24.5,0.8996853679679531,0,True,False
12.142857142857142,24.5,0.9012536381817786,0,True,False
12.285714285714286,24.5,0.9028034485784866,0,True,False
12.428571428571429,24.5,0.9043348947225226,0,True,False
12.571428571428571,24.5,0.9058480740809883,0,True,False
12.714285714285714,24.5,0.9073430859742813,0,True,False
12.857142857142858,24.5,0.9088200315267414,0,True,False
13.0,24.5,0.910279013617324,0,True,False
13.142857142857142,24.5,0.9117201368303194,0,True,False
13.285714285714286,24.5,0.9131435074061413,0,True,False
13.428571428571429,24.5,0.9145492331922049,0,True,False
13.571428571428571,24.5,0.9159374235939147,0,True,False
13.714285714285714,24.5,0.91730818952578,0,True,False
13.857142857142858,24.5,0.91866164336268,0,True,False
14.0,24.5,0.9199978988912985,0,True,False
14.142857142857142,24.5,0.9213170712617426,0,True,False
14.285714285714286,24.5,0.9226192769393686,0,True,False
14.428571428571429,24.5,0.9239046336568317,0,True,False
14.571428571428571,24.5,0.925173260366374,0,True,False
14.714285714285714,24.5,0.9264252771923749,0,True,False
14.857142857142858,24.5,0.9276608053841734,0,True,False
15.0,24.5,0.9288799672691839,0,True,False
15.142857142857142,24.5,0.9300828862063206,0,True,False
15.285714285714286,24.5,0.9312696865397442,0,True,False
15.428571428571429,24.5,0.9324404935529484,0,True,False
15.571428571428571,24.5,0.9335954334232011,0,True,False
15.714285714285714,24.5,0.9347346331763522,0,True,False
15.857142857142858,24.5,0.9358582206420274,0,True,False
16.0,24.5,0.9369663244092142,0,True,False
16.142857142857142,24.5,0.9380590737822609,0,True,False
16.285714285714285,24.5,0.9391365987372959,0,True,False
16.428571428571427,24.5,0.9401990298790834,0,True,False
16.571428571428573,24.5,0.9412464983983237,0,True,False
16.714285714285715,24.5,0.9422791360294152,0,True,False
16.857142857142858,24.5,0.9432970750086815,0,True,False
17.0,24.5,0.9443004480330838,0,True,False
17.142857142857142,24.5,0.9452893882194181,0,True,False
17.285714285714285,24.5,0.9462640290640176,0,True,False
17.428571428571427,24.5,0.9472245044029621,0,True,False
17.571428571428573,24.5,0.9481709483728069,0,True,False
17.714285714285715,24.5,0.9491034953718389,0,True,False
17.857142857142858,24.5,0.9500222800218671,0,True,False
18.0,24.5,0.9509274371305596,0,True,False
18.142857142857142,24.5,0.9518191016543264,0,True,False
18.285714285714285,24.5,0.9526974086617626,0,True,False
18.428571428571427,24.5,0.9535624932976563,0,True,False
18.571428571428573,24.5,0.9544144907475633,0,True,False
18.714285714285715,24.5,0.9552535362029604,0,True,False
18.857142857142858,24.5,0.9560797648269783,0,True,False
19.0,24.5,0.9568933117207215,0,True,False
19.142857142857142,24.5,0.9576943118901771,0,True,False
19.285714285714285,24.5,0.9584829002137192,0,True,False
19.428571428571427,24.5,0.959259211410212,0,True,False
19.571428571428573,24.5,0.9600233800077137,0,True,False
19.714285714285715,24.5,0.9607755403127851,0,True,False
19.857142857142858,24.5,0.961515826380406,0,True,False
20.0,24.5,0.9622443719845006,0,True,False
20.142857142857142,24.5,0.9629613105890749,0,True,False
20.285714285714285,24.5,0.9636667753199658,0,True,False
20.428571428571427,24.5,0.9643608989372063,0,True,False
20.571428571428573,24.5,0.9650438138080034,0,True,False
20.714285714285715,24.5,0.965715651880333,0,True,False
20.857142857142858,24.5,0.9663765446571497,0,True,False
21.0,24.5,0.9670266231712126,0,True,False
21.142857142857142,24.5,0.9676660179605251,0,True,False
21.285714285714285,24.5,0.96829485904439,0,True,False
21.428571428571427,24.5,0.9689132759000777,0,True,False
21.571428571428573,24.5,0.9695213974401042,0,True,False
21.714285714285715,24.5,0.9701193519901217,0,True,False
21.857142857142858,24.5,0.9707072672674157,0,True,False
22.0,24.5,0.9712852703600088,0,True,False
22.142857142857142,24.5,0.971853487706366,0,True,False
22.285714285714285,24.5,0.9724120450757034,0,True,False
22.428571428571427,24.5,0.9729610675488916,0,True,False
22.571428571428573,24.5,0.973500679499955,0,True,False
22.714285714285715,24.5,0.9740310045781607,0,True,False
22.857142857142858,24.5,0.9745521656906956,0,True,False
23.0,24.5,0.9750642849859239,0,True,False
23.142857142857142,24.5,0.9755674838372264,0,True,False
23.285714285714285,24.5,0.976061882827411,0,True,False
23.428571428571427,24.5,0.9765476017336949,0,True,False
23.571428571428573,24.5,0.9770247595132503,0,True,False
23.714285714285715,24.5,0.9774934742893092,0,True,False
23.857142857142858,24.5,0.9779538633378244,0,True,False
24.0,24.5,0.9784060430746774,0,True,False
24.142857142857142,24.5,0.9788501290434306,0,True,False
24.285714285714285,24.5,0.9792862359036171,0,True,False
24.428571428571427,24.5,0.979714477419562,0,True,False
24.571428571428573,24.5,0.9801349664497281,0,True,False
24.714285714285715,24.5,0.9805478149365834,0,True,False
24.857142857142858,24.5,0.9809531338969784,0,True,False
25.0,24.5,0.9813510334130329,0,True,False
11.0,25.0,0.8822230758653336,0,True,False
11.142857142857142,25.0,0.8839888820310009,0,True,False
11.285714285714286,25.0,0.8857353578819351,0,True,False
11.428571428571429,25.0,0.8874625762363872,1,True,False
11.571428571428571,25.0,0.8891706123243623,1,True,False
11.714285714285714,25.0,0.8908595437395574,1,True,False
11.857142857142858,25.0,0.8925294503910648,1,True,False
12.0,25.0,0.8941804144548638,1,True,False
12.142857142857142,25.0,0.8958125203251259,1,True,False
12.285714285714286,25.0,0.8974258545653566,1,True,False
12.428571428571429,25.0,0.8990205058593962,1,True,False
12.571428571428571,25.0,0.9005965649623051,1,True,False
12.714285714285714,25.0,0.9021541246511545,1,True,False
12.857142857142858,25.0,0.9036932796757472,1,True,False
13.0,25.0,0.9052141267092884,1,True,False
13.142857142857142,25.0,0.9067167642990319,1,True,False
13.285714285714286,25.0,0.9082012928169214,1,True,False
13.428571428571429,25.0,0.909667814410249,1,True,False
13.571428571428571,25.0,0.9111164329523527,0,True,False
13.714285714285714,25.0,0.9125472539933739,0,True,False
13.857142857142858,25.0,0.9139603847110953,0,True,False
14.0,25.0,0.9153559338618792,0,True,False
14.142857142857142,25.0,0.9167340117317277,0,True,False
14.285714285714286,25.0,0.9180947300874831,0,True,False
14.428571428571429,25.0,0.9194382021281875,0,True,False
14.571428571428571,25.0,0.9207645424366233,0,True,False
14.714285714285714,25.0,0.9220738669310489,0,True,False
14.857142857142858,25.0,0.9233662928171518,0,True,False
15.0,25.0,0.9246419385402356,0,True,False
15.142857142857142,25.0,0.9259009237376572,0,True,False
15.285714285714286,25.0,0.9271433691915321,0,True,False
15.428571428571429,25.0,0.9283693967817261,1,True,False
15.571428571428571,25.0,0.929579129439148,1,True,False
15.714285714285714,25.0,0.9307726910993571,1,True,False
15.857142857142858,25.0,0.9319502066565069,1,True,False
16.0,25.0,0.9331118019176345,1,True,False
16.142857142857142,25.0,0.9342576035573134,1,True,False
16.285714285714285,25.0,0.9353877390726816,1,True,False
16.428571428571427,25.0,0.936502336738863,1,True,False
16.571428571428573,25.0,0.9376015255647903,1,True,False
16.714285714285715,25.0,0.9386854352494457,1,True,False
16.857142857142858,25.0,0.9397541961385322,1,True,False
17.0,25.0,0.9408079391815853,1,True,False
17.142857142857142,25.0,0.9418467958895405,1,True,False
17.285714285714285,25.0,0.9428708982927612,1,True,False
17.428571428571427,25.0,0.9438803788995479,1,True,False
17.571428571428573,25.0,0.9448753706551302,0,True,False
17.714285714285715,25.0,0.9458560069011545,0,True,False
17.857142857142858,25.0,0.94682242133568,0,True,False
18.0,25.0,0.9477747479736879,0,True,False
18.142857142857142,25.0,0.9487131211081146,0,True,False
18.285714285714285,25.0,0.9496376752714173,0,True,False
18.428571428571427,25.0,0.9505485451976794,0,True,False
18.571428571428573,25.0,0.9514458657852629,0,True,False
18.714285714285715,25.0,0.952329772060017,0,True,False
18.857142857142858,25.0,0.9532003991390455,0,True,False
19.0,25.0,0.9540578821950436,0,True,False
19.142857142857142,25.0,0.9549023564212072,0,True,False
19.285714285714285,25.0,0.9557339569967218,0,True,False
19.428571428571427,25.0,0.9565528190528345,1,True,False
19.571428571428573,25.0,0.9573590776395142,1,True,False
19.714285714285715,25.0,0.958152867692707,1,True,False
19.857142857142858,25.0,0.9589343240021854,1,True,False
20.0,25.0,0.9597035811799997,1,True,False
20.142857142857142,25.0,0.9604607736295325,1,True,False
20.285714285714285,25.0,0.9612060355151584,1,True,False
20.428571428571427,25.0,0.9619395007325144,1,True,False
20.571428571428573,25.0,0.9626613028793782,1,True,False
20.714285714285715,25.0,0.9633715752271618,1,True,False
20.857142857142858,25.0,0.9640704506930154,1,True,False
21.0,25.0,0.9647580618125495,1,True,False
21.142857142857142,25.0,0.9654345407131697,1,True,False
21.285714285714285,25.0,0.9661000190880278,1,True,False
21.428571428571427,25.0,0.9667546281705884,1,True,False
21.571428571428573,25.0,0.9673984987098119,0,True,False
21.714285714285715,25.0,0.9680317609459497,0,True,False
21.857142857142858,25.0,0.9686545445869548,0,True,False
22.0,25.0,0.9692669787855048,0,True,False
22.142857142857142,25.0,0.9698691921166347,0,True,False
22.285714285714285,25.0,0.9704613125559781,0,True,False
22.428571428571427,25.0,0.9710434674586178,0,True,False
22.571428571428573,25.0,0.9716157835385377,0,True,False
22.714285714285715,25.0,0.9721783868486785,0,True,False
22.857142857142858,25.0,0.9727314027615915,0,True,False
23.0,25.0,0.9732749559506871,1,True,False
23.142857142857142,25.0,0.9738091703720777,1,True,False
23.285714285714285,25.0,0.9743341692470061,1,True,False
23.428571428571427,25.0,0.9748500750448611,1,True,False
23.571428571428573,25.0,0.9753570094667721,1,True,False
23.714285714285715,25.0,0.9758550934297797,1,True,False
23.857142857142858,25.0,0.976344447051579,1,True,False
24.0,25.0,0.976825189635828,1,True,False
24.142857142857142,25.0,0.9772974396580184,1,True,False
24.285714285714285,25.0,0.9777613147519038,1,True,False
24.428571428571427,25.0,0.9782169316964777,1,True,False
24.571428571428573,25.0,0.9786644064034983,1,True,False
24.714285714285715,25.0,0.9791038539055523,1,True,False
24.857142857142858,25.0,0.9795353883446531,1,True,False
25.0,25.0,0.9799591229613687,1,True,False
11.0,25.5,0.8760362079794781,0,True,False
11.142857142857142,25.5,0.8778686483915741,0,True,False
11.285714285714286,25.5,0.879681528303137,0,True,False
11.428571428571429,25.5,0.8814749119236217,1,True,False
11.571428571428571,25.5,0.8832488660365174,1,True,False
11.714285714285714,25.5,0.8850034599522745,1,True,False
11.857142857142858,25.5,0.8867387654609129,1,True,False
12.0,25.5,0.8884548567843358,1,True,False
12.142857142857142,25.5,0.890151810528375,1,True,False
12.285714285714286,25.5,0.8918297056345892,1,True,False
12.428571428571429,25.5,0.8934886233318416,1,True,False
12.571428571428571,25.5,0.8951286470876819,1,True,False
12.714285714285714,25.5,0.896749862559552,1,True,False
12.857142857142858,25.5,0.8983523575458453,1,True,False
13.0,25.5,0.8999362219368358,1,True,False
13.142857142857142,25.5,0.9015015476655072,1,True,False
13.285714285714286,25.5,0.9030484286582993,1,True,False
13.428571428571429,25.5,0.9045769607857984,1,True,False
13.571428571428571,25.5,0.9060872418133898,0,True,False
13.714285714285714,25.5,0.9075793713518991,0,True,False
13.857142857142858,25.5,0.909053450808241,0,True,False
14.0,25.5,0.9105095833360972,0,True,False
14.142857142857142,25.5,0.9119478737866475,0,True,False
14.285714285714286,25.5,0.9133684286593694,0,True,False
14.428571428571429,25.5,0.9147713560529336,0,True,False
14.571428571428571,25.5,0.9161567656162091,0,True,False
14.714285714285714,25.5,0.9175247684994033,0,True,False
14.857142857142858,25.5,0.9188754773053518,0,True,False
15.0,25.5,0.9202090060409807,0,True,False
15.142857142857142,25.5,0.9215254700689579,0,True,False
15.285714285714286,25.5,0.9228249860595531,0,True,False
15.428571428571429,25.5,0.9241076719427235,1,True,False
15.571428571428571,25.5,0.925373646860444,1,True,False
15.714285714285714,25.5,0.9266230311192982,1,True,False
15.857142857142858,25.5,0.9278559461433475,1,True,False
16.0,25.5,0.9290725144272943,1,True,False
16.142857142857142,25.5,0.9302728594899565,1,True,False
16.285714285714285,25.5,0.931457105828068,1,True,False
16.428571428571427,25.5,0.9326253788704197,1,True,False
16.571428571428573,25.5,0.9337778049323591,1,True,False
16.714285714285715,25.5,0.9349145111706583,1,True,False
16.857142857142858,25.5,0.9360356255387681,1,True,False
17.0,25.5,0.9371412767424709,1,True,False
17.142857142857142,25.5,0.9382315941959446,1,True,False
17.285714285714285,25.5,0.9393067079782504,1,True,False
17.428571428571427,25.5,0.9403667487902589,1,True,False
17.571428571428573,25.5,0.9414118479120233,0,True,False
17.714285714285715,25.5,0.9424421371606136,0,True,False
17.857142857142858,25.5,0.9434577488484223,0,True,False
18.0,25.5,0.9444588157419502,0,True,False
18.142857142857142,25.5,0.9454454710210871,0,True,False
18.285714285714285,25.5,0.9464178482388912,0,True,False
18.428571428571427,25.5,0.947376081281882,0,True,False
18.571428571428573,25.5,0.9483203043308523,0,True,False
18.714285714285715,25.5,0.9492506518222089,0,True,False
18.857142857142858,25.5,0.9501672584098497,0,True,False
19.0,25.5,0.9510702589275862,0,True,False
19.142857142857142,25.5,0.9519597883521164,0,True,False
19.285714285714285,25.5,0.9528359817665568,0,True,False
19.428571428571427,25.5,0.9536989743245397,1,True,False
19.571428571428573,25.5,0.9545489012148801,1,True,False
19.714285714285715,25.5,0.9553858976268212,1,True,False
19.857142857142858,25.5,0.9562100987158597,1,True,False
20.0,25.5,0.9570216395701596,1,True,False
20.142857142857142,25.5,0.9578206551775555,1,True,False
20.285714285714285,25.5,0.9586072803931519,1,True,False
20.428571428571427,25.5,0.9593816499075221,1,True,False
20.571428571428573,25.5,0.960143898215507,1,True,False
20.714285714285715,25.5,0.9608941595856222,1,True,False
20.857142857142858,25.5,0.9616325680300694,1,True,False
21.0,25.5,0.9623592572753598,1,True,False
21.142857142857142,25.5,0.9630743607335492,1,True,False
21.285714285714285,25.5,0.9637780114740846,1,True,False
21.428571428571427,25.5,0.9644703421962666,1,True,False
21.571428571428573,25.5,0.9651514852023262,0,True,False
21.714285714285715,25.5,0.9658215723711168,0,True,False
21.857142857142858,25.5,0.9664807351324227,0,True,False
22.0,25.5,0.9671291044418825,0,True,False
22.142857142857142,25.5,0.9677668107565268,0,True,False
22.285714285714285,25.5,0.9683939840109308,0,True,False
22.428571428571427,25.5,0.9690107535939798,0,True,False
22.571428571428573,25.5,0.9696172483262452,0,True,False
22.714285714285715,25.5,0.9702135964379712,0,True,False
22.857142857142858,25.5,0.9707999255476689,0,True,False
23.0,25.5,0.9713763626413158,1,True,False
23.142857142857142,25.5,0.9719430340521581,1,True,False
23.285714285714285,25.5,0.972500065441113,1,True,False
23.428571428571427,25.5,0.9730475817777682,1,True,False
23.571428571428573,25.5,0.973585707321975,1,True,False
23.714285714285715,25.5,0.9741145656060308,1,True,False
23.857142857142858,25.5,0.974634279417449,1,True,False
24.0,25.5,0.97514497078231,1,True,False
24.142857142857142,25.5,0.9756467609491906,1,True,False
24.285714285714285,25.5,0.9761397703736666,1,True,False
24.428571428571427,25.5,0.9766241187033848,1,True,False
24.571428571428573,25.5,0.9770999247636983,1,True,False
24.714285714285715,25.5,0.9775673065438595,1,True,False
24.857142857142858,25.5,0.9780263811837693,1,True,False
25.0,25.5,0.9784772649612713,1,True,False
11.0,26.0,0.8696198041187659,0,True,False
11.142857142857142,26.0,0.8715195988354691,1,True,False
11.285714285714286,26.0,0.8733996335229738,1,True,False
11.428571428571429,26.0,0.8752599632354991,2,True,False
11.571428571428571,26.0,0.8771006457595577,2,True,False
11.714285714285714,26.0,0.8789217415681626,3,True,False
11.857142857142858,26.0,0.8807233137746271,3,True,False
12.0,26.0,0.8825054280859878,4,True,False
12.142857142857142,26.0,0.8842681527560732,4,True,False
12.285714285714286,26.0,0.8860115585382432,4,True,False
12.428571428571429,26.0,0.8877357186378234,4,True,False
12.571428571428571,26.0,0.8894407086642598,4,True,False
12.714285714285714,26.0,0.8911266065830187,4,True,False
12.857142857142858,26.0,0.8927934926672536,4,True,False
13.0,26.0,0.8944414494492676,4,True,False
13.142857142857142,26.0,0.896070561671789,4,True,False
13.285714285714286,26.0,0.8976809162390899,3,True,False
13.428571428571429,26.0,0.8992726021679668,3,True,False
13.571428571428571,26.0,0.9008457105386103,2,True,False
13.714285714285714,26.0,0.9024003344453816,2,True,False
13.857142857142858,26.0,0.9039365689475252,2,True,False
14.0,26.0,0.9054545110198335,2,True,False
14.142857142857142,26.0,0.9069542595032913,1,True,False
14.285714285714286,26.0,0.9084359150557175,1,True,False
14.428571428571429,26.0,0.9098995801024296,1,True,False
14.571428571428571,26.0,0.9113453587869482,1,True,False
14.714285714285714,26.0,0.9127733569217671,1,True,False
14.857142857142858,26.0,0.9141836819392044,1,True,False
15.0,26.0,0.9155764428423606,1,True,False
15.142857142857142,26.0,0.9169517501561981,2,True,False
15.285714285714286,26.0,0.9183097158787668,2,True,False
15.428571428571429,26.0,0.9196504534325906,3,True,False
15.571428571428571,26.0,0.9209740776162378,3,True,False
15.714285714285714,26.0,0.922280704556091,3,True,False
15.857142857142858,26.0,0.9235704516583354,4,True,False
16.0,26.0,0.9248434375611845,4,True,False
16.142857142857142,26.0,0.9260997820873587,4,True,False
16.285714285714285,26.0,0.9273396061968362,4,True,False
16.428571428571427,26.0,0.9285630319398903,4,True,False
16.571428571428573,26.0,0.9297701824104313,4,True,False
16.714285714285715,26.0,0.930961181699667,3,True,False
16.857142857142858,26.0,0.9321361548501005,3,True,False
17.0,26.0,0.9332952278098756,3,True,False
17.142857142857142,26.0,0.9344385273874893,3,True,False
17.285714285714285,26.0,0.9355661812068814,2,True,False
17.428571428571427,26.0,0.9366783176629179,2,True,False
17.571428571428573,26.0,0.9377750658772812,1,True,False
17.714285714285715,26.0,0.9388565556547773,1,True,False
17.857142857142858,26.0,0.9399229174400772,0,True,False
18.0,26.0,0.9409742822748997,0,True,False
18.142857142857142,26.0,0.9420107817556509,0,True,False
18.285714285714285,26.0,0.9430325479915304,0,True,False
18.428571428571427,26.0,0.944039713563114,0,True,False
18.571428571428573,26.0,0.9450324114814247,0,True,False
18.714285714285715,26.0,0.9460107751475018,0,True,False
18.857142857142858,26.0,0.9469749383124766,0,True,False
19.0,26.0,0.9479250350381649,0,True,False
19.142857142857142,26.0,0.948861199658185,0,True,False
19.285714285714285,26.0,0.9497835667396073,0,True,False
19.428571428571427,26.0,0.9506922710451479,2,True,False
19.571428571428573,26.0,0.9515874474959081,2,True,False
19.714285714285715,26.0,0.9524692311346712,2,True,False
19.857142857142858,26.0,0.9533377570897609,2,True,False
20.0,26.0,0.9541931605394689,2,True,False
20.142857142857142,26.0,0.9550355766770555,2,True,False
20.285714285714285,26.0,0.9558651406763311,2,True,False
20.428571428571427,26.0,0.9566819876578215,2,True,False
20.571428571428573,26.0,0.9574862526555232,2,True,False
20.714285714285715,26.0,0.9582780705842525,2,True,False
20.857142857142858,26.0,0.9590575762075898,2,True,False
21.0,26.0,0.959824904106428,2,True,False
21.142857142857142,26.0,0.960580188648122,2,True,False
21.285714285714285,26.0,0.9613235639562469,2,True,False
21.428571428571427,26.0,0.9620551638809629,2,True,False
21.571428571428573,26.0,0.9627751219699935,0,True,False
21.714285714285715,26.0,0.963483571440215,0,True,False
21.857142857142858,26.0,0.9641806451498593,0,True,False
22.0,26.0,0.9648664755713329,0,True,False
22.142857142857142,26.0,0.9655411947646502,0,True,False
22.285714285714285,26.0,0.9662049343514822,0,True,False
22.428571428571427,26.0,0.9668578254898229,0,True,False
22.571428571428573,26.0,0.9674999988492665,0,True,False
22.714285714285715,26.0,0.9681315845869036,0,True,False
22.857142857142858,26.0,0.9687527123238284,0,True,False
23.0,26.0,0.9693635111222583,1,True,False
23.142857142857142,26.0,0.9699641094632643,1,True,False
23.285714285714285,26.0,0.9705546352251095,1,True,False
23.428571428571427,26.0,0.9711352156621951,1,True,False
23.571428571428573,26.0,0.9717059773846084,1,True,False
23.714285714285715,26.0,0.9722670463382751,1,True,False
23.857142857142858,26.0,0.9728185477857059,1,True,False
24.0,26.0,0.9733606062873426,1,True,False
24.142857142857142,26.0,0.9738933456834913,1,True,False
24.285714285714285,26.0,0.9744168890768475,2,True,False
24.428571428571427,26.0,0.974931358815602,2,True,False
24.571428571428573,26.0,0.9754368764771287,2,True,False
24.714285714285715,26.0,0.975933562852246,2,True,False
24.857142857142858,26.0,0.9764215379300507,2,True,False
25.0,26.0,0.9769009208833161,2,True,False
11.0,26.5,0.8629716405129966,4,True,False
11.142857142857142,26.5,0.8649394006626245,5,True,False
11.285714285714286,26.5,0.8668872337461897,8,True,False
11.428571428571429,26.5,0.8688151851321969,10,True,True
11.571428571428571,26.5,0.8707233030746835,10,True,True
11.714285714285714,26.5,0.8726116386689968,12,True,True
11.857142857142858,26.5,0.8744802458070818,13,True,True
12.0,26.5,0.8763291811323035,16,True,True
12.142857142857142,26.5,0.8781585039938296,16,True,True
12.285714285714286,26.5,0.8799682764005993,17,True,True
12.428571428571429,26.5,0.8817585629749015,17,True,True
12.571428571428571,26.5,0.8835294309055892,17,True,True
12.714285714285714,26.5,0.8852809499009546,18,True,True
12.857142857142858,26.5,0.8870131921412884,18,True,True
13.0,26.5,0.8887262322311489,17,True,True
13.142857142857142,26.5,0.8904201471513671,16,True,True
13.285714285714286,26.5,0.8920950162108077,15,True,True
13.428571428571429,26.5,0.8937509209979142,12,True,True
13.571428571428571,26.5,0.8953879453320612,10,True,True
13.714285714285714,26.5,0.8970061752147354,10,True,True
13.857142857142858,26.5,0.8986056987805718,9,True,False
14.0,26.5,0.9001866062482669,8,True,False
14.142857142857142,26.5,0.9017489898713918,6,True,False
14.285714285714286,26.5,0.9032929438891291,6,True,False
14.428571428571429,26.5,0.9048185644769537,5,True,False
14.571428571428571,26.5,0.9063259496972855,5,True,False
14.714285714285714,26.5,0.9078151994501276,5,True,False
14.857142857142858,26.5,0.9092864154237194,5,True,False
15.0,26.5,0.9107397010452215,8,True,False
15.142857142857142,26.5,0.9121751614314562,9,True,False
15.285714285714286,26.5,0.9135929033397208,9,True,False
15.428571428571429,26.5,0.9149930351186997,13,True,True
15.571428571428571,26.5,0.9163756666594898,13,True,True
15.714285714285714,26.5,0.9177409093467621,13,True,True
15.857142857142858,26.5,0.9190888760100786,18,True,True
16.0,26.5,0.9204196808753828,18,True,True
16.142857142857142,26.5,0.9217334395166843,18,True,True
16.285714285714285,26.5,0.9230302688079514,18,True,True
16.428571428571427,26.5,0.9243102868752366,18,True,True
16.571428571428573,26.5,0.925573613049046,17,True,True
16.714285714285715,26.5,0.9268203678169737,16,True,True
16.857142857142858,26.5,0.9280506727766166,16,True,True
17.0,26.5,0.9292646505887864,15,True,True
17.142857142857142,26.5,0.9304624249310344,12,True,True
17.285714285714285,26.5,0.9316441204515056,11,True,True
17.428571428571427,26.5,0.9328098627231359,11,True,True
17.571428571428573,26.5,0.9339597781982086,7,True,False
17.714285714285715,26.5,0.9350939941632842,6,True,False
17.857142857142858,26.5,0.9362126386945159,3,True,False
18.0,26.5,0.9373158406133674,1,True,False
18.142857142857142,26.5,0.9384037294427436,0,True,False
18.285714285714285,26.5,0.9394764353635477,0,True,False
18.428571428571427,26.5,0.9405340891716767,0,True,False
18.571428571428573,26.5,0.941576822235468,0,True,False
18.714285714285715,26.5,0.942604766453608,3,True,False
18.857142857142858,26.5,0.9436180542135122,4,True,False
19.0,26.5,0.9446168183501913,6,True,False
19.142857142857142,26.5,0.9456011921056087,8,True,False
19.285714285714285,26.5,0.946571309088542,8,True,False
19.428571428571427,26.5,0.9475273032349578,10,True,True
19.571428571428573,26.5,0.9484693087689069,11,True,True
19.714285714285715,26.5,0.9493974601639501,11,True,True
19.857142857142858,26.5,0.9503118921051221,11,True,True
20.0,26.5,0.95121273945144,11,True,True
20.142857142857142,26.5,0.9521001371989661,11,True,True
20.285714285714285,26.5,0.952974220444428,12,True,True
20.428571428571427,26.5,0.9538351243494076,13,True,True
20.571428571428573,26.5,0.9546829841050988,13,True,True
20.714285714285715,26.5,0.955517934897645,13,True,True
20.857142857142858,26.5,0.9563401118740584,10,True,True
21.0,26.5,0.9571496501087262,9,True,False
21.142857142857142,26.5,0.9579466845705098,7,True,False
21.285714285714285,26.5,0.9587313500904386,5,True,False
21.428571428571427,26.5,0.959503781330004,5,True,False
21.571428571428573,26.5,0.9602641127500555,3,True,False
21.714285714285715,26.5,0.9610124785803028,2,True,False
21.857142857142858,26.5,0.9617490127894258,3,True,False
22.0,26.5,0.9624738490557943,4,True,False
22.142857142857142,26.5,0.9631871207388001,5,True,False
22.285714285714285,26.5,0.9638889608508028,6,True,False
22.428571428571427,26.5,0.9645795020296887,5,True,False
22.571428571428573,26.5,0.9652588765120458,4,True,False
22.714285714285715,26.5,0.9659272161069549,4,True,False
22.857142857142858,26.5,0.9665846521703945,6,True,False
23.0,26.5,0.9672313155802628,7,True,False
23.142857142857142,26.5,0.9678673367120132,8,True,False
23.285714285714285,26.5,0.9684928454149051,9,True,False
23.428571428571427,26.5,0.9691079709888655,9,True,False
23.571428571428573,26.5,0.9697128421619633,10,True,True
23.714285714285715,26.5,0.9703075870684926,10,True,True
23.857142857142858,26.5,0.9708923332276632,10,True,True
24.0,26.5,0.9714672075228961,9,True,False
24.142857142857142,26.5,0.9720323361817214,8,True,False
24.285714285714285,26.5,0.9725878447562767,9,True,False
24.428571428571427,26.5,0.9731338581044003,8,True,False
24.571428571428573,26.5,0.9736705003713191,8,True,False
24.714285714285715,26.5,0.9741978949719241,8,True,False
24.857142857142858,26.5,0.9747161645736339,8,True,False
25.0,26.5,0.9752254310798372,6,True,False
11.0,27.0,0.8560898796072667,9,True,False
11.142857142857142,27.0,0.8581261012473451,10,True,True
11.285714285714286,27.0,0.8601422630487661,14,True,True
11.428571428571429,27.0,0.8621384001832472,16,True,True
11.571428571428571,27.0,0.8641145508552466,16,True,True
11.714285714285714,27.0,0.8660707562596067,19,True,True
11.857142857142858,27.0,0.8680070605386245,21,True,True
12.0,27.0,0.8699235107385689,24,True,True
12.142857142857142,27.0,0.8718201567656709,24,True,True
12.285714285714286,27.0,0.8736970513416162,25,True,True
12.428571428571429,27.0,0.8755542499585586,25,True,True
12.571428571428571,27.0,0.8773918108336844,25,True,True
12.714285714285714,27.0,0.8792097948633535,27,True,True
12.857142857142858,27.0,0.881008265576837,28,True,True
13.0,27.0,0.8827872890896831,27,True,True
13.142857142857142,27.0,0.8845469340567307,26,True,True
13.285714285714286,27.0,0.8862872716247985,25,True,True
13.428571428571429,27.0,0.8880083753850745,21,True,True
13.571428571428571,27.0,0.8897103213252271,19,True,True
13.714285714285714,27.0,0.8913931877812673,19,True,True
13.857142857142858,27.0,0.8930570553891811,16,True,True
14.0,27.0,0.8947020070363596,16,True,True
14.142857142857142,27.0,0.8963281278128499,14,True,True
14.285714285714286,27.0,0.8979355049624487,12,True,True
14.428571428571429,27.0,0.8995242278336647,11,True,True
14.571428571428571,27.0,0.901094387830571,11,True,True
14.714285714285714,27.0,0.9026460783635706,13,True,True
14.857142857142858,27.0,0.9041793948000993,14,True,True
15.0,27.0,0.9056944344152866,16,True,True
15.142857142857142,27.0,0.9071912963425974,18,True,True
15.285714285714286,27.0,0.9086700815244766,19,True,True
15.428571428571429,27.0,0.9101308926630174,23,True,True
15.571428571428571,27.0,0.9115738341706767,23,True,True
15.714285714285714,27.0,0.9129990121210545,23,True,True
15.857142857142858,27.0,0.9144065341997634,28,True,True
16.0,27.0,0.9157965096554008,28,True,True
16.142857142857142,27.0,0.9171690492506551,26,True,True
16.285714285714285,27.0,0.9185242652135515,26,True,True
16.428571428571427,27.0,0.9198622711888688,26,True,True
16.571428571428573,27.0,0.9211831821897402,25,True,True
16.714285714285715,27.0,0.9224871145494553,22,True,True
16.857142857142858,27.0,0.9237741858734867,22,True,True
17.0,27.0,0.9250445149917537,20,True,True
17.142857142857142,27.0,0.926298221911144,15,True,True
17.285714285714285,27.0,0.9275354277683081,13,True,True
17.428571428571427,27.0,0.9287562547827448,12,True,True
17.571428571428573,27.0,0.9299608262101917,8,True,False
17.714285714285715,27.0,0.9311492662963404,8,True,False
17.857142857142858,27.0,0.9323217002308863,4,True,False
18.0,27.0,0.9334782541019329,2,True,False
18.142857142857142,27.0,0.9346190548507627,1,True,False
18.285714285714285,27.0,0.9357442302269892,3,True,False
18.428571428571427,27.0,0.9368539087441037,4,True,False
18.571428571428573,27.0,0.937948219635431,4,True,False
18.714285714285715,27.0,0.9390272928105055,7,True,False
18.857142857142858,27.0,0.9400912588118806,8,True,False
19.0,27.0,0.9411402487723853,12,True,True
19.142857142857142,27.0,0.9421743943728361,14,True,True
19.285714285714285,27.0,0.9431938278002184,16,True,True
19.428571428571427,27.0,0.9441986817063465,18,True,True
19.571428571428573,27.0,0.9451890891670128,19,True,True
19.714285714285715,27.0,0.9461651836416379,19,True,True
19.857142857142858,27.0,0.9471270989334271,18,True,True
20.0,27.0,0.9480749691500456,19,True,True
20.142857142857142,27.0,0.9490089286648218,19,True,True
20.285714285714285,27.0,0.9499291120784819,20,True,True
20.428571428571427,27.0,0.9508356541814305,19,True,True
20.571428571428573,27.0,0.951728689916578,18,True,True
20.714285714285715,27.0,0.9526083543427268,18,True,True
20.857142857142858,27.0,0.9534747825985195,15,True,True
21.0,27.0,0.9543281098669572,14,True,True
21.142857142857142,27.0,0.9551684713404922,10,True,True
21.285714285714285,27.0,0.955996002186703,8,True,False
21.428571428571427,27.0,0.9568108375145525,6,True,False
21.571428571428573,27.0,0.957613112341237,4,True,False
21.714285714285715,27.0,0.9584029615596306,3,True,False
21.857142857142858,27.0,0.9591805199063254,4,True,False
22.0,27.0,0.9599459219302751,6,True,False
22.142857142857142,27.0,0.9606993019620412,7,True,False
22.285714285714285,27.0,0.9614407940836474,8,True,False
22.428571428571427,27.0,0.9621705320990431,7,True,False
22.571428571428573,27.0,0.9628886495051773,8,True,False
22.714285714285715,27.0,0.9635952794636864,8,True,False
22.857142857142858,27.0,0.9642905547731954,10,True,True
23.0,27.0,0.9649746078422337,13,True,True
23.142857142857142,27.0,0.9656475706627672,14,True,True
23.285714285714285,27.0,0.966309574784345,15,True,True
23.428571428571427,27.0,0.9669607512888625,15,True,True
23.571428571428573,27.0,0.9676012307659381,16,True,True
23.714285714285715,27.0,0.9682311432889066,16,True,True
23.857142857142858,27.0,0.9688506183914235,17,True,True
24.0,27.0,0.9694597850446818,16,True,True
24.142857142857142,27.0,0.9700587716352398,14,True,True
24.285714285714285,27.0,0.970647705943457,14,True,True
24.428571428571427,27.0,0.971226715122534,13,True,True
24.571428571428573,27.0,0.97179592567816,13,True,True
24.714285714285715,27.0,0.9723554634487563,11,True,True
24.857142857142858,27.0,0.9729054535863224,11,True,True
25.0,27.0,0.9734460205378718,9,True,False
11.0,27.5,0.8489730905490798,18,True,True
11.142857142857142,27.5,0.8510781487642989,19,True,True
11.285714285714286,27.5,0.8531630503309715,25,True,True
11.428571428571429,27.5,0.8552278197358265,29,True,True
11.571428571428571,27.5,0.8572724846384945,30,True,True
11.714285714285714,27.5,0.8592970758313178,34,True,True
11.857142857142858,27.5,0.8613016271984973,37,True,True
12.0,27.5,0.8632861756746009,41,True,True
12.142857142857142,27.5,0.8652507612024597,40,True,True
12.285714285714286,27.5,0.8671954266904769,43,True,True
12.428571428571429,27.5,0.8691202179693736,45,True,True
12.571428571428571,27.5,0.8710251837483984,46,True,True
12.714285714285714,27.5,0.872910375571025,48,True,True
12.857142857142858,27.5,0.8747758477701653,50,True,True
13.0,27.5,0.8766216574229185,48,True,True
13.142857142857142,27.5,0.8784478643048877,46,True,True
13.285714285714286,27.5,0.8802545308440836,45,True,True
13.428571428571429,27.5,0.8820417220744439,38,True,True
13.571428571428571,27.5,0.883809505588992,34,True,True
13.714285714285714,27.5,0.8855579514926596,34,True,True
13.857142857142858,27.5,0.8872871323547987,31,True,True
14.0,27.5,0.8889971231614074,30,True,True
14.142857142857142,27.5,0.890688001267093,27,True,True
14.285714285714286,27.5,0.8923598463467992,25,True,True
14.428571428571429,27.5,0.894012740347317,23,True,True
14.571428571428571,27.5,0.8956467674386095,23,True,True
14.714285714285714,27.5,0.8972620139649671,25,True,True
14.857142857142858,27.5,0.8988585683960235,26,True,True
15.0,27.5,0.9004365212776512,32,True,True
15.142857142857142,27.5,0.9019959651827608,33,True,True
15.285714285714286,27.5,0.9035369946620271,36,True,True
15.428571428571429,27.5,0.9050597061945655,39,True,True
15.571428571428571,27.5,0.9065641981385785,39,True,True
15.714285714285714,27.5,0.9080505706819963,38,True,True
15.857142857142858,27.5,0.9095189257931346,44,True,True
16.0,27.5,0.9109693671713843,45,True,True
16.142857142857142,27.5,0.9124020001979641,44,True,True
16.285714285714285,27.5,0.9138169318867478,44,True,True
16.428571428571427,27.5,0.915214270835193,45,True,True
16.571428571428573,27.5,0.9165941271753864,45,True,True
16.714285714285715,27.5,0.9179566125252293,39,True,True
16.857142857142858,27.5,0.9193018399397817,39,True,True
17.0,27.5,0.9206299238627806,37,True,True
17.142857142857142,27.5,0.9219409800783575,27,True,True
17.285714285714285,27.5,0.9232351256629674,25,True,True
17.428571428571427,27.5,0.924512478937551,20,True,True
17.571428571428573,27.5,0.9257731594199455,16,True,True
17.714285714285715,27.5,0.9270172877775629,16,True,True
17.857142857142858,27.5,0.9282449857803501,12,True,True
18.0,27.5,0.9294563762540505,9,True,False
18.142857142857142,27.5,0.9306515830337803,7,True,False
18.285714285714285,27.5,0.931830730917935,9,True,False
18.428571428571427,27.5,0.9329939456224438,11,True,True
18.571428571428573,27.5,0.9341413537353844,9,True,False
18.714285714285715,27.5,0.9352730826719734,10,True,True
18.857142857142858,27.5,0.9363892606299444,12,True,True
19.0,27.5,0.9374900165453316,19,True,True
19.142857142857142,27.5,0.9385754800486659,22,True,True
19.285714285714285,27.5,0.939645781421603,27,True,True
19.428571428571427,27.5,0.9407010515539883,28,True,True
19.571428571428573,27.5,0.9417414219013771,29,True,True
19.714285714285715,27.5,0.9427670244430173,30,True,True
19.857142857142858,27.5,0.9437779916403062,31,True,True
20.0,27.5,0.9447744563957343,32,True,True
20.142857142857142,27.5,0.9457565520123216,32,True,True
20.285714285714285,27.5,0.9467244121535614,33,True,True
20.428571428571427,27.5,0.9476781708038765,31,True,True
20.571428571428573,27.5,0.9486179622295987,29,True,True
20.714285714285715,27.5,0.9495439209404792,29,True,True
20.857142857142858,27.5,0.9504561816517394,26,True,True
21.0,27.5,0.9513548792466666,24,True,True
21.142857142857142,27.5,0.9522401487397654,18,True,True
21.285714285714285,27.5,0.9531121252404676,15,True,True
21.428571428571427,27.5,0.9539709439174117,10,True,True
21.571428571428573,27.5,0.9548167399632921,8,True,False
21.714285714285715,27.5,0.9556496485602894,7,True,False
21.857142857142858,27.5,0.9564698048460823,7,True,False
22.0,27.5,0.9572773438804485,9,True,False
22.142857142857142,27.5,0.958072400612457,10,True,True
22.285714285714285,27.5,0.9588551098482592,13,True,True
22.428571428571427,27.5,0.9596256062194766,12,True,True
22.571428571428573,27.5,0.9603840241521945,13,True,True
22.714285714285715,27.5,0.9611304978365598,14,True,True
22.857142857142858,27.5,0.9618651611969885,17,True,True
23.0,27.5,0.9625881478629827,22,True,True
23.142857142857142,27.5,0.9632995911405599,24,True,True
23.285714285714285,27.5,0.9639996239842967,26,True,True
23.428571428571427,27.5,0.9646883789699856,26,True,True
23.571428571428573,27.5,0.965365988267908,28,True,True
23.714285714285715,27.5,0.966032583616723,28,True,True
23.857142857142858,27.5,0.9666882962979708,30,True,True
24.0,27.5,0.9673332571111919,29,True,True
24.142857142857142,27.5,0.9679675963496617,25,True,True
24.285714285714285,27.5,0.9685914437767362,25,True,True
24.428571428571427,27.5,0.9692049286028144,22,True,True
24.571428571428573,27.5,0.9698081794629074,22,True,True
24.714285714285715,27.5,0.9704013243948192,20,True,True
24.857142857142858,27.5,0.9709844908179336,19,True,True
25.0,27.5,0.9715578055126057,17,True,True
11.0,28.0,0.8416202687688517,23,True,True
11.142857142857142,28.0,0.843794412048406,25,True,True
11.285714285714286,28.0,0.8459483394448017,33,True,True
11.428571428571429,28.0,0.8480820642979012,38,True,True
11.571428571428571,28.0,0.8501956032525779,39,True,True
11.714285714285714,28.0,0.852288976220985,44,True,True
11.857142857142858,28.0,0.8543622063440742,49,True,True
12.0,28.0,0.8564153199523914,53,True,True
12.142857142857142,28.0,0.8584483465261723,53,True,True
12.285714285714286,28.0,0.8604613186547667,58,True,True
12.428571428571429,28.0,0.8624542719954105,60,True,True
12.571428571428571,28.0,0.8644272452313775,62,True,True
12.714285714285714,28.0,0.8663802800295315,66,True,True
12.857142857142858,28.0,0.8683134209973056,68,True,True
13.0,28.0,0.8702267156391346,65,True,True
13.142857142857142,28.0,0.8721202143123647,63,True,True
13.285714285714286,28.0,0.8739939701826671,61,True,True
13.428571428571429,28.0,0.8758480391789789,52,True,True
13.571428571428571,28.0,0.8776824799479986,47,True,True
13.714285714285714,28.0,0.879497353808261,47,True,True
13.857142857142858,28.0,0.8812927247038134,43,True,True
14.0,28.0,0.8830686591575247,40,True,True
14.142857142857142,28.0,0.8848252262240462,37,True,True
14.285714285714286,28.0,0.8865624974424495,35,True,True
14.428571428571429,28.0,0.8882805467885707,33,True,True
14.571428571428571,28.0,0.8899794506270822,33,True,True
14.714285714285714,28.0,0.8916592876633134,35,True,True
14.857142857142858,28.0,0.8933201388948523,37,True,True
15.0,28.0,0.8949620875629438,44,True,True
15.142857142857142,28.0,0.896585219103714,47,True,True
15.285714285714286,28.0,0.8981896210992426,52,True,True
15.428571428571429,28.0,0.8997753832285046,55,True,True
15.571428571428571,28.0,0.9013425972182084,55,True,True
15.714285714285714,28.0,0.9028913567935498,54,True,True
15.857142857142858,28.0,0.9044217576289066,61,True,True
16.0,28.0,0.9059338972984945,63,True,True
16.142857142857142,28.0,0.9074278752270077,62,True,True
16.285714285714285,28.0,0.9089037926402675,62,True,True
16.428571428571427,28.0,0.9103617525158949,62,True,True
16.571428571428573,28.0,0.9118018595340351,61,True,True
16.714285714285715,28.0,0.9132242200281507,54,True,True
16.857142857142858,28.0,0.9146289419359049,54,True,True
17.0,28.0,0.9160161347501559,48,True,True
17.142857142857142,28.0,0.9173859094700805,37,True,True
17.285714285714285,28.0,0.9187383785524494,33,True,True
17.428571428571427,28.0,0.9200736558630707,25,True,True
17.571428571428573,28.0,0.9213918566284203,21,True,True
17.714285714285715,28.0,0.9226930973874801,19,True,True
17.857142857142858,28.0,0.9239774959438004,14,True,True
18.0,28.0,0.925245171317804,11,True,True
18.142857142857142,28.0,0.9264962436993494,8,True,False
18.285714285714285,28.0,0.9277308344005711,12,True,True
18.428571428571427,28.0,0.9289490658090122,15,True,True
18.571428571428573,28.0,0.930151061341066,14,True,True
18.714285714285715,28.0,0.9313369453957423,15,True,True
18.857142857142858,28.0,0.9325068433087749,17,True,True
19.0,28.0,0.9336608813070804,24,True,True
19.142857142857142,28.0,0.9347991864635913,28,True,True
19.285714285714285,28.0,0.935921886652468,34,True,True
19.428571428571427,28.0,0.9370291105047117,35,True,True
19.571428571428573,28.0,0.9381209873641845,38,True,True
19.714285714285715,28.0,0.939197647244054,40,True,True
19.857142857142858,28.0,0.9402592207836744,40,True,True
20.0,28.0,0.9413058392059128,41,True,True
20.142857142857142,28.0,0.9423376342749368,42,True,True
20.285714285714285,28.0,0.9433547382544702,43,True,True
20.428571428571427,28.0,0.9443572838665311,39,True,True
20.571428571428573,28.0,0.9453454042506595,36,True,True
20.714285714285715,28.0,0.946319232923647,35,True,True
20.857142857142858,28.0,0.9472789037397767,33,True,True
21.0,28.0,0.948224550851581,31,True,True
21.142857142857142,28.0,0.9491563086711283,25,True,True
21.285714285714285,28.0,0.9500743118318457,21,True,True
21.428571428571427,28.0,0.9509786951508841,15,True,True
21.571428571428573,28.0,0.9518695935920356,13,True,True
21.714285714285715,28.0,0.9527471422292082,10,True,True
21.857142857142858,28.0,0.9536114762104643,9,True,False
22.0,28.0,0.9544627307226303,11,True,True
22.142857142857142,28.0,0.9553010409564815,14,True,True
22.285714285714285,28.0,0.9561265420725091,17,True,True
22.428571428571427,28.0,0.9569393691672728,16,True,True
22.571428571428573,28.0,0.9577396572403447,17,True,True
22.714285714285715,28.0,0.9585275411618469,19,True,True
22.857142857142858,28.0,0.9593031556405884,23,True,True
23.0,28.0,0.960066635192805,29,True,True
23.142857142857142,28.0,0.9608181141115008,33,True,True
23.285714285714285,28.0,0.9615577264364003,37,True,True
23.428571428571427,28.0,0.9622856059245086,37,True,True
23.571428571428573,28.0,0.9630018860212834,39,True,True
23.714285714285715,28.0,0.9637066998324197,39,True,True
23.857142857142858,28.0,0.9644001800962491,41,True,True
24.0,28.0,0.9650824591567533,40,True,True
24.142857142857142,28.0,0.9657536689371948,36,True,True
24.285714285714285,28.0,0.9664139409143614,34,True,True
24.428571428571427,28.0,0.9670634060934262,30,True,True
24.571428571428573,28.0,0.9677021949834241,30,True,True
24.714285714285715,28.0,0.968330437573341,28,True,True
24.857142857142858,28.0,0.9689482633088159,25,True,True
25.0,28.0,0.9695558010694565,22,True,True
11.0,28.5,0.8340308545156035,32,True,True
11.142857142857142,28.5,0.8362741994502325,37,True,True
11.285714285714286,28.5,0.8384973083573245,47,True,True
11.428571428571429,28.5,0.8407001829977421,53,True,True
11.571428571428571,28.5,0.8428828285604224,55,True,True
11.714285714285714,28.5,0.8450452536273914,62,True,True
11.857142857142858,28.5,0.8471874701379472,68,True,True
12.0,28.5,0.8493094933520324,75,True,True
12.142857142857142,28.5,0.8514113418128261,76,True,True
12.285714285714286,28.5,0.8534930373085725,84,True,True
12.428571428571429,28.5,0.8555546048336794,86,True,True
12.571428571428571,28.5,0.8575960725491043,87,True,True
12.714285714285714,28.5,0.8596174717420579,92,True,True
12.857142857142858,28.5,0.8616188367850477,96,True,True
13.0,28.5,0.8636002050942868,93,True,True
13.142857142857142,28.5,0.8655616170874951,89,True,True
13.285714285714286,28.5,0.8675031161411175,85,True,True
13.428571428571429,28.5,0.8694247485469816,73,True,True
13.571428571428571,28.5,0.8713265634684245,67,True,True
13.714285714285714,28.5,0.8732086128959127,67,True,True
13.857142857142858,28.5,0.8750709516021776,62,True,True
14.0,28.5,0.8769136370968962,58,True,True
14.142857142857142,28.5,0.878736729580938,52,True,True
14.285714285714286,28.5,0.8805402919002083,51,True,True
14.428571428571429,28.5,0.8823243894991067,47,True,True
14.571428571428571,28.5,0.884089090373632,48,True,True
14.714285714285714,28.5,0.885834465024152,50,True,True
14.857142857142858,28.5,0.88756058640787,53,True,True
15.0,28.5,0.8892675298910062,58,True,True
15.142857142857142,28.5,0.8909553732007223,65,True,True
15.285714285714286,28.5,0.8926241963768116,71,True,True
15.428571428571429,28.5,0.89427408172318,76,True,True
15.571428571428571,28.5,0.8959051137591407,76,True,True
15.714285714285714,28.5,0.897517379170548,76,True,True
15.857142857142858,28.5,0.8991109667607898,87,True,True
16.0,28.5,0.9006859674016683,89,True,True
16.142857142857142,28.5,0.9022424739841843,88,True,True
16.285714285714285,28.5,0.9037805813692568,88,True,True
16.428571428571427,28.5,0.9053003863383898,87,True,True
16.571428571428573,28.5,0.9068019875443186,85,True,True
16.714285714285715,28.5,0.9082854854616516,76,True,True
16.857142857142858,28.5,0.909750982337529,78,True,True
17.0,28.5,0.9111985821423261,71,True,True
17.142857142857142,28.5,0.9126283905204118,58,True,True
17.285714285714285,28.5,0.9140405147409936,50,True,True
17.428571428571427,28.5,0.9154350636490611,39,True,True
17.571428571428573,28.5,0.9168121476164548,34,True,True
17.714285714285715,28.5,0.9181718784930741,30,True,True
17.857142857142858,28.5,0.9195143695582478,25,True,True
18.0,28.5,0.9208397354722833,21,True,True
18.142857142857142,28.5,0.9221480922282166,17,True,True
18.285714285714285,28.5,0.9234395571037773,20,True,True
18.428571428571427,28.5,0.9247142486135885,21,True,True
18.571428571428573,28.5,0.9259722864616199,22,True,True
18.714285714285715,28.5,0.9272137914939091,24,True,True
18.857142857142858,28.5,0.9284388856515697,29,True,True
19.0,28.5,0.9296476919241006,37,True,True
19.142857142857142,28.5,0.9308403343030143,42,True,True
19.285714285714285,28.5,0.9320169377357983,50,True,True
19.428571428571427,28.5,0.9331776280802255,51,True,True
19.571428571428573,28.5,0.9343225320590279,54,True,True
19.714285714285715,28.5,0.9354517772149473,57,True,True
19.857142857142858,28.5,0.9365654918661777,57,True,True
20.0,28.5,0.9376638050622137,59,True,True
20.142857142857142,28.5,0.9387468465401141,59,True,True
20.285714285714285,28.5,0.9398147466811987,61,True,True
20.428571428571427,28.5,0.9408676364681855,58,True,True
20.571428571428573,28.5,0.941905647442783,55,True,True
20.714285714285715,28.5,0.9429289116637485,52,True,True
20.857142857142858,28.5,0.9439375616654205,49,True,True
21.0,28.5,0.9449317304167417,45,True,True
21.142857142857142,28.5,0.9459115512807744,35,True,True
21.285714285714285,28.5,0.9468771579747255,30,True,True
21.428571428571427,28.5,0.9478286845304853,22,True,True
21.571428571428573,28.5,0.9487662652556914,20,True,True
21.714285714285715,28.5,0.9496900346953245,17,True,True
21.857142857142858,28.5,0.9506001275938447,16,True,True
22.0,28.5,0.951496678857876,20,True,True
22.142857142857142,28.5,0.9523798235194458,23,True,True
22.285714285714285,28.5,0.9532496966997857,27,True,True
22.428571428571427,28.5,0.9541064335736997,27,True,True
22.571428571428573,28.5,0.9549501693345073,29,True,True
22.714285714285715,28.5,0.955781039159565,32,True,True
22.857142857142858,28.5,0.9565991781763722,37,True,True
23.0,28.5,0.9574047214292651,44,True,True
23.142857142857142,28.5,0.9581978038467058,51,True,True
23.285714285714285,28.5,0.9589785602091655,56,True,True
23.428571428571427,28.5,0.9597471251176108,56,True,True
23.571428571428573,28.5,0.9605036329625924,58,True,True
23.714285714285715,28.5,0.9612482178939401,59,True,True
23.857142857142858,28.5,0.9619810137910663,61,True,True
24.0,28.5,0.9627021542338812,59,True,True
24.142857142857142,28.5,0.9634117724743206,52,True,True
24.285714285714285,28.5,0.9641100014084849,48,True,True
24.428571428571427,28.5,0.9647969735493959,42,True,True
24.571428571428573,28.5,0.9654728210003668,40,True,True
24.714285714285715,28.5,0.9661376754289891,36,True,True
24.857142857142858,28.5,0.9667916680417346,32,True,True
25.0,28.5,0.9674349295591713,28,True,True
11.0,29.0,0.8262047502110103,35,True,True
11.142857142857142,29.0,0.8285172765495372,40,True,True
11.285714285714286,29.0,0.8308095872121621,51,True,True
11.428571428571429,29.0,0.8330816719817149,56,True,True
11.571428571428571,29.0,0.8353335241821442,62,True,True
11.714285714285714,29.0,0.8375651406465602,71,True,True
11.857142857142858,29.0,0.8397765216843629,77,True,True
12.0,29.0,0.8419676710474813,87,True,True
12.142857142857142,29.0,0.8441385958957454,87,True,True
12.285714285714286,29.0,0.8462893067614148,95,True,True
12.428571428571429,29.0,0.8484198175128891,98,True,True
12.571428571428571,29.0,0.8505301453176258,99,True,True
12.714285714285714,29.0,0.8526203106042857,104,True,True
12.857142857142858,29.0,0.8546903370241365,108,True,True
13.0,29.0,0.8567402514117345,105,True,True
13.142857142857142,29.0,0.8587700837449124,101,True,True
13.285714285714286,29.0,0.860779867104097,97,True,True
13.428571428571429,29.0,0.862769637630982,84,True,True
13.571428571428571,29.0,0.8647394344865822,79,True,True
13.714285714285714,29.0,0.8666892998086919,79,True,True
13.857142857142858,29.0,0.8686192786687773,74,True,True
14.0,29.0,0.8705294190283218,70,True,True
14.142857142857142,29.0,0.8724197716946572,62,True,True
14.285714285714286,29.0,0.8742903902762985,61,True,True
14.428571428571429,29.0,0.8761413311378137,57,True,True
14.571428571428571,29.0,0.8779726533542495,57,True,True
14.714285714285714,29.0,0.8797844186651418,58,True,True
14.857142857142858,29.0,0.8815766914281318,61,True,True
15.0,29.0,0.8833495385722179,66,True,True
15.142857142857142,29.0,0.8851030295506621,74,True,True
15.285714285714286,29.0,0.8868372362935826,80,True,True
15.428571428571429,29.0,0.8885522331602499,85,True,True
15.571428571428571,29.0,0.8902480968911187,85,True,True
15.714285714285714,29.0,0.8919249065596119,85,True,True
15.857142857142858,29.0,0.8935827435236869,97,True,True
16.0,29.0,0.8952216913772071,99,True,True
16.142857142857142,29.0,0.8968418359011386,98,True,True
16.285714285714285,29.0,0.8984432650146003,98,True,True
16.428571428571427,29.0,0.9000260687257886,97,True,True
16.571428571428573,29.0,0.9015903390828,93,True,True
16.714285714285715,29.0,0.903136170124373,82,True,True
16.857142857142858,29.0,0.9046636578305776,84,True,True
17.0,29.0,0.9061729000734648,77,True,True
17.142857142857142,29.0,0.9076639965677094,64,True,True
17.285714285714285,29.0,0.9091370488212578,55,True,True
17.428571428571427,29.0,0.9105921600860107,44,True,True
17.571428571428573,29.0,0.9120294353085558,39,True,True
17.714285714285715,29.0,0.9134489810809728,35,True,True
17.857142857142858,29.0,0.914850905591735,29,True,True
18.0,29.0,0.9162353185767218,25,True,True
18.142857142857142,29.0,0.9176023312703654,20,True,True
18.285714285714285,29.0,0.9189520563569518,23,True,True
18.428571428571427,29.0,0.9202846079220917,24,True,True
18.571428571428573,29.0,0.9216001014043843,25,True,True
18.714285714285715,29.0,0.9228986535472894,26,True,True
18.857142857142858,29.0,0.9241803823512271,31,True,True
19.0,29.0,0.9254454070259209,39,True,True
19.142857142857142,29.0,0.9266938479430059,44,True,True
19.285714285714285,29.0,0.9279258265889131,53,True,True
19.428571428571427,29.0,0.9291414655180505,53,True,True
19.571428571428573,29.0,0.9303408883062956,57,True,True
19.714285714285715,29.0,0.9315242195048146,59,True,True
19.857142857142858,29.0,0.9326915845942243,59,True,True
20.0,29.0,0.9338431099391116,61,True,True
20.142857142857142,29.0,0.9349789227429235,61,True,True
20.285714285714285,29.0,0.9360991510032435,63,True,True
20.428571428571427,29.0,0.9372039234674676,60,True,True
20.571428571428573,29.0,0.938293369588892,58,True,True
20.714285714285715,29.0,0.9393676194832259,55,True,True
20.857142857142858,29.0,0.940426803885542,52,True,True
21.0,29.0,0.9414710541076773,47,True,True
21.142857142857142,29.0,0.9425005019960919,37,True,True
21.285714285714285,29.0,0.9435152798902036,32,True,True
21.428571428571427,29.0,0.9445155205812003,23,True,True
21.571428571428573,29.0,0.9455013572713498,22,True,True
21.714285714285715,29.0,0.9464729235338081,18,True,True
21.857142857142858,29.0,0.9474303532729411,17,True,True
22.0,29.0,0.948373780685168,21,True,True
22.142857142857142,29.0,0.9493033402203301,25,True,True
22.285714285714285,29.0,0.9502191665436014,29,True,True
22.428571428571427,29.0,0.9511213944979399,29,True,True
22.571428571428573,29.0,0.9520101590670946,31,True,True
22.714285714285715,29.0,0.9528855953391675,33,True,True
22.857142857142858,29.0,0.9537478384707445,39,True,True
23.0,29.0,0.954597023651595,45,True,True
23.142857142857142,29.0,0.9554332860699501,52,True,True
23.285714285714285,29.0,0.9562567608783613,58,True,True
23.428571428571427,29.0,0.9570675831601482,58,True,True
23.571428571428573,29.0,0.9578658878964352,60,True,True
23.714285714285715,29.0,0.958651809933786,62,True,True
23.857142857142858,29.0,0.9594254839524348,64,True,True
24.0,29.0,0.9601870444351217,62,True,True
24.142857142857142,29.0,0.9609366256365333,55,True,True
24.285714285714285,29.0,0.9616743615533484,50,True,True
24.428571428571427,29.0,0.962400385894898,44,True,True
24.571428571428573,29.0,0.963114832054433,42,True,True
24.714285714285715,29.0,0.9638178330810082,38,True,True
24.857142857142858,29.0,0.9645095216519777,34,True,True
25.0,29.0,0.9651900300461084,29,True,True
11.0,29.5,0.8181423364874438,40,True,True
11.142857142857142,29.5,0.820523882591773,46,True,True
11.285714285714286,29.5,0.822885275153165,58,True,True
11.428571428571429,29.5,0.8252264916137513,63,True,True
11.571428571428571,29.5,0.8275475130588624,71,True,True
11.714285714285714,29.5,0.8298483241883711,81,True,True
11.857142857142858,29.5,0.8321289132870443,90,True,True
12.0,29.5,0.8343892721939232,100,True,True
12.142857142857142,29.5,0.8366293962707588,100,True,True
12.285714285714286,29.5,0.8388492843695221,109,True,True
12.428571428571429,29.5,0.8410489387990131,112,True,True
12.571428571428571,29.5,0.8432283652905953,113,True,True
12.714285714285714,29.5,0.8453875729630755,117,True,True
12.857142857142858,29.5,0.8475265742867559,122,True,True
13.0,29.5,0.8496453850466814,118,True,True
13.142857142857142,29.5,0.8517440243051067,114,True,True
13.285714285714286,29.5,0.8538225143632099,109,True,True
13.428571428571429,29.5,0.8558808807220735,95,True,True
13.571428571428571,29.5,0.8579191520429611,90,True,True
13.714285714285714,29.5,0.8599373601069145,89,True,True
13.857142857142858,29.5,0.8619355397736934,83,True,True
14.0,29.5,0.8639137289400873,76,True,True
14.142857142857142,29.5,0.8658719684976213,68,True,True
14.285714285714286,29.5,0.8678103022896834,67,True,True
14.428571428571429,29.5,0.8697287770680964,62,True,True
14.571428571428571,29.5,0.8716274424491621,63,True,True
14.714285714285714,29.5,0.8735063508692023,63,True,True
14.857142857142858,29.5,0.8753655575396203,67,True,True
15.0,29.5,0.877205120401511,72,True,True
15.142857142857142,29.5,0.8790251000798421,80,True,True
15.285714285714286,29.5,0.8808255598372339,87,True,True
15.428571428571429,29.5,0.8826065655273597,93,True,True
15.571428571428571,29.5,0.8843681855479963,93,True,True
15.714285714285714,29.5,0.8861104907937448,95,True,True
15.857142857142858,29.5,0.8878335546084476,108,True,True
16.0,29.5,0.8895374527373293,110,True,True
16.142857142857142,29.5,0.8912222632788815,108,True,True
16.285714285714285,29.5,0.8928880666365185,108,True,True
16.428571428571427,29.5,0.894534945470027,107,True,True
16.571428571428573,29.5,0.8961629846468327,104,True,True
16.714285714285715,29.5,0.8977722711931112,93,True,True
16.857142857142858,29.5,0.8993628942447609,95,True,True
17.0,29.5,0.9009349449982661,87,True,True
17.142857142857142,29.5,0.9024885166614709,74,True,True
17.285714285714285,29.5,0.9040237044042869,63,True,True
17.428571428571427,29.5,0.9055406053093572,51,True,True
17.571428571428573,29.5,0.9070393183226996,45,True,True
17.714285714285715,29.5,0.9085199442043491,40,True,True
17.857142857142858,29.5,0.9099825854790243,33,True,True
18.0,29.5,0.9114273463868352,28,True,True
18.142857142857142,29.5,0.9128543328340565,23,True,True
18.285714285714285,29.5,0.9142636523439855,26,True,True
18.428571428571427,29.5,0.9156554140079058,28,True,True
18.571428571428573,29.5,0.9170297284361744,30,True,True
18.714285714285715,29.5,0.918386707709457,30,True,True
18.857142857142858,29.5,0.9197264653301237,36,True,True
19.0,29.5,0.9210491161738302,45,True,True
19.142857142857142,29.5,0.9223547764412999,51,True,True
19.285714285714285,29.5,0.923643563610326,60,True,True
19.428571428571427,29.5,0.9249155963880094,60,True,True
19.571428571428573,29.5,0.9261709946632544,66,True,True
19.714285714285715,29.5,0.9274098794595341,68,True,True
19.857142857142858,29.5,0.9286323728879454,68,True,True
20.0,29.5,0.9298385981005681,70,True,True
20.142857142857142,29.5,0.9310286792441447,70,True,True
20.285714285714285,29.5,0.9322027414140974,72,True,True
20.428571428571427,29.5,0.9333609106088946,69,True,True
20.571428571428573,29.5,0.9345033136847828,66,True,True
20.714285714285715,29.5,0.9356300783109011,61,True,True
20.857142857142858,29.5,0.9367413329247853,57,True,True
21.0,29.5,0.9378372066882821,51,True,True
21.142857142857142,29.5,0.9389178294438809,40,True,True
21.285714285714285,29.5,0.9399833316714803,34,True,True
21.428571428571427,29.5,0.9410338444455961,25,True,True
21.571428571428573,29.5,0.9420694993930279,24,True,True
21.714285714285715,29.5,0.9430904286509911,18,True,True
21.857142857142858,29.5,0.9440967648257281,17,True,True
22.0,29.5,0.9450886409516078,22,True,True
22.142857142857142,29.5,0.9460661904507217,26,True,True
22.285714285714285,29.5,0.947029547092991,30,True,True
22.428571428571427,29.5,0.9479788449567872,33,True,True
22.571428571428573,29.5,0.9489142183900806,36,True,True
22.714285714285715,29.5,0.9498358019721219,39,True,True
22.857142857142858,29.5,0.9507437304756647,46,True,True
23.0,29.5,0.9516381388297388,53,True,True
23.142857142857142,29.5,0.9525191620829772,60,True,True
23.285714285714285,29.5,0.9533869353675077,67,True,True
23.428571428571427,29.5,0.9542415938634128,67,True,True
23.571428571428573,29.5,0.9550832727637633,69,True,True
23.714285714285715,29.5,0.9559121072402328,71,True,True
23.857142857142858,29.5,0.9567282324092974,73,True,True
24.0,29.5,0.9575317832990238,71,True,True
24.142857142857142,29.5,0.9583228948164524,63,True,True
24.285714285714285,29.5,0.9591017017155767,58,True,True
24.428571428571427,29.5,0.9598683385659253,52,True,True
24.571428571428573,29.5,0.9606229397217467,47,True,True
24.714285714285715,29.5,0.9613656392918004,42,True,True
24.857142857142858,29.5,0.962096571109759,37,True,True
25.0,29.5,0.9628158687052202,31,True,True
11.0,30.0,0.8098444867792507,43,True,True
11.142857142857142,30.0,0.8122947455156142,48,True,True
11.285714285714286,30.0,0.8147249557772819,61,True,True
11.428571428571429,30.0,0.8171350823425313,67,True,True
11.571428571428571,30.0,0.8195250937230503,76,True,True
11.714285714285714,30.0,0.8218949621388416,86,True,True
11.857142857142858,30.0,0.8242446634920614,96,True,True
12.0,30.0,0.8265741773398098,108,True,True
12.142857142857142,30.0,0.8288834868658996,108,True,True
12.285714285714286,30.0,0.8311725788516215,118,True,True
12.428571428571429,30.0,0.8334414436455309,122,True,True
12.571428571428571,30.0,0.8356900751322763,123,True,True
12.714285714285714,30.0,0.8379184707004975,128,True,True
12.857142857142858,30.0,0.8401266312098088,133,True,True
13.0,30.0,0.8423145609568994,128,True,True
13.142857142857142,30.0,0.8444822676407693,123,True,True
13.285714285714286,30.0,0.8466297623271266,119,True,True
13.428571428571429,30.0,0.8487570594119693,105,True,True
13.571428571428571,30.0,0.8508641765843795,99,True,True
13.714285714285714,30.0,0.8529511347885477,97,True,True
13.857142857142858,30.0,0.8550179581850619,91,True,True
14.0,30.0,0.8570646741114745,84,True,True
14.142857142857142,30.0,0.8590913130421849,75,True,True
14.285714285714286,30.0,0.8610979085476497,74,True,True
14.428571428571429,30.0,0.8630844972529579,69,True,True
14.571428571428571,30.0,0.865051118795787,70,True,True
14.714285714285714,30.0,0.8669978157837706,70,True,True
14.857142857142858,30.0,0.8689246337513008,73,True,True
15.0,30.0,0.8708316211157918,79,True,True
15.142857142857142,30.0,0.8727188291334287,88,True,True
15.285714285714286,30.0,0.874586311854427,95,True,True
15.428571428571429,30.0,0.876434126077831,102,True,True
15.571428571428571,30.0,0.8782623313058706,102,True,True
15.714285714285714,30.0,0.8800709896979078,105,True,True
15.857142857142858,30.0,0.8818601660239933,117,True,True
16.0,30.0,0.883629927618061,121,True,True
16.142857142857142,30.0,0.8853803443307842,119,True,True
16.285714285714285,30.0,0.8871114884821176,120,True,True
16.428571428571427,30.0,0.888823434813552,119,True,True
16.571428571428573,30.0,0.890516260440102,115,True,True
16.714285714285715,30.0,0.8921900448020568,105,True,True
16.857142857142858,30.0,0.8938448696165124,107,True,True
17.0,30.0,0.8954808188287136,98,True,True
17.142857142857142,30.0,0.8970979785632259,82,True,True
17.285714285714285,30.0,0.8986964370749648,70,True,True
17.428571428571427,30.0,0.9002762847001019,56,True,True
17.571428571428573,30.0,0.9018376138068732,49,True,True
17.714285714285715,30.0,0.9033805187463123,43,True,True
17.857142857142858,30.0,0.9049050958029297,36,True,True
18.0,30.0,0.9064114431453623,32,True,True
18.142857142857142,30.0,0.9078996607770135,25,True,True
18.285714285714285,30.0,0.9093698504867073,28,True,True
18.428571428571427,30.0,0.9108221157993748,29,True,True
18.571428571428573,30.0,0.9122565619267998,32,True,True
18.714285714285715,30.0,0.9136732957184359,32,True,True
18.857142857142858,30.0,0.9150724256123253,39,True,True
19.0,30.0,0.9164540615861304,50,True,True
19.142857142857142,30.0,0.9178183151083057,58,True,True
19.285714285714285,30.0,0.9191652990894219,67,True,True
19.428571428571427,30.0,0.9204951278336689,66,True,True
19.571428571428573,30.0,0.9218079169905499,73,True,True
19.714285714285715,30.0,0.9231037835067888,75,True,True
19.857142857142858,30.0,0.9243828455784673,75,True,True
20.0,30.0,0.9256452226034101,77,True,True
20.142857142857142,30.0,0.9268910351338348,76,True,True
20.285714285714285,30.0,0.9281204048292826,78,True,True
20.428571428571427,30.0,0.9293334544098486,75,True,True
20.571428571428573,30.0,0.9305303076097242,72,True,True
20.714285714285715,30.0,0.9317110891310705,67,True,True
20.857142857142858,30.0,0.9328759245982361,63,True,True
21.0,30.0,0.934024940512334,56,True,True
21.142857142857142,30.0,0.9351582642061935,43,True,True
21.285714285714285,30.0,0.9362760237996981,35,True,True
21.428571428571427,30.0,0.9373783481555262,26,True,True
21.571428571428573,30.0,0.9384653668353062,26,True,True
21.714285714285715,30.0,0.9395372100561981,19,True,True
21.857142857142858,30.0,0.9405940086479148,18,True,True
22.0,30.0,0.9416358940101943,24,True,True
22.142857142857142,30.0,0.9426629980707346,29,True,True
22.285714285714285,30.0,0.9436754532436031,33,True,True
22.428571428571427,30.0,0.9446733923881282,37,True,True
22.571428571428573,30.0,0.945656948768286,41,True,True
22.714285714285715,30.0,0.9466262560125914,45,True,True
22.857142857142858,30.0,0.9475814480745028,51,True,True
23.0,30.0,0.9485226591933456,59,True,True
23.142857142857142,30.0,0.94945002385577,67,True,True
23.285714285714285,30.0,0.9503636767577455,74,True,True
23.428571428571427,30.0,0.9512637527671004,74,True,True
23.571428571428573,30.0,0.9521503868866166,76,True,True
23.714285714285715,30.0,0.9530237142176821,79,True,True
23.857142857142858,30.0,0.9538838699245116,81,True,True
24.0,30.0,0.9547309891989384,79,True,True
24.142857142857142,30.0,0.9555652072257836,70,True,True
24.285714285714285,30.0,0.9563866591488098,63,True,True
24.428571428571427,30.0,0.9571954800372608,57,True,True
24.571428571428573,30.0,0.9579918048529943,51,True,True
24.714285714285715,30.0,0.9587757684182094,45,True,True
24.857142857142858,30.0,0.9595475053837768,39,True,True
25.0,30.0,0.9603071501981671,33,True,True
11.0,30.5,0.8013125803411473,43,True,True
11.142857142857142,30.5,0.8038310954439352,49,True,True
11.285714285714286,30.5,0.8063297110876657,61,True,True
11.428571428571429,30.5,0.8088083791061225,66,True,True
11.571428571428571,30.5,0.8112670551439788,78,True,True
11.714285714285714,30.5,0.8137056986355126,88,True,True
11.857142857142858,30.5,0.8161242727821807,97,True,True
12.0,30.5,0.8185227445290761,108,True,True
12.142857142857142,30.5,0.8209010845402891,108,True,True
12.285714285714286,30.5,0.8232592671731904,116,True,True
12.428571428571429,30.5,0.8255972704516599,121,True,True
12.571428571428571,30.5,0.8279150760382826,122,True,True
12.714285714285714,30.5,0.8302126692055329,129,True,True
12.857142857142858,30.5,0.8324900388059701,135,True,True
13.0,30.5,0.8347471772414665,131,True,True
13.142857142857142,30.5,0.8369840804314939,126,True,True
13.285714285714286,30.5,0.8392007477804893,121,True,True
13.428571428571429,30.5,0.8413971821443226,109,True,True
13.571428571428571,30.5,0.8435733897958941,104,True,True
13.714285714285714,30.5,0.8457293803898805,101,True,True
13.857142857142858,30.5,0.8478651669266567,95,True,True
14.0,30.5,0.8499807657154187,89,True,True
14.142857142857142,30.5,0.852076196336528,82,True,True
14.285714285714286,30.5,0.8541514816031073,81,True,True
14.428571428571429,30.5,0.8562066475219071,77,True,True
14.571428571428571,30.5,0.8582417232534743,78,True,True
14.714285714285714,30.5,0.8602567410716404,78,True,True
14.857142857142858,30.5,0.8622517363223623,80,True,True
15.0,30.5,0.864226747381934,83,True,True
15.142857142857142,30.5,0.8661818156145994,92,True,True
15.285714285714286,30.5,0.8681169853295895,101,True,True
15.428571428571429,30.5,0.8700323037376084,106,True,True
15.571428571428571,30.5,0.8719278209067968,106,True,True
15.714285714285714,30.5,0.8738035897181928,109,True,True
15.857142857142858,30.5,0.875659665820722,116,True,True
16.0,30.5,0.8774961075857362,120,True,True
16.142857142857142,30.5,0.8793129760611302,119,True,True
16.285714285714285,30.5,0.8811103349250584,119,True,True
16.428571428571427,30.5,0.8828882504392794,118,True,True
16.571428571428573,30.5,0.8846467914021499,113,True,True
16.714285714285715,30.5,0.8863860291012978,104,True,True
16.857142857142858,30.5,0.8881060372659931,106,True,True
17.0,30.5,0.8898068920192453,98,True,True
17.142857142857142,30.5,0.8914886718296515,84,True,True
17.285714285714285,30.5,0.8931514574630168,73,True,True
17.428571428571427,30.5,0.8947953319337737,56,True,True
17.571428571428573,30.5,0.8964203804562224,50,True,True
17.714285714285715,30.5,0.8980266903956174,44,True,True
17.857142857142858,30.5,0.8996143512191226,38,True,True
18.0,30.5,0.901183454446658,37,True,True
18.142857142857142,30.5,0.9027340936016611,31,True,True
18.285714285714285,30.5,0.9042663641617872,35,True,True
18.428571428571427,30.5,0.9057803635095675,36,True,True
18.571428571428573,30.5,0.9072761908830517,39,True,True
18.714285714285715,30.5,0.9087539473264524,36,True,True
18.857142857142858,30.5,0.9102137356408165,40,True,True
19.0,30.5,0.9116556603347428,50,True,True
19.142857142857142,30.5,0.913079827575166,55,True,True
19.285714285714285,30.5,0.9144863451382317,64,True,True
19.428571428571427,30.5,0.9158753223602768,62,True,True
19.571428571428573,30.5,0.9172468700889411,68,True,True
19.714285714285715,30.5,0.9186011006344242,70,True,True
19.857142857142858,30.5,0.9199381277209113,71,True,True
20.0,30.5,0.9212580664381845,74,True,True
20.142857142857142,30.5,0.9225610331934391,72,True,True
20.285714285714285,30.5,0.9238471456633209,74,True,True
20.428571428571427,30.5,0.9251165227462061,69,True,True
20.571428571428573,30.5,0.9263692845147367,66,True,True
20.714285714285715,30.5,0.9276055521686317,61,True,True
20.857142857142858,30.5,0.92882544798779,60,True,True
21.0,30.5,0.9300290952856982,54,True,True
21.142857142857142,30.5,0.9312166183631647,42,True,True
21.285714285714285,30.5,0.9323881424623897,36,True,True
21.428571428571427,30.5,0.9335437937213898,27,True,True
21.571428571428573,30.5,0.9346836991287903,27,True,True
21.714285714285715,30.5,0.9358079864789993,21,True,True
21.857142857142858,30.5,0.9369167843277777,19,True,True
22.0,30.5,0.9380102219482178,23,True,True
22.142857142857142,30.5,0.939088429287145,27,True,True
22.285714285714285,30.5,0.9401515369219519,32,True,True
22.428571428571427,30.5,0.94119967601788,36,True,True
22.571428571428573,30.5,0.9422329782857587,41,True,True
22.714285714285715,30.5,0.9432515759402138,45,True,True
22.857142857142858,30.5,0.944255601658355,49,True,True
23.0,30.5,0.9452451885389535,57,True,True
23.142857142857142,30.5,0.9462204700621202,65,True,True
23.285714285714285,30.5,0.9471815800494918,73,True,True
23.428571428571427,30.5,0.9481286526249376,74,True,True
23.571428571428573,30.5,0.9490618221757897,75,True,True
23.714285714285715,30.5,0.9499812233146114,78,True,True
23.857142857142858,30.5,0.9508869908415073,80,True,True
24.0,30.5,0.9517792597069831,79,True,True
24.142857142857142,30.5,0.9526581649753632,71,True,True
24.285714285714285,30.5,0.9535238417887711,63,True,True
24.428571428571427,30.5,0.9543764253316821,56,True,True
24.571428571428573,30.5,0.9552160507960465,50,True,True
24.714285714285715,30.5,0.9560428533469997,43,True,True
24.857142857142858,30.5,0.9568569680891525,37,True,True
25.0,30.5,0.9576585300334759,33,True,True
11.0,31.0,0.7925485135733245,42,True,True
11.142857142857142,31.0,0.7951346765160443,49,True,True
11.285714285714286,31.0,0.7977011338231421,62,True,True
11.428571428571429,31.0,0.8002478241486113,67,True,True
11.571428571428571,31.0,0.8027746900212773,80,True,True
11.714285714285714,31.0,0.80528167782755,89,True,True
11.857142857142858,31.0,0.807768737792971,97,True,True
12.0,31.0,0.8102358239625774,109,True,True
12.142857142857142,31.0,0.8126828941800992,112,True,True
12.285714285714286,31.0,0.8151099100660109,120,True,True
12.428571428571429,31.0,0.8175168369944558,125,True,True
12.571428571428571,31.0,0.8199036440690657,127,True,True
12.714285714285714,31.0,0.8222703040976937,133,True,True
12.857142857142858,31.0,0.8246167935660849,137,True,True
13.0,31.0,0.8269430926105035,134,True,True
13.142857142857142,31.0,0.8292491849893389,128,True,True
13.285714285714286,31.0,0.8315350580537152,123,True,True
13.428571428571429,31.0,0.8338007027171221,111,True,True
13.571428571428571,31.0,0.8360461134240965,106,True,True
13.714285714285714,31.0,0.8382712881179698,103,True,True
13.857142857142858,31.0,0.8404762282077123,99,True,True
14.0,31.0,0.8426609385338926,92,True,True
14.142857142857142,31.0,0.844825427333779,84,True,True
14.285714285714286,31.0,0.8469697062056051,85,True,True
14.428571428571429,31.0,0.8490937900720248,80,True,True
14.571428571428571,31.0,0.8511976971427823,81,True,True
14.714285714285714,31.0,0.8532814488766178,79,True,True
14.857142857142858,31.0,0.8553450699424395,80,True,True
15.0,31.0,0.8573885881797809,84,True,True
15.142857142857142,31.0,0.8594120345585735,93,True,True
15.285714285714286,31.0,0.861415443138255,102,True,True
15.428571428571429,31.0,0.8633988510262441,108,True,True
15.571428571428571,31.0,0.865362298335801,108,True,True
15.714285714285714,31.0,0.867305828143304,112,True,True
15.857142857142858,31.0,0.8692294864449639,119,True,True
16.0,31.0,0.8711333221130035,123,True,True
16.142857142857142,31.0,0.8730173868513279,124,True,True
16.285714285714285,31.0,0.8748817351507086,123,True,True
16.428571428571427,31.0,0.8767264242435092,122,True,True
16.571428571428573,31.0,0.8785515140579765,117,True,True
16.714285714285715,31.0,0.8803570671721215,109,True,True
16.857142857142858,31.0,0.8821431487672184,111,True,True
17.0,31.0,0.8839098265809433,104,True,True
17.142857142857142,31.0,0.8856571708601773,92,True,True
17.285714285714285,31.0,0.887385254313503,79,True,True
17.428571428571427,31.0,0.8890941520634139,62,True,True
17.571428571428573,31.0,0.8907839415982632,55,True,True
17.714285714285715,31.0,0.8924547027239782,47,True,True
17.857142857142858,31.0,0.8941065175155605,42,True,True
18.0,31.0,0.8957394702683992,41,True,True
18.142857142857142,31.0,0.897353647449419,36,True,True
18.285714285714285,31.0,0.898949137648088,38,True,True
18.428571428571427,31.0,0.9005260315273067,37,True,True
18.571428571428573,31.0,0.9020844217742028,40,True,True
18.714285714285715,31.0,0.9036244030508543,36,True,True
18.857142857142858,31.0,0.9051460719449633,40,True,True
19.0,31.0,0.9066495269205012,49,True,True
19.142857142857142,31.0,0.9081348682683508,54,True,True
19.285714285714285,31.0,0.9096021980569631,62,True,True
19.428571428571427,31.0,0.9110516200830531,60,True,True
19.571428571428573,31.0,0.9124832398223535,66,True,True
19.714285714285715,31.0,0.9138971643804489,68,True,True
19.857142857142858,31.0,0.9152935024437093,70,True,True
20.0,31.0,0.9166723642303443,72,True,True
20.142857142857142,31.0,0.9180338614415957,69,True,True
20.285714285714285,31.0,0.9193781072130924,70,True,True
20.428571428571427,31.0,0.9207052160663782,66,True,True
20.571428571428573,31.0,0.922015303860642,63,True,True
20.714285714285715,31.0,0.9233084877446593,58,True,True
20.857142857142858,31.0,0.9245848861089676,57,True,True
21.0,31.0,0.9258446185382927,51,True,True
21.142857142857142,31.0,0.9270878057642425,40,True,True
21.285714285714285,31.0,0.9283145696182837,34,True,True
21.428571428571427,31.0,0.929525032985021,26,True,True
21.571428571428573,31.0,0.9307193197557915,26,True,True
21.714285714285715,31.0,0.931897554782591,20,True,True
21.857142857142858,31.0,0.9330598638323493,19,True,True
22.0,31.0,0.9342063735415648,22,True,True
22.142857142857142,31.0,0.9353372113713164,27,True,True
22.285714285714285,31.0,0.9364525055626672,32,True,True
22.428571428571427,31.0,0.9375523850924672,37,True,True
22.571428571428573,31.0,0.9386369796295768,40,True,True
22.714285714285715,31.0,0.9397064194915182,44,True,True
22.857142857142858,31.0,0.9407608356015666,48,True,True
23.0,31.0,0.9418003594462958,55,True,True
23.142857142857142,31.0,0.942825123033588,63,True,True
23.285714285714285,31.0,0.9438352588511185,71,True,True
23.428571428571427,31.0,0.944830899825327,72,True,True
23.571428571428573,31.0,0.9458121792808822,73,True,True
23.714285714285715,31.0,0.9467792309006557,76,True,True
23.857142857142858,31.0,0.9477321886862062,77,True,True
24.0,31.0,0.9486711869187909,75,True,True
24.142857142857142,31.0,0.9495963601209053,68,True,True
24.285714285714285,31.0,0.9505078430183652,60,True,True
24.428571428571427,31.0,0.9514057705029343,53,True,True
24.571428571428573,31.0,0.9522902775955069,46,True,True
24.714285714285715,31.0,0.9531614994098503,41,True,True
24.857142857142858,31.0,0.9540195711169162,35,True,True
25.0,31.0,0.954864627909724,31,True,True
11.0,31.5,0.7835547095396236,38,True,True
11.142857142857142,31.5,0.7862077569454513,46,True,True
11.285714285714286,31.5,0.7888413380463102,58,True,True
11.428571428571429,31.5,0.7914553781290876,63,True,True
11.571428571428571,31.5,0.7940498064051587,75,True,True
11.714285714285714,31.5,0.7966245559973861,84,True,True
11.857142857142858,31.5,0.7991795639258623,92,True,True
12.0,31.5,0.8017147710923975,103,True,True
12.142857142857142,31.5,0.8042301222637862,108,True,True
12.285714285714286,31.5,0.8067255660538577,114,True,True
12.428571428571429,31.5,0.8092010549043351,119,True,True
12.571428571428571,31.5,0.8116565450645217,122,True,True
12.714285714285714,31.5,0.8140919965698301,127,True,True
12.857142857142858,31.5,0.8165073732191801,134,True,True
13.0,31.5,0.8189026425512784,132,True,True
13.142857142857142,31.5,0.8212777758198071,126,True,True
13.285714285714286,31.5,0.8236327479675378,120,True,True
13.428571428571429,31.5,0.8259675375993947,111,True,True
13.571428571428571,31.5,0.8282821269544871,108,True,True
13.714285714285714,31.5,0.8305765018771365,105,True,True
13.857142857142858,31.5,0.832850651786914,100,True,True
14.0,31.5,0.83510456964772,94,True,True
14.142857142857142,31.5,0.8373382519359204,87,True,True
14.285714285714286,31.5,0.8395516986075684,87,True,True
14.428571428571429,31.5,0.8417449130647326,84,True,True
14.571428571428571,31.5,0.8439179021209566,85,True,True
14.714285714285714,31.5,0.8460706759658729,83,True,True
14.857142857142858,31.5,0.8482032481289952,84,True,True
15.0,31.5,0.8503156354427162,82,True,True
15.142857142857142,31.5,0.8524078580045314,92,True,True
15.285714285714286,31.5,0.8544799391385163,99,True,True
15.428571428571429,31.5,0.8565319053560813,105,True,True
15.571428571428571,31.5,0.8585637863160287,105,True,True
15.714285714285714,31.5,0.8605756147839385,113,True,True
15.857142857142858,31.5,0.862567426590905,120,True,True
16.0,31.5,0.8645392605916531,123,True,True
16.142857142857142,31.5,0.8664911586220573,123,True,True
16.285714285714285,31.5,0.8684231654560888,123,True,True
16.428571428571427,31.5,0.8703353287622182,122,True,True
16.571428571428573,31.5,0.8722276990592951,115,True,True
16.714285714285715,31.5,0.874100329671935,110,True,True
16.857142857142858,31.5,0.8759532766854334,112,True,True
17.0,31.5,0.8777865989002371,103,True,True
17.142857142857142,31.5,0.8796003577859948,94,True,True
17.285714285714285,31.5,0.8813946174352135,81,True,True
17.428571428571427,31.5,0.8831694445165452,67,True,True
17.571428571428573,31.5,0.8849249082277286,56,True,True
17.714285714285715,31.5,0.8866610802482118,44,True,True
17.857142857142858,31.5,0.8883780346914777,37,True,True
18.0,31.5,0.8900758480571018,37,True,True
18.142857142857142,31.5,0.8917545991825606,34,True,True
18.285714285714285,31.5,0.8934143691948192,36,True,True
18.428571428571427,31.5,0.8950552414617208,34,True,True
18.571428571428573,31.5,0.8966773015432005,38,True,True
18.714285714285715,31.5,0.8982806371423496,36,True,True
18.857142857142858,31.5,0.8998653380563522,39,True,True
19.0,31.5,0.9014314961273162,46,True,True
19.142857142857142,31.5,0.9029792051930237,52,True,True
19.285714285714285,31.5,0.9045085610376233,57,True,True
19.428571428571427,31.5,0.9060196613422845,56,True,True
19.571428571428573,31.5,0.9075126056358382,62,True,True
19.714285714285715,31.5,0.908987495245425,63,True,True
19.857142857142858,31.5,0.9104444332471713,64,True,True
20.0,31.5,0.9118835244169176,66,True,True
20.142857142857142,31.5,0.9133048751810147,63,True,True
20.285714285714285,31.5,0.9147085935672139,63,True,True
20.428571428571427,31.5,0.9160947891556682,60,True,True
20.571428571428573,31.5,0.9174635730300637,58,True,True
20.714285714285715,31.5,0.9188150577289038,53,True,True
20.857142857142858,31.5,0.9201493571969632,52,True,True
21.0,31.5,0.9214665867369298,47,True,True
21.142857142857142,31.5,0.9227668629612548,37,True,True
21.285714285714285,31.5,0.9240503037442289,30,True,True
21.428571428571427,31.5,0.9253170281743002,25,True,True
21.571428571428573,31.5,0.926567156506653,25,True,True
21.714285714285715,31.5,0.9278008101160645,19,True,True
21.857142857142858,31.5,0.9290181114500544,19,True,True
22.0,31.5,0.930219183982345,21,True,True
22.142857142857142,31.5,0.9314041521666465,27,True,True
22.285714285714285,31.5,0.9325731413907825,30,True,True
22.428571428571427,31.5,0.9337262779311728,35,True,True
22.571428571428573,31.5,0.9348636889076851,40,True,True
22.714285714285715,31.5,0.9359855022388717,42,True,True
22.857142857142858,31.5,0.9370918465976026,45,True,True
23.0,31.5,0.9381828513671119,51,True,True
23.142857142857142,31.5,0.9392586465974669,58,True,True
23.285714285714285,31.5,0.9403193629624722,65,True,True
23.428571428571427,31.5,0.9413651317170242,67,True,True
23.571428571428573,31.5,0.9423960846549237,67,True,True
23.714285714285715,31.5,0.9434123540671603,72,True,True
23.857142857142858,31.5,0.9444140727006758,72,True,True
24.0,31.5,0.9454013737176234,70,True,True
24.142857142857142,31.5,0.9463743906551239,65,True,True
24.285714285714285,31.5,0.947333257385535,56,True,True
24.428571428571427,31.5,0.9482781080772404,51,True,True
24.571428571428573,31.5,0.9492090771559661,44,True,True
24.714285714285715,31.5,0.9501262992666333,37,True,True
24.857142857142858,31.5,0.9510299092357564,32,True,True
25.0,31.5,0.9519200420343903,27,True,True
11.0,32.0,0.7743341255730292,36,True,True
11.142857142857142,32.0,0.7770531371949856,46,True,True
11.285714285714286,32.0,0.7797529678797772,58,True,True
11.428571428571429,32.0,0.7824335294102549,62,True,True
11.571428571428571,32.0,0.7850947375284463,74,True,True
11.714285714285714,32.0,0.7877365119269983,83,True,True
11.857142857142858,32.0,0.7903587762393038,89,True,True
12.0,32.0,0.7929614580283264,100,True,True
12.142857142857142,32.0,0.7955444887741372,105,True,True
12.285714285714286,32.0,0.7981078038601841,110,True,True
12.428571428571429,32.0,0.8006513425583052,115,True,True
12.571428571428571,32.0,0.8031750480125068,118,True,True
12.714285714285714,32.0,0.8056788672215224,121,True,True
12.857142857142858,32.0,0.8081627510201705,128,True,True
13.0,32.0,0.8106266540595319,127,True,True
13.142857142857142,32.0,0.8130705347859633,121,True,True
13.285714285714286,32.0,0.8154943554189669,116,True,True
13.428571428571429,32.0,0.8178980819279392,107,True,True
13.571428571428571,32.0,0.8202816840078159,105,True,True
13.714285714285714,32.0,0.8226451350536331,102,True,True
13.857142857142858,32.0,0.824988412134032,98,True,True
14.0,32.0,0.8273114959637207,95,True,True
14.142857142857142,32.0,0.8296143708749211,88,True,True
14.285714285714286,32.0,0.8318970247878208,88,True,True
14.428571428571429,32.0,0.8341594491800517,84,True,True
14.571428571428571,32.0,0.8364016390552198,85,True,True
14.714285714285714,32.0,0.8386235929105097,81,True,True
14.857142857142858,32.0,0.8408253127033849,81,True,True
15.0,32.0,0.8430068038174092,79,True,True
15.142857142857142,32.0,0.8451680750272137,88,True,True
15.285714285714286,32.0,0.8473091384626315,93,True,True
15.428571428571429,32.0,0.8494300095720273,99,True,True
15.571428571428571,32.0,0.8515307070848418,99,True,True
15.714285714285714,32.0,0.8536112529733813,108,True,True
15.857142857142858,32.0,0.8556716724138727,113,True,True
16.0,32.0,0.8577119937468106,115,True,True
16.142857142857142,32.0,0.8597322484366231,114,True,True
16.285714285714285,32.0,0.8617324710306771,111,True,True
16.428571428571427,32.0,0.8637126991176531,111,True,True
16.571428571428573,32.0,0.8656729732853123,104,True,True
16.714285714285715,32.0,0.8676133370776802,99,True,True
16.857142857142858,32.0,0.8695338369516761,102,True,True
17.0,32.0,0.8714345222332089,97,True,True
17.142857142857142,32.0,0.8733154450727683,88,True,True
17.285714285714285,32.0,0.8751766604005343,75,True,True
17.428571428571427,32.0,0.8770182258810324,64,True,True
17.571428571428573,32.0,0.8788402018673567,53,True,True
17.714285714285715,32.0,0.8806426513549903,42,True,True
17.857142857142858,32.0,0.8824256399352437,36,True,True
18.0,32.0,0.8841892357483383,37,True,True
18.142857142857142,32.0,0.8859335094361607,35,True,True
18.285714285714285,32.0,0.8876585340947101,35,True,True
18.428571428571427,32.0,0.8893643852262653,32,True,True
18.571428571428573,32.0,0.8910511406912953,35,True,True
18.714285714285715,32.0,0.8927188806601362,33,True,True
18.857142857142858,32.0,0.8943676875644615,36,True,True
19.0,32.0,0.8959976460485679,43,True,True
19.142857142857142,32.0,0.8976088429204974,49,True,True
19.285714285714285,32.0,0.8992013671030266,53,True,True
19.428571428571427,32.0,0.9007753095845382,52,True,True
19.571428571428573,32.0,0.9023307633698034,56,True,True
19.714285714285715,32.0,0.9038678234306954,56,True,True
19.857142857142858,32.0,0.9053865866568565,59,True,True
20.0,32.0,0.9068871518063426,61,True,True
20.142857142857142,32.0,0.9083696194562658,56,True,True
20.285714285714285,32.0,0.9098340919534553,56,True,True
20.428571428571427,32.0,0.9112806733651618,55,True,True
20.571428571428573,32.0,0.9127094694298221,54,True,True
20.714285714285715,32.0,0.9141205875079079,50,True,True
20.857142857142858,32.0,0.9155141365328776,48,True,True
21.0,32.0,0.9168902269622508,43,True,True
21.142857142857142,32.0,0.9182489707288254,32,True,True
21.285714285714285,32.0,0.9195904811920586,25,True,True
21.428571428571427,32.0,0.9209148730896268,21,True,True
21.571428571428573,32.0,0.9222222624891865,21,True,True
21.714285714285715,32.0,0.9235127667403533,17,True,True
21.857142857142858,32.0,0.9247865044269151,18,True,True
22.0,32.0,0.9260435953193007,19,True,True
22.142857142857142,32.0,0.9272841603273163,23,True,True
22.285714285714285,32.0,0.9285083214531711,26,True,True
22.428571428571427,32.0,0.9297162017448034,32,True,True
22.571428571428573,32.0,0.9309079252495285,38,True,True
22.714285714285715,32.0,0.9320836169680196,40,True,True
22.857142857142858,32.0,0.933243402808637,43,True,True
23.0,32.0,0.9343874095421254,48,True,True
23.142857142857142,32.0,0.9355157647566845,53,True,True
23.285714285714285,32.0,0.9366285968134354,58,True,True
23.428571428571427,32.0,0.9377260348022912,60,True,True
23.571428571428573,32.0,0.9388082084982471,60,True,True
23.714285714285715,32.0,0.9398752483180993,65,True,True
23.857142857142858,32.0,0.9409272852776103,65,True,True
24.0,32.0,0.9419644509491256,63,True,True
24.142857142857142,32.0,0.9429868774196603,58,True,True
24.285714285714285,32.0,0.9439946972494582,51,True,True
24.428571428571427,32.0,0.9449880434310426,47,True,True
24.571428571428573,32.0,0.9459670493487619,39,True,True
24.714285714285715,32.0,0.9469318487388416,31,True,True
24.857142857142858,32.0,0.9478825756499548,27,True,True
25.0,32.0,0.9488193644043151,22,True,True
11.0,32.5,0.7648902588717184,29,True,True
11.142857142857142,32.5,0.7676741561697672,36,True,True
11.285714285714286,32.5,0.7704392042883723,47,True,True
11.428571428571429,32.5,0.7731853014219561,51,True,True
11.571428571428571,32.5,0.775912349743239,63,True,True
11.714285714285714,32.5,0.7786202553992922,70,True,True
11.857142857142858,32.5,0.7813089285062271,75,True,True
12.0,32.5,0.783978283142531,84,True,True
12.142857142857142,32.5,0.7866282373410702,89,True,True
12.285714285714286,32.5,0.7892587130797672,92,True,True
12.428571428571429,32.5,0.7918696362709708,97,True,True
12.571428571428571,32.5,0.7944609367495337,100,True,True
12.714285714285714,32.5,0.7970325482596106,103,True,True
12.857142857142858,32.5,0.7995844084401994,108,True,True
13.0,32.5,0.8021164588094358,107,True,True
13.142857142857142,32.5,0.8046286447476618,103,True,True
13.285714285714286,32.5,0.8071209154792875,99,True,True
13.428571428571429,32.5,0.8095932240534619,92,True,True
13.571428571428571,32.5,0.8120455273235732,90,True,True
13.714285714285714,32.5,0.8144777859255969,87,True,True
13.857142857142858,32.5,0.8168899642553147,84,True,True
14.0,32.5,0.8192820304444177,82,True,True
14.142857142857142,32.5,0.8216539563355245,78,True,True
14.285714285714286,32.5,0.8240057174561254,76,True,True
14.428571428571429,32.5,0.8263372929914796,75,True,True
14.571428571428571,32.5,0.8286486657564878,75,True,True
14.714285714285714,32.5,0.8309398221665577,71,True,True
14.857142857142858,32.5,0.8332107522074909,70,True,True
15.0,32.5,0.835461449404407,71,True,True
15.142857142857142,32.5,0.8376919107897363,78,True,True
15.285714285714286,32.5,0.839902136870295,82,True,True
15.428571428571429,32.5,0.8420921315934755,86,True,True
15.571428571428571,32.5,0.8442619023125679,86,True,True
15.714285714285714,32.5,0.8464114597512431,95,True,True
15.857142857142858,32.5,0.8485408179672164,96,True,True
16.0,32.5,0.8506499943151202,98,True,True
16.142857142857142,32.5,0.8527390094086077,97,True,True
16.285714285714285,32.5,0.8548078870817131,94,True,True
16.428571428571427,32.5,0.8568566543494945,95,True,True
16.571428571428573,32.5,0.8588853413679817,87,True,True
16.714285714285715,32.5,0.8608939813934563,84,True,True
16.857142857142858,32.5,0.8628826107410896,85,True,True
17.0,32.5,0.8648512687429614,81,True,True
17.142857142857142,32.5,0.8667999977054852,73,True,True
17.285714285714285,32.5,0.868728842866269,61,True,True
17.428571428571427,32.5,0.8706378523504308,53,True,True
17.571428571428573,32.5,0.8725270771264005,43,True,True
17.714285714285715,32.5,0.8743965709612274,33,True,True
17.857142857142858,32.5,0.8762463903754238,26,True,True
18.0,32.5,0.8780765945973672,28,True,True
18.142857142857142,32.5,0.8798872455172866,27,True,True
18.285714285714285,32.5,0.8816784076408579,28,True,True
18.428571428571427,32.5,0.8834501480424344,27,True,True
18.571428571428573,32.5,0.8852025363179362,28,True,True
18.714285714285715,32.5,0.8869356445374236,25,True,True
18.857142857142858,32.5,0.8886495471973785,25,True,True
19.0,32.5,0.890344321172721,31,True,True
19.142857142857142,32.5,0.8920200456685804,37,True,True
19.285714285714285,32.5,0.8936768021718507,39,True,True
19.428571428571427,32.5,0.8953146744025494,38,True,True
19.571428571428573,32.5,0.8969337482650069,43,True,True
19.714285714285715,32.5,0.8985341117989086,42,True,True
19.857142857142858,32.5,0.9001158551302124,45,True,True
20.0,32.5,0.9016790704219666,46,True,True
20.142857142857142,32.5,0.9032238518250493,42,True,True
20.285714285714285,32.5,0.904750295428852,41,True,True
20.428571428571427,32.5,0.9062584992119316,39,True,True
20.571428571428573,32.5,0.90774856299265,38,True,True
20.714285714285715,32.5,0.9092205883798262,36,True,True
20.857142857142858,32.5,0.9106746787234182,35,True,True
21.0,32.5,0.9121109390652614,32,True,True
21.142857142857142,32.5,0.9135294760898784,25,True,True
21.285714285714285,32.5,0.9149303980753855,18,True,True
21.428571428571427,32.5,0.9163138148445124,16,True,True
21.571428571428573,32.5,0.9176798377157582,15,True,True
21.714285714285715,32.5,0.9190285794547004,10,True,True
21.857142857142858,32.5,0.9203601542254776,11,True,True
22.0,32.5,0.9216746775424636,10,True,True
22.142857142857142,32.5,0.922972266222152,14,True,True
22.285714285714285,32.5,0.9242530383352697,16,True,True
22.428571428571427,32.5,0.9255171131591355,21,True,True
22.571428571428573,32.5,0.9267646111302821,26,True,True
22.714285714285715,32.5,0.9279956537973574,28,True,True
22.857142857142858,32.5,0.9292103637743236,30,True,True
23.0,32.5,0.9304088646939671,34,True,True
23.142857142857142,32.5,0.9315912811617375,36,True,True
23.285714285714285,32.5,0.9327577387099293,41,True,True
23.428571428571427,32.5,0.9339083637522214,43,True,True
23.571428571428573,32.5,0.9350432835385902,43,True,True
23.714285714285715,32.5,0.9361626261106075,47,True,True
23.857142857142858,32.5,0.9372665202571395,47,True,True
24.0,32.5,0.9383550954704596,46,True,True
24.142857142857142,32.5,0.939428481902784,44,True,True
24.285714285714285,32.5,0.9404868103232499,39,True,True
24.428571428571427,32.5,0.9415302120753395,37,True,True
24.571428571428573,32.5,0.9425588190347681,31,True,True
24.714285714285715,32.5,0.9435727635678438,25,True,True
24.857142857142858,32.5,0.94457217849031,21,True,True
25.0,32.5,0.945557197026681,17,True,True
11.0,33.0,0.7552271499989522,28,True,True
11.142857142857142,33.0,0.7580746953382751,37,True,True
11.285714285714286,33.0,0.7609037698146315,47,True,True
11.428571428571429,33.0,0.7637142580040372,51,True,True
11.571428571428571,33.0,0.7665060484638441,59,True,True
11.714285714285714,33.0,0.7692790337335415,64,True,True
11.857142857142858,33.0,0.7720331103341588,69,True,True
12.0,33.0,0.7747681787662734,76,True,True
12.142857142857142,33.0,0.7774841435066404,82,True,True
12.285714285714286,33.0,0.7801809130034525,86,True,True
12.428571428571429,33.0,0.7828583996702437,90,True,True
12.571428571428571,33.0,0.7855165198784517,95,True,True
12.714285714285714,33.0,0.7881551939486499,98,True,True
12.857142857142858,33.0,0.7907743461404647,103,True,True
13.0,33.0,0.7933739046411962,100,True,True
13.142857142857142,33.0,0.7959538015531505,96,True,True
13.285714285714286,33.0,0.7985139728797096,91,True,True
13.428571428571429,33.0,0.8010543585101445,85,True,True
13.571428571428571,33.0,0.8035749022032006,83,True,True
13.714285714285714,33.0,0.8060755515694626,80,True,True
13.857142857142858,33.0,0.8085562580525242,77,True,True
14.0,33.0,0.8110169769089778,75,True,True
14.142857142857142,33.0,0.8134576671872455,72,True,True
14.285714285714286,33.0,0.8158782917052694,70,True,True
14.428571428571429,33.0,0.8182788170270816,69,True,True
14.571428571428571,33.0,0.8206592134382766,71,True,True
14.714285714285714,33.0,0.8230194549204031,66,True,True
14.857142857142858,33.0,0.8253595191243,65,True,True
15.0,33.0,0.8276793873423964,66,True,True
15.142857142857142,33.0,0.8299790444799982,72,True,True
15.285714285714286,33.0,0.8322584790255829,76,True,True
15.428571428571429,33.0,0.8345176830201266,79,True,True
15.571428571428571,33.0,0.8367566520254854,79,True,True
15.714285714285714,33.0,0.8389753850918521,89,True,True
15.857142857142858,33.0,0.8411738847243178,91,True,True
16.0,33.0,0.8433521568485538,94,True,True
16.142857142857142,33.0,0.8455102107756456,93,True,True
16.285714285714285,33.0,0.8476480591660972,90,True,True
16.428571428571427,33.0,0.8497657179930341,91,True,True
16.571428571428573,33.0,0.8518632065046262,84,True,True
16.714285714285715,33.0,0.8539405471857586,83,True,True
16.857142857142858,33.0,0.8559977657189728,85,True,True
17.0,33.0,0.8580348909447029,81,True,True
17.142857142857142,33.0,0.8600519548208347,73,True,True
17.285714285714285,33.0,0.8620489923816093,61,True,True
17.428571428571427,33.0,0.8640260416958996,52,True,True
17.571428571428573,33.0,0.8659831438248824,43,True,True
17.714285714285715,33.0,0.8679203427791322,32,True,True
17.857142857142858,33.0,0.8698376854751645,24,True,True
18.0,33.0,0.8717352216914491,26,True,True
18.142857142857142,33.0,0.8736130040239227,25,True,True
18.285714285714285,33.0,0.8754710878410255,26,True,True
18.428571428571427,33.0,0.8773095312382843,26,True,True
18.571428571428573,33.0,0.8791283949924719,27,True,True
18.714285714285715,33.0,0.8809277425153628,25,True,True
18.857142857142858,33.0,0.8827076398071153,25,True,True
19.0,33.0,0.8844681554092996,30,True,True
19.142857142857142,33.0,0.8862093603576027,36,True,True
19.285714285714285,33.0,0.8879313281342287,38,True,True
19.428571428571427,33.0,0.8896341346200234,37,True,True
19.571428571428573,33.0,0.8913178580463468,41,True,True
19.714285714285715,33.0,0.8929825789467148,41,True,True
19.857142857142858,33.0,0.8946283801082395,45,True,True
20.0,33.0,0.8962553465228851,46,True,True
20.142857142857142,33.0,0.8978635653385705,43,True,True
20.285714285714285,33.0,0.8994531258101357,42,True,True
20.428571428571427,33.0,0.9010241192501989,41,True,True
20.571428571428573,33.0,0.9025766389799261,38,True,True
20.714285714285715,33.0,0.9041107802797351,37,True,True
20.857142857142858,33.0,0.9056266403399593,36,True,True
21.0,33.0,0.9071243182114882,34,True,True
21.142857142857142,33.0,0.9086039147564129,27,True,True
21.285714285714285,33.0,0.910065532598692,20,True,True
21.428571428571427,33.0,0.9115092760748643,18,True,True
21.571428571428573,33.0,0.9129352511848258,17,True,True
21.714285714285715,33.0,0.9143435655426929,13,True,True
21.857142857142858,33.0,0.9157343283277726,14,True,True
22.0,33.0,0.9171076502356585,12,True,True
22.142857142857142,33.0,0.9184636434294731,15,True,True
22.285714285714285,33.0,0.9198024214912748,17,True,True
22.428571428571427,33.0,0.9211240993736501,22,True,True
22.571428571428573,33.0,0.922428793351507,26,True,True
22.714285714285715,33.0,0.9237166209740898,29,True,True
22.857142857142858,33.0,0.9249877010172334,30,True,True
23.0,33.0,0.9262421534358716,34,True,True
23.142857142857142,33.0,0.9274800993168195,36,True,True
23.285714285714285,33.0,0.9287016608318456,40,True,True
23.428571428571427,33.0,0.929906961191048,42,True,True
23.571428571428573,33.0,0.9310961245965546,43,True,True
23.714285714285715,33.0,0.9322692761965576,48,True,True
23.857142857142858,33.0,0.9334265420397021,48,True,True
24.0,33.0,0.9345680490298393,47,True,True
24.142857142857142,33.0,0.9356939248811613,45,True,True
24.285714285714285,33.0,0.9368042980737303,41,True,True
24.428571428571427,33.0,0.9378992978094154,38,True,True
24.571428571428573,33.0,0.9389790539682484,32,True,True
24.714285714285715,33.0,0.940043697065216,26,True,True
24.857142857142858,33.0,0.9410933582074932,22,True,True
25.0,33.0,0.9421281690521361,19,True,True
11.0,33.5,0.7453493842110797,24,True,True
11.142857142857142,33.5,0.7482591807024823,32,True,True
11.285714285714286,33.5,0.7511509311852902,42,True,True
11.428571428571429,33.5,0.7540245066431346,46,True,True
11.571428571428571,33.5,0.7568797820275008,53,True,True
11.714285714285714,33.5,0.7597166362633999,57,True,True
11.857142857142858,33.5,0.7625349522536068,60,True,True
12.0,33.5,0.7653346168814719,68,True,True
12.142857142857142,33.5,0.7681155210123181,74,True,True
12.285714285714286,33.5,0.7708775594934296,77,True,True
12.428571428571429,33.5,0.773620631152645,81,True,True
12.571428571428571,33.5,0.776344638795565,86,True,True
12.714285714285714,33.5,0.7790494892013863,90,True,True
12.857142857142858,33.5,0.7817350931173749,94,True,True
13.0,33.5,0.7844013652519897,92,True,True
13.142857142857142,33.5,0.7870482242666722,87,True,True
13.285714285714286,33.5,0.7896755927663159,83,True,True
13.428571428571429,33.5,0.7922833972884286,77,True,True
13.571428571428571,33.5,0.7948715682910055,75,True,True
13.714285714285714,33.5,0.7974400401391276,73,True,True
13.857142857142858,33.5,0.7999887510903011,71,True,True
14.0,33.5,0.8025176432785563,71,True,True
14.142857142857142,33.5,0.8050266626973246,67,True,True
14.285714285714286,33.5,0.807515759181107,66,True,True
14.428571428571429,33.5,0.8099848863859586,66,True,True
14.571428571428571,33.5,0.8124340017688042,67,True,True
14.714285714285714,33.5,0.8148630665656051,63,True,True
14.857142857142858,33.5,0.8172720457683987,61,True,True
15.0,33.5,0.8196609081012289,62,True,True
15.142857142857142,33.5,0.82202962599499,68,True,True
15.285714285714286,33.5,0.8243781755612039,72,True,True
15.428571428571429,33.5,0.826706536564753,75,True,True
15.571428571428571,33.5,0.8290146923955901,75,True,True
15.714285714285714,33.5,0.8313026300394479,82,True,True
15.857142857142858,33.5,0.8335703400475696,83,True,True
16.0,33.5,0.8358178165054844,87,True,True
16.142857142857142,33.5,0.8380450570008515,87,True,True
16.285714285714285,33.5,0.8402520625903946,84,True,True
16.428571428571427,33.5,0.8424388377659504,84,True,True
16.571428571428573,33.5,0.8446053904196565,77,True,True
16.714285714285715,33.5,0.8467517318083013,76,True,True
16.857142857142858,33.5,0.848877876516861,78,True,True
17.0,33.5,0.8509838424212479,75,True,True
17.142857142857142,33.5,0.8530696506502935,67,True,True
17.285714285714285,33.5,0.855135325546994,57,True,True
17.428571428571427,33.5,0.8571808946290402,48,True,True
17.571428571428573,33.5,0.8592063885486573,39,True,True
17.714285714285715,33.5,0.8612118410517817,29,True,True
17.857142857142858,33.5,0.8631972889365978,22,True,True
18.0,33.5,0.8651627720114607,25,True,True
18.142857142857142,33.5,0.8671083330522313,23,True,True
18.285714285714285,33.5,0.8690340177590465,24,True,True
18.428571428571427,33.5,0.8709398747125532,23,True,True
18.571428571428573,33.5,0.872825955329628,23,True,True
18.714285714285715,33.5,0.8746923138186107,21,True,True
18.857142857142858,33.5,0.8765390071340752,20,True,True
19.0,33.5,0.8783660949311639,25,True,True
19.142857142857142,33.5,0.8801736395195101,30,True,True
19.285714285714285,33.5,0.881961705816774,32,True,True
19.428571428571427,33.5,0.8837303613018167,32,True,True
19.571428571428573,33.5,0.8854796759675381,35,True,True
19.714285714285715,33.5,0.8872097222734017,36,True,True
19.857142857142858,33.5,0.888920575097673,40,True,True
20.0,33.5,0.8906123116893943,41,True,True
20.142857142857142,33.5,0.8922850116201211,38,True,True
20.285714285714285,33.5,0.893938756735443,37,True,True
20.428571428571427,33.5,0.8955736311063163,36,True,True
20.571428571428573,33.5,0.8971897209802258,34,True,True
20.714285714285715,33.5,0.8987871147322071,35,True,True
20.857142857142858,33.5,0.9003659028157467,35,True,True
21.0,33.5,0.9019261777135853,34,True,True
21.142857142857142,33.5,0.9034680338884467,27,True,True
21.285714285714285,33.5,0.9049915677337156,21,True,True
21.428571428571427,33.5,0.9064968775240858,19,True,True
21.571428571428573,33.5,0.9079840633662006,18,True,True
21.714285714285715,33.5,0.9094532271493065,15,True,True
21.857142857142858,33.5,0.9109044724959465,15,True,True
22.0,33.5,0.9123379047127039,12,True,True
22.142857142857142,33.5,0.9137536307410294,15,True,True
22.285714285714285,33.5,0.9151517591081633,16,True,True
22.428571428571427,33.5,0.9165323998781749,19,True,True
22.571428571428573,33.5,0.9178956646031429,22,True,True
22.714285714285715,33.5,0.9192416662744897,25,True,True
22.857142857142858,33.5,0.9205705192744928,26,True,True
23.0,33.5,0.9218823393279936,29,True,True
23.142857142857142,33.5,0.9231772434543146,32,True,True
23.285714285714285,33.5,0.9244553499194121,35,True,True
23.428571428571427,33.5,0.9257167781882755,37,True,True
23.571428571428573,33.5,0.9269616488775917,38,True,True
23.714285714285715,33.5,0.9281900837086947,43,True,True
23.857142857142858,33.5,0.9294022054608109,43,True,True
24.0,33.5,0.9305981379246215,42,True,True
24.142857142857142,33.5,0.9317780058561551,41,True,True
24.285714285714285,33.5,0.9329419349310245,37,True,True
24.428571428571427,33.5,0.9340900516990263,34,True,True
24.571428571428573,33.5,0.9352224835391124,30,True,True
24.714285714285715,33.5,0.9363393586147524,25,True,True
24.857142857142858,33.5,0.9374408058296968,21,True,True
25.0,33.5,0.9385269547841559,18,True,True
11.0,34.0,0.7352620905497169,23,True,True
11.142857142857142,34.0,0.7382325825495949,32,True,True
11.285714285714286,34.0,0.7411854997178676,42,True,True
11.428571428571429,34.0,0.7441206995290655,45,True,True
11.571428571428571,34.0,0.747038043395238,51,True,True
11.714285714285714,34.0,0.7499373966765839,55,True,True
11.857142857142858,34.0,0.7528186286906202,57,True,True
12.0,34.0,0.7556816127199042,62,True,True
12.142857142857142,34.0,0.7585262260183103,69,True,True
12.285714285714286,34.0,0.7613523498158683,71,True,True
12.428571428571429,34.0,0.764159869322175,75,True,True
12.571428571428571,34.0,0.766948673728384,79,True,True
12.714285714285714,34.0,0.769718656207786,83,True,True
12.857142857142858,34.0,0.7724697139149866,87,True,True
13.0,34.0,0.775201747983696,86,True,True
13.142857142857142,34.0,0.777914663523138,82,True,True
13.285714285714286,34.0,0.7806083696130945,77,True,True
13.428571428571429,34.0,0.7832827792975946,70,True,True
13.571428571428571,34.0,0.7859378095772636,69,True,True
13.714285714285714,34.0,0.7885733814003452,68,True,True
13.857142857142858,34.0,0.7911894196524125,66,True,True
14.0,34.0,0.7937858531447799,66,True,True
14.142857142857142,34.0,0.7963626146016369,64,True,True
14.285714285714286,34.0,0.7989196406459129,63,True,True
14.428571428571429,34.0,0.8014568717838977,63,True,True
14.571428571428571,34.0,0.803974252388628,64,True,True
14.714285714285714,34.0,0.806471730682063,60,True,True
14.857142857142858,34.0,0.8089492587160645,58,True,True
15.0,34.0,0.8114067923522001,58,True,True
15.142857142857142,34.0,0.8138442912403928,62,True,True
15.285714285714286,34.0,0.8162617187964296,67,True,True
15.428571428571429,34.0,0.8186590421783576,70,True,True
15.571428571428571,34.0,0.8210362322617817,70,True,True
15.714285714285714,34.0,0.8233932636140869,76,True,True
15.857142857142858,34.0,0.8257301144676086,76,True,True
16.0,34.0,0.8280467666917691,79,True,True
16.142857142857142,34.0,0.8303432057642055,78,True,True
16.285714285714285,34.0,0.8326194207409086,74,True,True
16.428571428571427,34.0,0.8348754042253977,74,True,True
16.571428571428573,34.0,0.8371111523369537,69,True,True
16.714285714285715,34.0,0.8393266646779312,69,True,True
16.857142857142858,34.0,0.841521944300179,71,True,True
17.0,34.0,0.8436969976705853,68,True,True
17.142857142857142,34.0,0.845851834635778,63,True,True
17.285714285714285,34.0,0.8479864683859992,55,True,True
17.428571428571427,34.0,0.8501009154181838,47,True,True
17.571428571428573,34.0,0.8521951954982598,38,True,True
17.714285714285715,34.0,0.8542693316227017,29,True,True
17.857142857142858,34.0,0.8563233499793574,23,True,True
18.0,34.0,0.8583572799075763,25,True,True
18.142857142857142,34.0,0.8603711538576609,24,True,True
18.285714285714285,34.0,0.8623650073496696,24,True,True
18.428571428571427,34.0,0.864338878931595,25,True,True
18.571428571428573,34.0,0.8662928101369425,24,True,True
18.714285714285715,34.0,0.868226845441735,22,True,True
18.857142857142858,34.0,0.8701410322209693,19,True,True
19.0,34.0,0.8720354207045491,23,True,True
19.142857142857142,34.0,0.873910063932719,28,True,True
19.285714285714285,34.0,0.8757650177110288,31,True,True
19.428571428571427,34.0,0.8776003405648457,31,True,True
19.571428571428573,34.0,0.8794160936934488,33,True,True
19.714285714285715,34.0,0.8812123409237235,34,True,True
19.857142857142858,34.0,0.8829891486634855,38,True,True
20.0,34.0,0.8847465858544561,39,True,True
20.142857142857142,34.0,0.8864847239249163,37,True,True
20.285714285714285,34.0,0.888203636742062,36,True,True
20.428571428571427,34.0,0.8899034005640875,35,True,True
20.571428571428573,34.0,0.891584093992018,32,True,True
20.714285714285715,34.0,0.8932457979213198,33,True,True
20.857142857142858,34.0,0.8948885954933068,32,True,True
21.0,34.0,0.8965125720463741,32,True,True
21.142857142857142,34.0,0.8981178150670738,26,True,True
21.285714285714285,34.0,0.8997044141410651,20,True,True
21.428571428571427,34.0,0.901272460903954,17,True,True
21.571428571428573,34.0,0.9028220489920522,16,True,True
21.714285714285715,34.0,0.9043532739930733,14,True,True
21.857142857142858,34.0,0.90586623339679,14,True,True
22.0,34.0,0.9073610265456755,11,True,True
22.142857142857142,34.0,0.9088377545855499,13,True,True
22.285714285714285,34.0,0.910296520416253,14,True,True
22.428571428571427,34.0,0.9117374286423643,18,True,True
22.571428571428573,34.0,0.9131605855239942,20,True,True
22.714285714285715,34.0,0.9145660989276616,22,True,True
22.857142857142858,34.0,0.9159540782772833,24,True,True
23.0,34.0,0.9173246345052916,26,True,True
23.142857142857142,34.0,0.9186778800039022,28,True,True
23.285714285714285,34.0,0.9200139285765487,32,True,True
23.428571428571427,34.0,0.9213328953895061,35,True,True
23.571428571428573,34.0,0.9226348969237184,37,True,True
23.714285714285715,34.0,0.9239200509268493,41,True,True
23.857142857142858,34.0,0.9251884763655772,41,True,True
24.0,34.0,0.9264402933781444,40,True,True
24.142857142857142,34.0,0.9276756232271866,39,True,True
24.285714285714285,34.0,0.9288945882528495,36,True,True
24.428571428571427,34.0,0.930097311826219,33,True,True
24.571428571428573,34.0,0.9312839183030706,28,True,True
24.714285714285715,34.0,0.9324545329779604,24,True,True
24.857142857142858,34.0,0.9336092820386712,21,True,True
25.0,34.0,0.9347482925210246,18,True,True
11.0,34.5,0.7249709386466786,20,True,True
11.142857142857142,34.5,0.7280004129302436,28,True,True
11.285714285714286,34.5,0.7310128294685074,36,True,True
11.428571428571429,34.5,0.7340080323683837,39,True,True
11.571428571428571,34.5,0.7369858696268805,43,True,True
11.714285714285714,34.5,0.7399461931467415,46,True,True
11.857142857142858,34.5,0.7428888587506215,48,True,True
12.0,34.5,0.7458137261937907,53,True,True
12.142857142857142,34.5,0.7487206591753768,60,True,True
12.285714285714286,34.5,0.7516095253481478,63,True,True
12.428571428571429,34.5,0.754480196326843,66,True,True
12.571428571428571,34.5,0.7573325476950541,70,True,True
12.714285714285714,34.5,0.7601664590106694,70,True,True
12.857142857142858,34.5,0.762981813809883,73,True,True
13.0,34.5,0.7657784996097826,71,True,True
13.142857142857142,34.5,0.7685564079095193,68,True,True
13.285714285714286,34.5,0.7713154341900752,64,True,True
13.428571428571429,34.5,0.7740554779126348,58,True,True
13.571428571428571,34.5,0.7767764425155732,57,True,True
13.714285714285714,34.5,0.7794782354100724,56,True,True
13.857142857142858,34.5,0.7821607679743796,55,True,True
14.0,34.5,0.7848239555467162,55,True,True
14.142857142857142,34.5,0.7874677174168583,51,True,True
14.285714285714286,34.5,0.7900919768163952,50,True,True
14.428571428571429,34.5,0.7926966609076864,50,True,True
14.571428571428571,34.5,0.7952817007715309,52,True,True
14.714285714285714,34.5,0.7978470313935636,48,True,True
14.857142857142858,34.5,0.8003925916493961,48,True,True
15.0,34.5,0.8029183242885207,49,True,True
15.142857142857142,34.5,0.8054241759169926,54,True,True
15.285714285714286,34.5,0.8079100969789094,57,True,True
15.428571428571429,34.5,0.8103760417367085,59,True,True
15.571428571428571,34.5,0.8128219682502984,59,True,True
15.714285714285714,34.5,0.8152478383550438,65,True,True
15.857142857142858,34.5,0.8176536176386289,66,True,True
16.0,34.5,0.820039275416812,68,True,True
16.142857142857142,34.5,0.8224047847080992,66,True,True
16.285714285714285,34.5,0.8247501222073534,63,True,True
16.428571428571427,34.5,0.8270752682583633,63,True,True
16.571428571428573,34.5,0.8293802068253923,59,True,True
16.714285714285715,34.5,0.83166492546373,58,True,True
16.857142857142858,34.5,0.8339294152892707,60,True,True
17.0,34.5,0.8361736709471382,57,True,True
17.142857142857142,34.5,0.838397690579384,52,True,True
17.285714285714285,34.5,0.8406014757917779,42,True,True
17.428571428571427,34.5,0.84278503161972,37,True,True
17.571428571428573,34.5,0.8449483664932911,30,True,True
17.714285714285715,34.5,0.8470914922014738,22,True,True
17.857142857142858,34.5,0.8492144238555618,17,True,True
18.0,34.5,0.8513171798517831,18,True,True
18.142857142857142,34.5,0.8533997818331667,18,True,True
18.285714285714285,34.5,0.8554622546506707,17,True,True
18.428571428571427,34.5,0.8575046263236006,18,True,True
18.571428571428573,34.5,0.8595269279993435,19,True,True
18.714285714285715,34.5,0.8615291939124392,17,True,True
18.857142857142858,34.5,0.8635114613430193,16,True,True
19.0,34.5,0.8654737705746344,18,True,True
19.142857142857142,34.5,0.8674161648514964,24,True,True
19.285714285714285,34.5,0.8693386903351631,27,True,True
19.428571428571427,34.5,0.8712413960606877,28,True,True
19.571428571428573,34.5,0.8731243338922599,31,True,True
19.714285714285715,34.5,0.8749875584783637,32,True,True
19.857142857142858,34.5,0.8768311272064779,35,True,True
20.0,34.5,0.8786551001573426,35,True,True
20.142857142857142,34.5,0.8804595400588181,34,True,True
20.285714285714285,34.5,0.8822445122393625,32,True,True
20.428571428571427,34.5,0.8840100845811498,32,True,True
20.571428571428573,34.5,0.885756327472857,29,True,True
20.714285714285715,34.5,0.8874833137621412,28,True,True
20.857142857142858,34.5,0.8891911187078338,27,True,True
21.0,34.5,0.8908798199318777,27,True,True
21.142857142857142,34.5,0.8925494973710253,23,True,True
21.285714285714285,34.5,0.8942002332283301,17,True,True
21.428571428571427,34.5,0.8958321119244486,14,True,True
21.571428571428573,34.5,0.8974452200487796,13,True,True
21.714285714285715,34.5,0.8990396463104657,11,True,True
21.857142857142858,34.5,0.9006154814892746,11,True,True
22.0,34.5,0.9021728183863915,9,True,False
22.142857142857142,34.5,0.9037117517751365,11,True,True
22.285714285714285,34.5,0.9052323783516374,10,True,True
22.428571428571427,34.5,0.906734796685474,14,True,True
22.571428571428573,34.5,0.9082191071703201,17,True,True
22.714285714285715,34.5,0.9096854119746025,19,True,True
22.857142857142858,34.5,0.9111338149921993,21,True,True
23.0,34.5,0.9125644217931972,24,True,True
23.142857142857142,34.5,0.913977339574731,25,True,True
23.285714285714285,34.5,0.9153726771119248,27,True,True
23.428571428571427,34.5,0.916750544708951,29,True,True
23.571428571428573,34.5,0.9181110541502345,31,True,True
23.714285714285715,34.5,0.9194543186518138,35,True,True
23.857142857142858,34.5,0.9207804528128836,34,True,True
24.0,34.5,0.9220895725675325,33,True,True
24.142857142857142,34.5,0.9233817951367012,32,True,True
24.285714285714285,34.5,0.9246572389803689,30,True,True
24.428571428571427,34.5,0.9259160237499963,29,True,True
24.571428571428573,34.5,0.9271582702412333,25,True,True
24.714285714285715,34.5,0.9283841003469145,21,True,True
24.857142857142858,34.5,0.9295936370103545,18,True,True
25.0,34.5,0.9307870041789611,15,True,True
11.0,35.0,0.7144821332034366,16,True,True
11.142857142857142,35.0,0.7175687208209715,23,True,True
11.285714285714286,35.0,0.7206388130750575,29,True,True
11.428571428571429,35.0,0.7236922409052661,32,True,True
11.571428571428571,35.0,0.7267288390766082,35,True,True
11.714285714285714,35.0,0.7297484462002226,38,True,True
11.857142857142858,35.0,0.7327509047525865,40,True,True
12.0,35.0,0.7357360610932548,44,True,True
12.142857142857142,35.0,0.7387037654811214,48,True,True
12.285714285714286,35.0,0.7416538720892107,52,True,True
12.428571428571429,35.0,0.7445862390180004,55,True,True
12.571428571428571,35.0,0.7475007283072763,59,True,True
12.714285714285714,35.0,0.75039720594653,59,True,True
12.857142857142858,35.0,0.7532755418838983,63,True,True
13.0,35.0,0.7561356100336534,60,True,True
13.142857142857142,35.0,0.7589772882822499,58,True,True
13.285714285714286,35.0,0.7618004584929372,54,True,True
13.428571428571429,35.0,0.7646050065089426,49,True,True
13.571428571428571,35.0,0.7673908221552372,48,True,True
13.714285714285714,35.0,0.7701577992388915,47,True,True
13.857142857142858,35.0,0.7729058355480317,46,True,True
14.0,35.0,0.7756348328494094,46,True,True
14.142857142857142,35.0,0.7783446968845916,43,True,True
14.285714285714286,35.0,0.7810353373647899,42,True,True
14.428571428571429,35.0,0.7837066679643339,42,True,True
14.571428571428571,35.0,0.7863586063128095,44,True,True
14.714285714285714,35.0,0.7889910739858705,39,True,True
14.857142857142858,35.0,0.791603996494742,39,True,True
15.0,35.0,0.7941973032744281,40,True,True
15.142857142857142,35.0,0.796770927670642,44,True,True
15.285714285714286,35.0,0.7993248069254719,47,True,True
15.428571428571429,35.0,0.8018588821618051,48,True,True
15.571428571428571,35.0,0.8043730983665183,48,True,True
15.714285714285714,35.0,0.806867404372463,53,True,True
15.857142857142858,35.0,0.8093417528392575,54,True,True
16.0,35.0,0.8117961002329037,56,True,True
16.142857142857142,35.0,0.8142304068042552,54,True,True
16.285714285714285,35.0,0.8166446365663471,53,True,True
16.428571428571427,35.0,0.8190387572706146,53,True,True
16.571428571428573,35.0,0.8214127403820202,49,True,True
16.714285714285715,35.0,0.8237665610531055,49,True,True
16.857142857142858,35.0,0.8261001980969962,51,True,True
17.0,35.0,0.8284136339593768,48,True,True
17.142857142857142,35.0,0.8307068546894587,43,True,True
17.285714285714285,35.0,0.8329798499099651,36,True,True
17.428571428571427,35.0,0.8352326127861538,31,True,True
17.571428571428573,35.0,0.837465139993902,25,True,True
17.714285714285715,35.0,0.8396774316868759,18,True,True
17.857142857142858,35.0,0.8418694914628089,13,True,True
18.0,35.0,0.8440413263289118,14,True,True
18.142857142857142,35.0,0.8461929466664392,13,True,True
18.285714285714285,35.0,0.8483243661944366,12,True,True
18.428571428571427,35.0,0.8504356019326924,13,True,True
18.571428571428573,35.0,0.8525266741639193,14,True,True
18.714285714285715,35.0,0.8545976063951881,13,True,True
18.857142857142858,35.0,0.8566484253186439,12,True,True
19.0,35.0,0.8586791607715236,13,True,True
19.142857142857142,35.0,0.8606898456955023,19,True,True
19.285714285714285,35.0,0.8626805160953965,22,True,True
19.428571428571427,35.0,0.8646512109972438,23,True,True
19.571428571428573,35.0,0.8666019724057891,26,True,True
19.714285714285715,35.0,0.8685328452613998,27,True,True
19.857142857142858,35.0,0.8704438773964384,30,True,True
20.0,35.0,0.8723351194911129,30,True,True
20.142857142857142,35.0,0.8742066250288354,31,True,True
20.285714285714285,35.0,0.876058450251112,30,True,True
20.428571428571427,35.0,0.8778906541119877,31,True,True
20.571428571428573,35.0,0.879703298232075,29,True,True
20.714285714285715,35.0,0.8814964468521876,28,True,True
20.857142857142858,35.0,0.8832701667866073,27,True,True
21.0,35.0,0.8850245273760065,27,True,True
21.142857142857142,35.0,0.8867596004400534,24,True,True
21.285714285714285,35.0,0.8884754602297221,18,True,True
21.428571428571427,35.0,0.8901721833793346,15,True,True
21.571428571428573,35.0,0.8918498488583558,14,True,True
21.714285714285715,35.0,0.8935085379229704,12,True,True
21.857142857142858,35.0,0.8951483340674602,11,True,True
22.0,35.0,0.89676932297541,9,True,False
22.142857142857142,35.0,0.8983715924707636,10,True,True
22.285714285714285,35.0,0.8999552324687534,8,True,False
22.428571428571427,35.0,0.9015203349267258,11,True,True
22.571428571428573,35.0,0.9030669937948894,14,True,True
22.714285714285715,35.0,0.9045953049670029,16,True,True
22.857142857142858,35.0,0.9061053662310286,18,True,True
23.0,35.0,0.9075972772197725,20,True,True
23.142857142857142,35.0,0.9090711393615343,21,True,True
23.285714285714285,35.0,0.9105270558307857,23,True,True
23.428571428571427,35.0,0.9119651314989017,26,True,True
23.571428571428573,35.0,0.9133854728849615,28,True,True
23.714285714285715,35.0,0.9147881881066451,32,True,True
23.857142857142858,35.0,0.9161733868312405,32,True,True
24.0,35.0,0.9175411802267845,32,True,True
24.142857142857142,35.0,0.9188916809133554,31,True,True
24.285714285714285,35.0,0.9202250029145362,30,True,True
24.428571428571427,35.0,0.9215412616090708,29,True,True
24.571428571428573,35.0,0.9228405736827232,26,True,True
24.714285714285715,35.0,0.924123057080369,22,True,True
24.857142857142858,35.0,0.925388830958327,19,True,True
25.0,35.0,0.926638015636954,16,True,True
11.0,35.5,0.7038024061207434,11,True,True
11.142857142857142,35.5,0.7069440849425401,17,True,True
11.285714285714286,35.5,0.7100698752628422,22,True,True
11.428571428571429,35.5,0.7131795951131685,23,True,True
11.571428571428571,35.5,0.7162730662685675,26,True,True
11.714285714285714,35.5,0.7193501142733464,28,True,True
11.857142857142858,35.5,0.7224105684653297,29,True,True
12.0,35.5,0.7254542619986424,34,True,True
12.142857142857142,35.5,0.7284810318650189,39,True,True
12.285714285714286,35.5,0.7314907189136359,43,True,True
12.428571428571429,35.5,0.7344831678694699,44,True,True
12.571428571428571,35.5,0.7374582273501786,47,True,True
12.714285714285714,35.5,0.7404157498815114,48,True,True
12.857142857142858,35.5,0.743355591911248,48,True,True
13.0,35.5,0.7462776138216709,45,True,True
13.142857142857142,35.5,0.7491816799405748,44,True,True
13.285714285714286,35.5,0.7520676585508184,41,True,True
13.428571428571429,35.5,0.754935421898422,36,True,True
13.571428571428571,35.5,0.7577848461992226,35,True,True
13.714285714285714,35.5,0.7606158116440866,34,True,True
13.857142857142858,35.5,0.763428202402694,34,True,True
14.0,35.5,0.766221906625898,34,True,True
14.142857142857142,35.5,0.7689968164466725,30,True,True
14.285714285714286,35.5,0.7717528279796566,28,True,True
14.428571428571429,35.5,0.7744898413193039,27,True,True
14.571428571428571,35.5,0.7772077605366527,29,True,True
14.714285714285714,35.5,0.7799064936747259,24,True,True
14.857142857142858,35.5,0.7825859527425706,24,True,True
15.0,35.5,0.7852460537079589,28,True,True
15.142857142857142,35.5,0.7878867164887533,32,True,True
15.285714285714286,35.5,0.7905078649429599,36,True,True
15.428571428571429,35.5,0.7931094268574777,39,True,True
15.571428571428571,35.5,0.7956913339355645,39,True,True
15.714285714285714,35.5,0.7982535217830324,41,True,True
15.857142857142858,35.5,0.8007959298931915,41,True,True
16.0,35.5,0.8033185016305557,43,True,True
16.142857142857142,35.5,0.805821184213336,41,True,True
16.285714285714285,35.5,0.8083039286947276,39,True,True
16.428571428571427,35.5,0.810766689943021,38,True,True
16.571428571428573,35.5,0.8132094266205503,35,True,True
16.714285714285715,35.5,0.8156321011614981,34,True,True
16.857142857142858,35.5,0.8180346797485805,36,True,True
17.0,35.5,0.8204171322886291,35,True,True
17.142857142857142,35.5,0.8227794323870932,31,True,True
17.285714285714285,35.5,0.8251215573214813,24,True,True
17.428571428571427,35.5,0.8274434880137678,19,True,True
17.571428571428573,35.5,0.8297452090017798,16,True,True
17.714285714285715,35.5,0.8320267084095946,13,True,True
17.857142857142858,35.5,0.8342879779169619,10,True,True
18.0,35.5,0.8365290127277819,12,True,True
18.142857142857142,35.5,0.8387498115376566,10,True,True
18.285714285714285,35.5,0.8409503765005388,9,True,False
18.428571428571427,35.5,0.8431307131945058,11,True,True
18.571428571428573,35.5,0.8452908305866762,13,True,True
18.714285714285715,35.5,0.8474307409972993,12,True,True
18.857142857142858,35.5,0.8495504600630386,11,True,True
19.0,35.5,0.851650006699473,11,True,True
19.142857142857142,35.5,0.8537294030628435,15,True,True
19.285714285714285,35.5,0.8557886745110671,19,True,True
19.428571428571427,35.5,0.8578278495640445,20,True,True
19.571428571428573,35.5,0.8598469598632867,23,True,True
19.714285714285715,35.5,0.8618460401308852,24,True,True
19.857142857142858,35.5,0.86382512812785,26,True,True
20.0,35.5,0.865784264611843,27,True,True
20.142857142857142,35.5,0.8677234932943308,27,True,True
20.285714285714285,35.5,0.8696428607971808,27,True,True
20.428571428571427,35.5,0.8715424166087284,28,True,True
20.571428571428573,35.5,0.8734222130393406,25,True,True
20.714285714285715,35.5,0.8752823051764984,24,True,True
20.857142857142858,35.5,0.8771227508394264,23,True,True
21.0,35.5,0.8789436105332928,23,True,True
21.142857142857142,35.5,0.8807449474030073,21,True,True
21.285714285714285,35.5,0.8825268271866376,17,True,True
21.428571428571427,35.5,0.8842893181684748,13,True,True
21.571428571428573,35.5,0.8860324911317687,12,True,True
21.714285714285715,35.5,0.8877564193111583,10,True,True
21.857142857142858,35.5,0.8894611783448249,9,True,False
22.0,35.5,0.8911468462263866,8,True,False
22.142857142857142,35.5,0.8928135032565649,7,True,False
22.285714285714285,35.5,0.8944612319946427,5,True,False
22.428571428571427,35.5,0.8960901172097389,8,True,False
22.571428571428573,35.5,0.8977002458319258,10,True,True
22.714285714285715,35.5,0.8992917069032071,13,True,True
22.857142857142858,35.5,0.9008645915283866,16,True,True
23.0,35.5,0.9024189928258441,18,True,True
23.142857142857142,35.5,0.9039550058782476,19,True,True
23.285714285714285,35.5,0.9054727276832163,21,True,True
23.428571428571427,35.5,0.9069722571039662,23,True,True
23.571428571428573,35.5,0.9084536948199522,25,True,True
23.714285714285715,35.5,0.909917143277531,27,True,True
23.857142857142858,35.5,0.9113627066406692,27,True,True
24.0,35.5,0.9127904907417108,27,True,True
24.142857142857142,35.5,0.9142006030322329,26,True,True
24.285714285714285,35.5,0.9155931525340024,26,True,True
24.428571428571427,35.5,0.9169682497900592,25,True,True
24.571428571428573,35.5,0.9183260068159418,22,True,True
24.714285714285715,35.5,0.9196665370510774,20,True,True
24.857142857142858,35.5,0.9209899553103541,17,True,True
25.0,35.5,0.9222963777358929,14,True,True
11.0,36.0,0.6929390062685151,8,True,False
11.142857142857142,36.0,0.6961336042198634,11,True,True
11.285714285714286,36.0,0.6993129639946982,14,True,True
11.428571428571429,36.0,0.7024768910346428,15,True,True
11.571428571428571,36.0,0.7056251944257664,18,True,True
11.714285714285714,36.0,0.7087576869293217,19,True,True
11.857142857142858,36.0,0.7118741850110193,20,True,True
12.0,36.0,0.7149745088688442,25,True,True
12.142857142857142,36.0,0.7180584824594023,29,True,True
12.285714285714286,36.0,0.7211259335227973,32,True,True
12.428571428571429,36.0,0.7241766936060349,33,True,True
12.571428571428571,36.0,0.7272105980849516,35,True,True
12.714285714285714,36.0,0.7302274861846674,36,True,True
12.857142857142858,36.0,0.7332272009985641,36,True,True
13.0,36.0,0.7362095895057872,33,True,True
13.142857142857142,36.0,0.7391745025872747,32,True,True
13.285714285714286,36.0,0.7421217950403132,29,True,True
13.428571428571429,36.0,0.745051325591627,26,True,True
13.571428571428571,36.0,0.7479629569090026,25,True,True
13.714285714285714,36.0,0.750856555611451,24,True,True
13.857142857142858,36.0,0.753731992277918,24,True,True
14.0,36.0,0.7565891414545435,23,True,True
14.142857142857142,36.0,0.75942788166048,19,True,True
14.285714285714286,36.0,0.762248095392277,17,True,True
14.428571428571429,36.0,0.7650496691268367,17,True,True
14.571428571428571,36.0,0.7678324933229567,19,True,True
14.714285714285714,36.0,0.770596462421461,16,True,True
14.857142857142858,36.0,0.7733414748439348,16,True,True
15.0,36.0,0.7760674329900739,19,True,True
15.142857142857142,36.0,0.7787742432336588,22,True,True
15.285714285714286,36.0,0.7814618159171642,26,True,True
15.428571428571429,36.0,0.7841300653450218,29,True,True
15.571428571428571,36.0,0.786778909775545,29,True,True
15.714285714285714,36.0,0.7894082714115316,30,True,True
15.857142857142858,36.0,0.7920180763895601,31,True,True
16.0,36.0,0.7946082547679929,33,True,True
16.142857142857142,36.0,0.7971787405137039,32,True,True
16.285714285714285,36.0,0.7997294714875464,33,True,True
16.428571428571427,36.0,0.8022603894285776,32,True,True
16.571428571428573,36.0,0.8047714399370586,30,True,True
16.714285714285715,36.0,0.807262572456247,30,True,True
16.857142857142858,36.0,0.8097337402530002,31,True,True
17.0,36.0,0.81218490039721,30,True,True
17.142857142857142,36.0,0.8146160137400855,27,True,True
17.285714285714285,36.0,0.8170270448913073,22,True,True
17.428571428571427,36.0,0.8194179621950691,17,True,True
17.571428571428573,36.0,0.821788737705033,14,True,True
17.714285714285715,36.0,0.8241393471582137,12,True,True
17.857142857142858,36.0,0.8264697699478171,9,True,False
18.0,36.0,0.8287799890950539,10,True,True
18.142857142857142,36.0,0.8310699912199502,8,True,False
18.285714285714285,36.0,0.8333397665111761,7,True,False
18.428571428571427,36.0,0.8355893086949195,9,True,False
18.571428571428573,36.0,0.8378186150028224,11,True,True
18.714285714285715,36.0,0.8400276861390078,10,True,True
18.857142857142858,36.0,0.8422165262462177,9,True,False
19.0,36.0,0.8443851428710876,9,True,False
19.142857142857142,36.0,0.8465335469285802,12,True,True
19.285714285714285,36.0,0.8486617526656062,16,True,True
19.428571428571427,36.0,0.8507697776238496,17,True,True
19.571428571428573,36.0,0.8528576426018295,20,True,True
19.714285714285715,36.0,0.8549253716162192,21,True,True
19.857142857142858,36.0,0.856972991862447,22,True,True
20.0,36.0,0.8590005336746075,23,True,True
20.142857142857142,36.0,0.8610080304847028,24,True,True
20.285714285714285,36.0,0.862995518781245,24,True,True
20.428571428571427,36.0,0.8649630380672394,25,True,True
20.571428571428573,36.0,0.8669106308175789,22,True,True
20.714285714285715,36.0,0.8688383424358709,21,True,True
20.857142857142858,36.0,0.8707462212107238,20,True,True
21.0,36.0,0.8726343182715197,20,True,True
21.142857142857142,36.0,0.8745026875436953,19,True,True
21.285714285714285,36.0,0.876351385703559,16,True,True
21.428571428571427,36.0,0.8781804721326686,12,True,True
21.571428571428573,36.0,0.8799900088717953,11,True,True
21.714285714285715,36.0,0.8817800605744974,9,True,False
21.857142857142858,36.0,0.8835506944603294,8,True,False
22.0,36.0,0.8853019802677149,8,True,False
22.142857142857142,36.0,0.887033990206501,7,True,False
22.285714285714285,36.0,0.8887467989102247,5,True,False
22.428571428571427,36.0,0.8904404833881143,7,True,False
22.571428571428573,36.0,0.892115122976848,8,True,False
22.714285714285715,36.0,0.8937707992920969,10,True,True
22.857142857142858,36.0,0.8954075961798742,12,True,True
23.0,36.0,0.8970255996677152,14,True,True
23.142857142857142,36.0,0.8986248979157119,15,True,True
23.285714285714285,36.0,0.9002055811674231,17,True,True
23.428571428571427,36.0,0.9017677417006893,19,True,True
23.571428571428573,36.0,0.9033114737783661,21,True,True
23.714285714285715,36.0,0.9048368735990068,23,True,True
23.857142857142858,36.0,0.9063440392475126,23,True,True
24.0,36.0,0.9078330706457728,23,True,True
24.142857142857142,36.0,0.909304069503317,22,True,True
24.285714285714285,36.0,0.910757139268001,22,True,True
24.428571428571427,36.0,0.9121923850767473,21,True,True
24.571428571428573,36.0,0.9136099137063611,19,True,True
24.714285714285715,36.0,0.9150098335244423,18,True,True
24.857142857142858,36.0,0.916392254440412,16,True,True
25.0,36.0,0.9177572878566774,14,True,True
11.0,36.5,0.6818996869009785,6,True,False
11.142857142857142,36.5,0.6851448858841821,9,True,False
11.285714285714286,36.5,0.688375539261519,11,True,True
11.428571428571429,36.5,0.6915914402612134,11,True,True
11.571428571428571,36.5,0.6947923856398749,13,True,True
11.714285714285714,36.5,0.6979781757181698,14,True,True
11.857142857142858,36.5,0.7011486144150605,15,True,True
12.0,36.5,0.7043035092806,19,True,True
12.142857142857142,36.5,0.7074426715272797,22,True,True
12.285714285714286,36.5,0.7105659160599194,24,True,True
12.428571428571429,36.5,0.7136730615040972,25,True,True
12.571428571428571,36.5,0.7167639302331149,29,True,True
12.714285714285714,36.5,0.7198383483934923,29,True,True
12.857142857142858,36.5,0.7228961459289915,29,True,True
13.0,36.5,0.7259371566031656,26,True,True
13.142857142857142,36.5,0.7289612180204328,25,True,True
13.285714285714286,36.5,0.731968171645674,23,True,True
13.428571428571429,36.5,0.734957862822355,21,True,True
13.571428571428571,36.5,0.7379301407891753,21,True,True
13.714285714285714,36.5,0.7408848586952419,20,True,True
13.857142857142858,36.5,0.7438218736137757,20,True,True
14.0,36.5,0.7467410465543507,19,True,True
14.142857142857142,36.5,0.7496422424736704,15,True,True
14.285714285714286,36.5,0.7525253302848883,14,True,True
14.428571428571429,36.5,0.7553901828654761,13,True,True
14.571428571428571,36.5,0.7582366770636468,15,True,True
14.714285714285714,36.5,0.7610646937033414,11,True,True
14.857142857142858,36.5,0.7638741175877851,11,True,True
15.0,36.5,0.7666648375016208,13,True,True
15.142857142857142,36.5,0.769436746211634,14,True,True
15.285714285714286,36.5,0.7721897404660732,18,True,True
15.428571428571429,36.5,0.7749237209925799,21,True,True
15.571428571428571,36.5,0.7776385924947393,21,True,True
15.714285714285714,36.5,0.7803342636472623,21,True,True
15.857142857142858,36.5,0.7830106470898133,22,True,True
16.0,36.5,0.7856676594194947,25,True,True
16.142857142857142,36.5,0.7883052211820045,24,True,True
16.285714285714285,36.5,0.79092325686148,25,True,True
16.428571428571427,36.5,0.793521694869042,24,True,True
16.571428571428573,36.5,0.7961004675300576,24,True,True
16.714285714285715,36.5,0.7986595110701347,24,True,True
16.857142857142858,36.5,0.801198765599868,25,True,True
17.0,36.5,0.8037181750983516,24,True,True
17.142857142857142,36.5,0.8062176873954766,22,True,True
17.285714285714285,36.5,0.8086972541530317,20,True,True
17.428571428571427,36.5,0.811156830844628,15,True,True
17.571428571428573,36.5,0.8135963767344627,12,True,True
17.714285714285715,36.5,0.8160158548549454,11,True,True
17.857142857142858,36.5,0.8184152319832058,9,True,False
18.0,36.5,0.8207944786165022,10,True,True
18.142857142857142,36.5,0.8231535689465543,7,True,False
18.285714285714285,36.5,0.825492480832818,6,True,False
18.428571428571427,36.5,0.8278111957747274,8,True,False
18.571428571428573,36.5,0.8301096988829245,10,True,True
18.714285714285715,36.5,0.8323879788494979,9,True,False
18.857142857142858,36.5,0.8346460279172556,8,True,False
19.0,36.5,0.8368838418480516,8,True,False
19.142857142857142,36.5,0.8391014198901934,10,True,True
19.285714285714285,36.5,0.8412987647449496,14,True,True
19.428571428571427,36.5,0.843475882532186,15,True,True
19.571428571428573,36.5,0.8456327827551487,17,True,True
19.714285714285715,36.5,0.8477694782644243,18,True,True
19.857142857142858,36.5,0.8498859852210958,19,True,True
20.0,36.5,0.8519823230591237,20,True,True
20.142857142857142,36.5,0.8540585144469732,21,True,True
20.285714285714285,36.5,0.8561145852485146,21,True,True
20.428571428571427,36.5,0.858150564483221,23,True,True
20.571428571428573,36.5,0.8601664842856884,20,True,True
20.714285714285715,36.5,0.8621623798645035,19,True,True
20.857142857142858,36.5,0.8641382894604843,18,True,True
21.0,36.5,0.8660942543043193,18,True,True
21.142857142857142,36.5,0.8680303185736288,17,True,True
21.285714285714285,36.5,0.869946529349477,15,True,True
21.428571428571427,36.5,0.8718429365723567,11,True,True
21.571428571428573,36.5,0.8737195929976733,11,True,True
21.714285714285715,36.5,0.8755765541507556,10,True,True
21.857142857142858,36.5,0.8774138782814134,9,True,False
22.0,36.5,0.8792316263180735,9,True,False
22.142857142857142,36.5,0.8810298618215135,8,True,False
22.285714285714285,36.5,0.8828086509382223,6,True,False
22.428571428571427,36.5,0.8845680623534103,8,True,False
22.571428571428573,36.5,0.8863081672436954,9,True,False
22.714285714285715,36.5,0.8880290392294867,10,True,True
22.857142857142858,36.5,0.8897307543270951,12,True,True
23.0,36.5,0.8914133909005909,14,True,True
23.142857142857142,36.5,0.8930770296134343,15,True,True
23.285714285714285,36.5,0.8947217533799026,16,True,True
23.428571428571427,36.5,0.8963476473163404,18,True,True
23.571428571428573,36.5,0.8979547986922495,20,True,True
23.714285714285715,36.5,0.8995432968812515,22,True,True
23.857142857142858,36.5,0.901113233311938,22,True,True
24.0,36.5,0.9026647014186362,22,True,True
24.142857142857142,36.5,0.9041977965921102,20,True,True
24.285714285714285,36.5,0.9057126161302218,20,True,True
24.428571428571427,36.5,0.9072092591885723,19,True,True
24.571428571428573,36.5,0.9086878267311469,17,True,True
24.714285714285715,36.5,0.9101484214809847,16,True,True
24.857142857142858,36.5,0.9115911478708929,15,True,True
25.0,36.5,0.9130161119942279,13,True,True
11.0,37.0,0.6706926907372603,5,True,False
11.142857142857142,37.0,0.6739860312332046,6,True,False
11.285714285714286,37.0,0.6772655595245933,9,True,False
11.428571428571429,37.0,0.6805310570601817,9,True,False
11.571428571428571,37.0,0.6837823086843731,12,True,True
11.714285714285714,37.0,0.6870191026777281,13,True,True
11.857142857142858,37.0,0.6902412307960735,14,True,True
12.0,37.0,0.6934484883081957,17,True,True
12.142857142857142,37.0,0.6966406740321168,20,True,True
12.285714285714286,37.0,0.6998175903699346,21,True,True
12.428571428571429,37.0,0.7029790433412266,22,True,True
12.571428571428571,37.0,0.7061248426150067,24,True,True
12.714285714285714,37.0,0.709254801540228,24,True,True
12.857142857142858,37.0,0.7123687371748288,24,True,True
13.0,37.0,0.715466470313312,23,True,True
13.142857142857142,37.0,0.7185478255128603,22,True,True
13.285714285714286,37.0,0.7216126311179779,21,True,True
13.428571428571429,37.0,0.7246607192836595,18,True,True
13.571428571428571,37.0,0.7276919259970849,18,True,True
13.714285714285714,37.0,0.7307060910978372,16,True,True
13.857142857142858,37.0,0.7337030582966458,16,True,True
14.0,37.0,0.7366826751926528,15,True,True
14.142857142857142,37.0,0.7396447932892088,12,True,True
14.285714285714286,37.0,0.7425892680081942,11,True,True
14.428571428571429,37.0,0.7455159587028752,10,True,True
14.571428571428571,37.0,0.7484247286692952,12,True,True
14.714285714285714,37.0,0.7513154451562062,10,True,True
14.857142857142858,37.0,0.7541879793735464,10,True,True
15.0,37.0,0.7570422064994712,12,True,True
15.142857142857142,37.0,0.7598780056859418,14,True,True
15.285714285714286,37.0,0.7626952600628822,18,True,True
15.428571428571429,37.0,0.7654938567409095,20,True,True
15.571428571428571,37.0,0.7682736868126506,20,True,True
15.714285714285714,37.0,0.7710346453526506,19,True,True
15.857142857142858,37.0,0.7737766314158872,18,True,True
16.0,37.0,0.7764995480348984,20,True,True
16.142857142857142,37.0,0.7792033022155407,19,True,True
16.285714285714285,37.0,0.7818878049313819,20,True,True
16.428571428571427,37.0,0.7845529711167512,19,True,True
16.571428571428573,37.0,0.7871987196584511,19,True,True
16.714285714285715,37.0,0.7898249733861525,19,True,True
16.857142857142858,37.0,0.7924316590614833,19,True,True
17.0,37.0,0.7950187073658277,18,True,True
17.142857142857142,37.0,0.7975860528868526,16,True,True
17.285714285714285,37.0,0.8001336341037755,14,True,True
17.428571428571427,37.0,0.8026613933713942,10,True,True
17.571428571428573,37.0,0.8051692769028926,7,True,False
17.714285714285715,37.0,0.8076572347514422,7,True,False
17.857142857142858,37.0,0.8101252207906198,7,True,False
18.0,37.0,0.8125731926936555,8,True,False
18.142857142857142,37.0,0.8150011119115359,7,True,False
18.285714285714285,37.0,0.8174089436499795,6,True,False
18.428571428571427,37.0,0.8197966568453045,7,True,False
18.571428571428573,37.0,0.8221642241392109,9,True,False
18.714285714285715,37.0,0.8245116218524979,8,True,False
18.857142857142858,37.0,0.826838829957738,7,True,False
19.0,37.0,0.8291458320509288,8,True,False
19.142857142857142,37.0,0.8314326153221459,11,True,True
19.285714285714285,37.0,0.8336991705252184,14,True,True
19.428571428571427,37.0,0.8359454919464513,15,True,True
19.571428571428573,37.0,0.8381715773724169,17,True,True
19.714285714285715,37.0,0.8403774280568364,18,True,True
19.857142857142858,37.0,0.8425630486865806,18,True,True
20.0,37.0,0.8447284473468086,19,True,True
20.142857142857142,37.0,0.8468736354852707,19,True,True
20.285714285714285,37.0,0.8489986278757995,18,True,True
20.428571428571427,37.0,0.851103442581014,19,True,True
20.571428571428573,37.0,0.8531881009142599,17,True,True
20.714285714285715,37.0,0.8552526274008142,15,True,True
20.857142857142858,37.0,0.8572970497383736,14,True,True
21.0,37.0,0.8593213987568573,14,True,True
21.142857142857142,37.0,0.8613257083775455,13,True,True
21.285714285714285,37.0,0.8633100155715816,10,True,True
21.428571428571427,37.0,0.8652743603178591,7,True,False
21.571428571428573,37.0,0.8672187855603254,7,True,False
21.714285714285715,37.0,0.8691433371647195,6,True,False
21.857142857142858,37.0,0.8710480638747766,5,True,False
22.0,37.0,0.8729330172679193,6,True,False
22.142857142857142,37.0,0.8747982517104635,5,True,False
22.285714285714285,37.0,0.8766438243123651,3,True,False
22.428571428571427,37.0,0.8784697948815281,5,True,False
22.571428571428573,37.0,0.8802762258777058,7,True,False
22.714285714285715,37.0,0.8820631823660156,9,True,False
22.857142857142858,37.0,0.8838307319700918,11,True,True
23.0,37.0,0.8855789448249063,13,True,True
23.142857142857142,37.0,0.8873078935292755,14,True,True
23.285714285714285,37.0,0.889017653098084,16,True,True
23.428571428571427,37.0,0.8907083009142439,18,True,True
23.571428571428573,37.0,0.892379916680419,19,True,True
23.714285714285715,37.0,0.8940325823705344,19,True,True
23.857142857142858,37.0,0.895666382181098,19,True,True
24.0,37.0,0.8972814024823549,19,True,True
24.142857142857142,37.0,0.8988777317693006,17,True,True
24.285714285714285,37.0,0.9004554606125765,17,True,True
24.428571428571427,37.0,0.902014681609267,17,True,True
24.571428571428573,37.0,0.9035554893336257,15,True,True
24.714285714285715,37.0,0.9050779802877511,14,True,True
24.857142857142858,37.0,0.9065822528522324,12,True,True
25.0,37.0,0.9080684072367915,10,True,True
11.0,37.5,0.6593267327428284,4,True,False
11.142857142857142,37.5,0.6626656190801725,5,True,False
11.285714285714286,37.5,0.6659914658362431,9,True,False
11.428571428571429,37.5,0.6693040431703996,9,True,False
11.571428571428571,37.5,0.6726031244886536,11,True,True
11.714285714285714,37.5,0.6758884864888823,12,True,True
11.857142857142858,37.5,0.6791599092046836,13,True,True
12.0,37.5,0.6824171760478559,15,True,True
12.142857142857142,37.5,0.6856600738494947,18,True,True
12.285714285714286,37.5,0.6888883928996911,19,True,True
12.428571428571429,37.5,0.6921019269858215,20,True,True
12.571428571428571,37.5,0.6953004734294208,22,True,True
12.714285714285714,37.5,0.698483833121627,22,True,True
12.857142857142858,37.5,0.7016518105571904,22,True,True
13.0,37.5,0.7048042138670386,21,True,True
13.142857142857142,37.5,0.7079408548493927,21,True,True
13.285714285714286,37.5,0.7110615489994249,20,True,True
13.428571428571429,37.5,0.7141661155374561,16,True,True
13.571428571428571,37.5,0.717254377435687,16,True,True
13.714285714285714,37.5,0.7203261614434584,14,True,True
13.857142857142858,37.5,0.723381298111042,14,True,True
14.0,37.5,0.7264196218119525,13,True,True
14.142857142857142,37.5,0.7294409707637883,11,True,True
14.285714285714286,37.5,0.7324451870475934,9,True,False
14.428571428571429,37.5,0.7354321166257456,8,True,False
14.571428571428571,37.5,0.7384016093583691,10,True,True
14.714285714285714,37.5,0.7413535190182767,8,True,False
14.857142857142858,37.5,0.7442877033044405,9,True,False
15.0,37.5,0.7472040238539985,11,True,True
15.142857142857142,37.5,0.7501023462527998,13,True,True
15.285714285714286,37.5,0.7529825400444922,17,True,True
15.428571428571429,37.5,0.7558444787381603,18,True,True
15.571428571428571,37.5,0.7586880398145205,18,True,True
15.714285714285714,37.5,0.7615131047306782,19,True,True
15.857142857142858,37.5,0.7643195589234575,18,True,True
16.0,37.5,0.76710729181131,19,True,True
16.142857142857142,37.5,0.7698761967948149,18,True,True
16.285714285714285,37.5,0.7726261712557778,19,True,True
16.428571428571427,37.5,0.7753571165549407,19,True,True
16.571428571428573,37.5,0.7780689380283135,18,True,True
16.714285714285715,37.5,0.7807615449821393,18,True,True
16.857142857142858,37.5,0.7834348506865089,18,True,True
17.0,37.5,0.7860887723676309,16,True,True
17.142857142857142,37.5,0.7887232311987818,14,True,True
17.285714285714285,37.5,0.7913381522899394,12,True,True
17.428571428571427,37.5,0.793933464676124,8,True,False
17.571428571428573,37.5,0.7965091013044567,6,True,False
17.714285714285715,37.5,0.7990649990199552,5,True,False
17.857142857142858,37.5,0.8016010985500813,6,True,False
18.0,37.5,0.8041173444880599,7,True,False
18.142857142857142,37.5,0.8066136852749839,7,True,False
18.285714285714285,37.5,0.8090900731807271,6,True,False
18.428571428571427,37.5,0.8115464642836829,7,True,False
18.571428571428573,37.5,0.8139828184493445,9,True,False
18.714285714285715,37.5,0.8163990993077537,9,True,False
18.857142857142858,37.5,0.8187952742298303,8,True,False
19.0,37.5,0.8211713143026101,9,True,False
19.142857142857142,37.5,0.823527194303405,12,True,True
19.285714285714285,37.5,0.825862892672915,15,True,True
19.428571428571427,37.5,0.8281783914873058,15,True,True
19.571428571428573,37.5,0.8304736764292797,17,True,True
19.714285714285715,37.5,0.8327487367581585,17,True,True
19.857142857142858,37.5,0.8350035652790055,17,True,True
20.0,37.5,0.8372381583108032,17,True,True
20.142857142857142,37.5,0.8394525156537156,17,True,True
20.285714285714285,37.5,0.8416466405554573,16,True,True
20.428571428571427,37.5,0.8438205396767898,17,True,True
20.571428571428573,37.5,0.8459742230561742,15,True,True
20.714285714285715,37.5,0.8481077040736,13,True,True
20.857142857142858,37.5,0.8502209994136174,12,True,True
21.0,37.5,0.852314129027596,12,True,True
21.142857142857142,37.5,0.8543871160952343,11,True,True
21.285714285714285,37.5,0.8564399869853483,8,True,False
21.428571428571427,37.5,0.8584727712159574,5,True,False
21.571428571428573,37.5,0.8604855014137004,5,True,False
21.714285714285715,37.5,0.8624782132726017,4,True,False
21.857142857142858,37.5,0.8644509455122138,5,True,False
22.0,37.5,0.8664037398351635,6,True,False
22.142857142857142,37.5,0.868336640884124,6,True,False
22.285714285714285,37.5,0.870249696198241,5,True,False
22.428571428571427,37.5,0.872142956169036,6,True,False
22.571428571428573,37.5,0.8740164739958141,8,True,False
22.714285714285715,37.5,0.8758703056405996,9,True,False
22.857142857142858,37.5,0.8777045097826266,10,True,True
23.0,37.5,0.8795191477724074,12,True,True
23.142857142857142,37.5,0.8813142835854064,12,True,True
23.285714285714285,37.5,0.8830899837753431,15,True,True
23.428571428571427,37.5,0.884846317427149,17,True,True
23.571428571428573,37.5,0.8865833561096028,18,True,True
23.714285714285715,37.5,0.888301173827671,18,True,True
23.857142857142858,37.5,0.8899998469745747,18,True,True
24.0,37.5,0.8916794542836104,17,True,True
24.142857142857142,37.5,0.8933400767797463,15,True,True
24.285714285714285,37.5,0.8949817977310202,14,True,True
24.428571428571427,37.5,0.8966047025997615,14,True,True
24.571428571428573,37.5,0.8982088789936608,13,True,True
24.714285714285715,37.5,0.8997944166167114,12,True,True
24.857142857142858,37.5,0.901361407220046,11,True,True
25.0,37.5,0.9029099445526896,10,True,True
11.0,38.0,0.6478109806623757,2,True,False
11.142857142857142,38.0,0.6511926869380162,2,True,False
11.285714285714286,38.0,0.6545621636804861,5,True,False
11.428571428571429,38.0,0.6579191703043024,5,True,False
11.571428571428571,38.0,0.6612634693059045,7,True,False
11.714285714285714,38.0,0.6645948263134076,7,True,False
11.857142857142858,38.0,0.6679130101350474,8,True,False
12.0,38.0,0.6712177928063008,10,True,True
12.142857142857142,38.0,0.6745089496356663,12,True,True
12.285714285714286,38.0,0.6777862592490927,13,True,True
12.428571428571429,38.0,0.6810495036330382,13,True,True
12.571428571428571,38.0,0.6842984681761494,16,True,True
12.714285714285714,38.0,0.68753294170955,16,True,True
12.857142857142858,38.0,0.6907527165457235,16,True,True
13.0,38.0,0.6939575885159827,15,True,True
13.142857142857142,38.0,0.6971473570065171,15,True,True
13.285714285714286,38.0,0.7003218249930057,15,True,True
13.428571428571429,38.0,0.7034807990737897,12,True,True
13.571428571428571,38.0,0.7066240895016,12,True,True
13.714285714285714,38.0,0.7097515102138274,10,True,True
13.857142857142858,38.0,0.7128628788613348,10,True,True
14.0,38.0,0.715958016835806,9,True,False
14.142857142857142,38.0,0.719036749295624,7,True,False
14.285714285714286,38.0,0.7220989051902805,5,True,False
14.428571428571429,38.0,0.7251443172833087,4,True,False
14.571428571428571,38.0,0.7281728221737448,6,True,False
14.714285714285714,38.0,0.731184260316109,4,True,False
14.857142857142858,38.0,0.7341784760389156,5,True,False
15.0,38.0,0.737155317561704,7,True,False
15.142857142857142,38.0,0.7401146370106,9,True,False
15.285714285714286,38.0,0.7430562904324031,12,True,True
15.428571428571429,38.0,0.7459801378072105,12,True,True
15.571428571428571,38.0,0.7488860430595743,12,True,True
15.714285714285714,38.0,0.7517738740682014,13,True,True
15.857142857142858,38.0,0.7546435026742013,13,True,True
16.0,38.0,0.757494804687886,14,True,True
16.142857142857142,38.0,0.7603276598941309,14,True,True
16.285714285714285,38.0,0.7631419520563036,15,True,True
16.428571428571427,38.0,0.7659375689187693,15,True,True
16.571428571428573,38.0,0.768714402207982,13,True,True
16.714285714285715,38.0,0.7714723476321705,12,True,True
16.857142857142858,38.0,0.7742113048796314,12,True,True
17.0,38.0,0.7769311776156383,11,True,True
17.142857142857142,38.0,0.7796318734779812,9,True,False
17.285714285714285,38.0,0.7823133040711454,7,True,False
17.428571428571427,38.0,0.7849753849591466,4,True,False
17.571428571428573,38.0,0.7876180356570341,3,True,False
17.714285714285715,38.0,0.7902411796210747,2,True,False
17.857142857142858,38.0,0.7928447442376366,3,True,False
18.0,38.0,0.7954286608107849,4,True,False
18.142857142857142,38.0,0.797992864548606,4,True,False
18.285714285714285,38.0,0.8005372945482773,4,True,False
18.428571428571427,38.0,0.8030618937799012,4,True,False
18.571428571428573,38.0,0.805566609069118,6,True,False
18.714285714285715,38.0,0.8080513910785176,6,True,False
18.857142857142858,38.0,0.8105161942878696,6,True,False
19.0,38.0,0.8129609769731885,7,True,False
19.142857142857142,38.0,0.8153857011846547,8,True,False
19.285714285714285,38.0,0.8177903327234135,10,True,True
19.428571428571427,38.0,0.820174841117268,10,True,True
19.571428571428573,38.0,0.8225391995952909,12,True,True
19.714285714285715,38.0,0.8248833850613734,12,True,True
19.857142857142858,38.0,0.8272073780667363,12,True,True
20.0,38.0,0.8295111627814202,12,True,True
20.142857142857142,38.0,0.8317947269647825,12,True,True
20.285714285714285,38.0,0.8340580619350184,11,True,True
20.428571428571427,38.0,0.8363011625377351,12,True,True
20.571428571428573,38.0,0.8385240271135944,11,True,True
20.714285714285715,38.0,0.8407266574650555,9,True,False
20.857142857142858,38.0,0.8429090588222349,9,True,False
21.0,38.0,0.8450712398079107,9,True,False
21.142857142857142,38.0,0.8472132124016949,8,True,False
21.285714285714285,38.0,0.8493349919033982,7,True,False
21.428571428571427,38.0,0.8514365968956097,5,True,False
21.571428571428573,38.0,0.8535180492055197,5,True,False
21.714285714285715,38.0,0.8555793738660074,4,True,False
21.857142857142858,38.0,0.8576205990760188,5,True,False
22.0,38.0,0.8596417561602636,5,True,False
22.142857142857142,38.0,0.8616428795282483,5,True,False
22.285714285714285,38.0,0.8636240066326799,4,True,False
22.428571428571427,38.0,0.8655851779272599,4,True,False
22.571428571428573,38.0,0.8675264368238929,6,True,False
22.714285714285715,38.0,0.8694478296493409,7,True,False
22.857142857142858,38.0,0.8713494056013424,8,True,False
23.0,38.0,0.8732312167042262,10,True,True
23.142857142857142,38.0,0.8750933177640412,10,True,True
23.285714285714285,38.0,0.8769357663232322,12,True,True
23.428571428571427,38.0,0.8787586226148822,13,True,True
23.571428571428573,38.0,0.8805619495165492,13,True,True
23.714285714285715,38.0,0.8823458125037222,13,True,True
23.857142857142858,38.0,0.8841102796029203,13,True,True
24.0,38.0,0.8858554213444603,12,True,True
24.142857142857142,38.0,0.8875813107149183,11,True,True
24.285714285714285,38.0,0.8892880231093081,10,True,True
24.428571428571427,38.0,0.8909756362830035,10,True,True
24.571428571428573,38.0,0.8926442303034249,10,True,True
24.714285714285715,38.0,0.8942938875015185,9,True,False
24.857142857142858,38.0,0.8959246924230488,8,True,False
25.0,38.0,0.8975367317797301,7,True,False
11.0,38.5,0.6361550333697736,2,True,False
11.142857142857142,38.5,0.6395767099998446,2,True,False
11.285714285714286,38.5,0.6429870025905748,5,True,False
11.428571428571429,38.5,0.6463856604086375,5,True,False
11.571428571428571,38.5,0.649772435622798,6,True,False
11.714285714285714,38.5,0.6531470833580102,6,True,False
11.857142857142858,38.5,0.6565093617482651,7,True,False
12.0,38.5,0.6598590319881725,8,True,False
12.142857142857142,38.5,0.6631958583832596,10,True,True
12.285714285714286,38.5,0.6665196083989668,11,True,True
12.428571428571429,38.5,0.6698300527083286,11,True,True
12.571428571428571,38.5,0.6731269652383178,14,True,True
12.714285714285714,38.5,0.6764101232148452,14,True,True
12.857142857142858,38.5,0.6796793072063949,14,True,True
13.0,38.5,0.6829343011662867,14,True,True
13.142857142857142,38.5,0.6861748924735491,13,True,True
13.285714285714286,38.5,0.6894008719723954,13,True,True
13.428571428571429,38.5,0.6926120340102887,10,True,True
13.571428571428571,38.5,0.6958081764745869,10,True,True
13.714285714285714,38.5,0.6989891008277616,9,True,False
13.857142857142858,38.5,0.7021546121411755,9,True,False
14.0,38.5,0.7053045191274195,8,True,False
14.142857142857142,38.5,0.7084386341711957,7,True,False
14.285714285714286,38.5,0.7115567733587429,5,True,False
14.428571428571429,38.5,0.714658756505802,4,True,False
14.571428571428571,38.5,0.7177444071841128,5,True,False
14.714285714285714,38.5,0.7208135527464401,3,True,False
14.857142857142858,38.5,0.7238660243501296,5,True,False
15.0,38.5,0.7269016569791859,6,True,False
15.142857142857142,38.5,0.7299202894648782,7,True,False
15.285714285714286,38.5,0.7329217645048669,10,True,True
15.428571428571429,38.5,0.735905928680857,10,True,True
15.571428571428571,38.5,0.7388726324747772,10,True,True
15.714285714285714,38.5,0.741821730283486,11,True,True
15.857142857142858,38.5,0.7447530804320116,11,True,True
16.0,38.5,0.7476665451853233,12,True,True
16.142857142857142,38.5,0.7505619907586452,12,True,True
16.285714285714285,38.5,0.753439287326313,13,True,True
16.428571428571427,38.5,0.7562983090291822,13,True,True
16.571428571428573,38.5,0.7591389339805922,12,True,True
16.714285714285715,38.5,0.7619610442708972,11,True,True
16.857142857142858,38.5,0.7647645259705687,11,True,True
17.0,38.5,0.7675492691318793,9,True,False
17.142857142857142,38.5,0.7703151677891794,8,True,False
17.285714285714285,38.5,0.7730621199577741,7,True,False
17.428571428571427,38.5,0.7757900276314122,4,True,False
17.571428571428573,38.5,0.7784987967784008,3,True,False
17.714285714285715,38.5,0.7811883373363541,2,True,False
17.857142857142858,38.5,0.7838585632055922,3,True,False
18.0,38.5,0.786509392241202,4,True,False
18.142857142857142,38.5,0.7891407462437747,4,True,False
18.285714285714285,38.5,0.791752550948834,4,True,False
18.428571428571427,38.5,0.7943447360149711,4,True,False
18.571428571428573,38.5,0.796917235010702,4,True,False
18.714285714285715,38.5,0.799469985400062,4,True,False
18.857142857142858,38.5,0.8020029285269579,5,True,False
19.0,38.5,0.8045160095982917,6,True,False
19.142857142857142,38.5,0.8070091776658745,7,True,False
19.285714285714285,38.5,0.8094823856071522,9,True,False
19.428571428571427,38.5,0.8119355901047572,9,True,False
19.571428571428573,38.5,0.8143687516249081,10,True,True
19.714285714285715,38.5,0.8167818343946784,10,True,True
19.857142857142858,38.5,0.8191748063781519,10,True,True
20.0,38.5,0.8215476392514852,10,True,True
20.142857142857142,38.5,0.8239003083769032,10,True,True
20.285714285714285,38.5,0.8262327927756417,9,True,False
20.428571428571427,38.5,0.8285450750998649,10,True,True
20.571428571428573,38.5,0.8308371416035774,9,True,False
20.714285714285715,38.5,0.8331089821125529,9,True,False
20.857142857142858,38.5,0.8353605899933028,9,True,False
21.0,38.5,0.8375919621211086,8,True,False
21.142857142857142,38.5,0.8398030988471397,7,True,False
21.285714285714285,38.5,0.8419940039646814,6,True,False
21.428571428571427,38.5,0.8441646846744961,4,True,False
21.571428571428573,38.5,0.846315151549343,4,True,False
21.714285714285715,38.5,0.8484454184976784,3,True,False
21.857142857142858,38.5,0.8505555027265633,4,True,False
22.0,38.5,0.8526454247038011,4,True,False
22.142857142857142,38.5,0.854715208119331,4,True,False
22.285714285714285,38.5,0.8567648798459024,3,True,False
22.428571428571427,38.5,0.8587944698990533,3,True,False
22.571428571428573,38.5,0.8608040113964208,4,True,False
22.714285714285715,38.5,0.862793540516406,5,True,False
22.857142857142858,38.5,0.8647630964562208,7,True,False
23.0,38.5,0.8667127213893402,8,True,False
23.142857142857142,38.5,0.8686424604223861,8,True,False
23.285714285714285,38.5,0.8705523615514683,10,True,True
23.428571428571427,38.5,0.872442475618008,11,True,True
23.571428571428573,38.5,0.8743128562640674,11,True,True
23.714285714285715,38.5,0.8761635598872144,11,True,True
23.857142857142858,38.5,0.8779946455949427,12,True,True
24.0,38.5,0.8798061751586768,11,True,True
24.142857142857142,38.5,0.8815982129673854,10,True,True
24.285714285714285,38.5,0.8833708259808262,9,True,False
24.428571428571427,38.5,0.8851240836824517,9,True,False
24.571428571428573,38.5,0.8868580580319942,9,True,False
24.714285714285715,38.5,0.8885728234177631,9,True,False
24.857142857142858,38.5,0.8902684566086693,8,True,False
25.0,38.5,0.8919450367060089,6,True,False
11.0,39.0,0.6243688971156104,2,True,False
11.142857142857142,39.0,0.6278275779919557,2,True,False
11.285714285714286,39.0,0.63127575361525,5,True,False
11.428571428571429,39.0,0.6347131637513663,5,True,False
11.571428571428571,39.0,0.6381395508740778,6,True,False
11.714285714285714,39.0,0.6415546602232707,6,True,False
11.857142857142858,39.0,0.6449582398619772,7,True,False
12.0,39.0,0.6483500407322117,8,True,False
12.142857142857142,39.0,0.6517298167095846,10,True,True
12.285714285714286,39.0,0.655097324656678,10,True,True
12.428571428571429,39.0,0.658452324475163,10,True,True
12.571428571428571,39.0,0.6617945791566384,12,True,True
12.714285714285714,39.0,0.6651238548321782,12,True,True
12.857142857142858,39.0,0.6684399208205651,12,True,True
13.0,39.0,0.6717425496752005,12,True,True
13.142857142857142,39.0,0.6750315172296697,11,True,True
13.285714285714286,39.0,0.6783066026419533,11,True,True
13.428571428571429,39.0,0.6815675884372677,8,True,False
13.571428571428571,39.0,0.6848142605495249,8,True,False
13.714285714285714,39.0,0.6880464083613957,7,True,False
13.857142857142858,39.0,0.69126382474297,7,True,False
14.0,39.0,0.6944663060890002,6,True,False
14.142857142857142,39.0,0.6976536523547201,5,True,False
14.285714285714286,39.0,0.7008256670902298,3,True,False
14.428571428571429,39.0,0.7039821574734388,3,True,False
14.571428571428571,39.0,0.7071229343415615,4,True,False
14.714285714285714,39.0,0.7102478122211557,3,True,False
14.857142857142858,39.0,0.7133566093567031,5,True,False
15.0,39.0,0.7164491477377226,6,True,False
15.142857142857142,39.0,0.719525253124417,7,True,False
15.285714285714286,39.0,0.7225847550718455,9,True,False
15.428571428571429,39.0,0.7256274869526247,9,True,False
15.571428571428571,39.0,0.7286532859781518,9,True,False
15.714285714285714,39.0,0.7316619932183546,10,True,True
15.857142857142858,39.0,0.7346534536199629,10,True,True
16.0,39.0,0.7376275160233079,11,True,True
16.142857142857142,39.0,0.7405840331776469,11,True,True
16.285714285714285,39.0,0.7435228617550196,11,True,True
16.428571428571427,39.0,0.7464438623626356,11,True,True
16.571428571428573,39.0,0.7493468995538018,10,True,True
16.714285714285715,39.0,0.7522318418373891,9,True,False
16.857142857142858,39.0,0.7550985616858505,9,True,False
17.0,39.0,0.7579469355417903,7,True,False
17.142857142857142,39.0,0.7607768438230975,6,True,False
17.285714285714285,39.0,0.7635881709266471,5,True,False
17.428571428571427,39.0,0.7663808052305799,3,True,False
17.571428571428573,39.0,0.7691546390951687,2,True,False
17.714285714285715,39.0,0.771909568862283,1,True,False
17.857142857142858,39.0,0.77464549485346,2,True,False
18.0,39.0,0.7773623213665961,3,True,False
18.142857142857142,39.0,0.7800599566712668,3,True,False
18.285714285714285,39.0,0.7827383130026934,3,True,False
18.428571428571427,39.0,0.7853973065543634,4,True,False
18.571428571428573,39.0,0.7880368574693233,4,True,False
18.714285714285715,39.0,0.7906568898301548,4,True,False
18.857142857142858,39.0,0.7932573316476526,5,True,False
19.0,39.0,0.7958381148482151,6,True,False
19.142857142857142,39.0,0.7983991752599703,7,True,False
19.285714285714285,39.0,0.800940452597646,8,True,False
19.428571428571427,39.0,0.803461890446209,8,True,False
19.571428571428573,39.0,0.8059634362432844,9,True,False
19.714285714285715,39.0,0.8084450412603802,9,True,False
19.857142857142858,39.0,0.8109066605829283,9,True,False
20.0,39.0,0.8133482530891676,9,True,False
20.142857142857142,39.0,0.8157697814278853,8,True,False
20.285714285714285,39.0,0.8181712119950373,7,True,False
20.428571428571427,39.0,0.8205525149092685,8,True,False
20.571428571428573,39.0,0.8229136639863538,7,True,False
20.714285714285715,39.0,0.8252546367125806,7,True,False
20.857142857142858,39.0,0.827575414217095,7,True,False
21.0,39.0,0.8298759812432339,6,True,False
21.142857142857142,39.0,0.8321563261188635,5,True,False
21.285714285714285,39.0,0.8344164407257497,4,True,False
21.428571428571427,39.0,0.836656320467981,3,True,False
21.571428571428573,39.0,0.8388759642394676,3,True,False
21.714285714285715,39.0,0.8410753743905407,2,True,False
21.857142857142858,39.0,0.843254556693676,3,True,False
22.0,39.0,0.8454135203083628,3,True,False
22.142857142857142,39.0,0.8475522777451475,3,True,False
22.285714285714285,39.0,0.8496708448288701,3,True,False
22.428571428571427,39.0,0.8517692406611229,3,True,False
22.571428571428573,39.0,0.8538474875819545,4,True,False
22.714285714285715,39.0,0.8559056111308425,5,True,False
22.857142857142858,39.0,0.8579436400069624,7,True,False
23.0,39.0,0.8599616060287745,8,True,False
23.142857142857142,39.0,0.8619595440929588,8,True,False
23.285714285714285,39.0,0.8639374921327174,10,True,True
23.428571428571427,39.0,0.865895491075474,10,True,True
23.571428571428573,39.0,0.8678335847999935,10,True,True
23.714285714285715,39.0,0.8697518200929486,10,True,True
23.857142857142858,39.0,0.8716502466049569,10,True,True
24.0,39.0,0.8735289168061162,9,True,False
24.142857142857142,39.0,0.8753878859410603,8,True,False
24.285714285714285,39.0,0.8772272119835642,7,True,False
24.428571428571427,39.0,0.8790469555907197,7,True,False
24.571428571428573,39.0,0.8808471800567105,7,True,False
24.714285714285715,39.0,0.8826279512662092,7,True,False
24.857142857142858,39.0,0.8843893376474224,6,True,False
25.0,39.0,0.8861314101248082,4,True,False
11.0,39.5,0.6124629597674245,2,True,False
11.142857142857142,39.5,0.615955569990245,2,True,False
11.285714285714286,39.5,0.6194385847203203,5,True,False
11.428571428571429,39.5,0.6229117349170576,5,True,False
11.571428571428571,39.5,0.6263747540400513,6,True,False
11.714285714285714,39.5,0.6298273781111556,6,True,False
11.857142857142858,39.5,0.6332693457754567,7,True,False
12.0,39.5,0.6367003983611206,8,True,False
12.142857142857142,39.5,0.640120279938095,8,True,False
12.285714285714286,39.5,0.643528737375641,8,True,False
12.428571428571429,39.5,0.6469255203986748,8,True,False
12.571428571428571,39.5,0.6503103816428977,9,True,False
12.714285714285714,39.5,0.6536830767086955,9,True,False
12.857142857142858,39.5,0.657043364213786,9,True,False
13.0,39.5,0.6603910058445976,9,True,False
13.142857142857142,39.5,0.6637257664063633,8,True,False
13.285714285714286,39.5,0.6670474138719059,8,True,False
13.428571428571429,39.5,0.6703557194291085,5,True,False
13.571428571428571,39.5,0.6736504575270461,5,True,False
13.714285714285714,39.5,0.6769314059207676,4,True,False
13.857142857142858,39.5,0.6801983457147149,4,True,False
14.0,39.5,0.6834510614047639,3,True,False
14.142857142857142,39.5,0.6866893409188768,2,True,False
14.285714285714286,39.5,0.6899129756563533,3,True,False
14.428571428571429,39.5,0.6931217605256709,3,True,False
14.571428571428571,39.5,0.6963154939809038,4,True,False
14.714285714285714,39.5,0.6994939780567118,3,True,False
14.857142857142858,39.5,0.7026570184018907,5,True,False
15.0,39.5,0.7058044243114757,5,True,False
15.142857142857142,39.5,0.7089360087573958,6,True,False
15.285714285714286,39.5,0.7120515884176654,7,True,False
15.428571428571429,39.5,0.7151509837041162,6,True,False
15.571428571428571,39.5,0.718234018788661,6,True,False
15.714285714285714,39.5,0.7213005216280853,7,True,False
15.857142857142858,39.5,0.7243503239873686,7,True,False
16.0,39.5,0.7273832614615275,8,True,False
16.142857142857142,39.5,0.7303991734959859,8,True,False
16.285714285714285,39.5,0.7333979034054683,8,True,False
16.428571428571427,39.5,0.7363792983914166,7,True,False
16.571428571428573,39.5,0.7393432095579361,6,True,False
16.714285714285715,39.5,0.7422894919262677,6,True,False
16.857142857142858,39.5,0.7452180044477925,6,True,False
17.0,39.5,0.7481286100155728,4,True,False
17.142857142857142,39.5,0.7510211754744327,4,True,False
17.285714285714285,39.5,0.7538955716295832,3,True,False
17.428571428571427,39.5,0.7567516732538009,2,True,False
17.571428571428573,39.5,0.7595893590931639,2,True,False
17.714285714285715,39.5,0.7624085118713536,1,True,False
17.857142857142858,39.5,0.7652090182925314,2,True,False
18.0,39.5,0.7679907690427978,2,True,False
18.142857142857142,39.5,0.7707536587902464,2,True,False
18.285714285714285,39.5,0.7734975861836175,2,True,False
18.428571428571427,39.5,0.7762224538495687,2,True,False
18.571428571428573,39.5,0.7789281683885714,3,True,False
18.714285714285715,39.5,0.7816146403694426,3,True,False
18.857142857142858,39.5,0.7842817843225318,4,True,False
19.0,39.5,0.786929518731569,5,True,False
19.142857142857142,39.5,0.7895577660241921,6,True,False
19.285714285714285,39.5,0.7921664525611704,6,True,False
19.428571428571427,39.5,0.7947555086243331,6,True,False
19.571428571428573,39.5,0.7973248684032253,7,True,False
19.714285714285715,39.5,0.7998744699805044,7,True,False
19.857142857142858,39.5,0.8024042553160942,7,True,False
20.0,39.5,0.8049141702301151,6,True,False
20.142857142857142,39.5,0.8074041643846093,6,True,False
20.285714285714285,39.5,0.8098741912640757,5,True,False
20.428571428571427,39.5,0.8123242081548386,6,True,False
20.571428571428573,39.5,0.8147541761232664,6,True,False
20.714285714285715,39.5,0.8171640599928605,5,True,False
20.857142857142858,39.5,0.8195538283202354,5,True,False
21.0,39.5,0.8219234533700117,4,True,False
21.142857142857142,39.5,0.8242729110886402,3,True,False
21.285714285714285,39.5,0.8266021810771818,2,True,False
21.428571428571427,39.5,0.8289112465630619,2,True,False
21.571428571428573,39.5,0.8312000943708262,2,True,False
21.714285714285715,39.5,0.8334687148919129,1,True,False
21.857142857142858,39.5,0.8357171020534725,2,True,False
22.0,39.5,0.8379452532862525,2,True,False
22.142857142857142,39.5,0.8401531694915716,3,True,False
22.285714285714285,39.5,0.8423408550074084,4,True,False
22.428571428571427,39.5,0.8445083175736274,4,True,False
22.571428571428573,39.5,0.8466555682963662,4,True,False
22.714285714285715,39.5,0.8487826216116082,5,True,False
22.857142857142858,39.5,0.8508894952479658,6,True,False
23.0,39.5,0.8529762101886982,6,True,False
23.142857142857142,39.5,0.8550427906329888,6,True,False
23.285714285714285,39.5,0.8570892639565065,8,True,False
23.428571428571427,39.5,0.8591156606712773,8,True,False
23.571428571428573,39.5,0.861122014384889,8,True,False
23.714285714285715,39.5,0.8631083617590571,8,True,False
23.857142857142858,39.5,0.8650747424675745,8,True,False
24.0,39.5,0.867021199153672,7,True,False
24.142857142857142,39.5,0.8689477773868144,6,True,False
24.285714285714285,39.5,0.8708545256189564,5,True,False
24.428571428571427,39.5,0.8727414951402868,4,True,False
24.571428571428573,39.5,0.874608740034482,4,True,False
24.714285714285715,39.5,0.876456317133498,4,True,False
24.857142857142858,39.5,0.8782842859719231,3,True,False
25.0,39.5,0.8800927087409193,2,True,False
11.0,40.0,0.6004479631519143,2,True,False
11.142857142857142,40.0,0.6039713273052126,2,True,False
11.285714285714286,40.0,0.6074860342266354,5,True,False
11.428571428571429,40.0,0.6109918068076581,5,True,False
11.571428571428571,40.0,0.6144883702196474,6,True,False
11.714285714285714,40.0,0.617975451979509,6,True,False
11.857142857142858,40.0,0.6214527820143227,7,True,False
12.0,40.0,0.6249200927249364,8,True,False
12.142857142857142,40.0,0.6283771190484937,8,True,False
12.285714285714286,40.0,0.6318235985198721,8,True,False
12.428571428571429,40.0,0.6352592713320067,8,True,False
12.571428571428571,40.0,0.6386838803950758,9,True,False
12.714285714285714,40.0,0.6420971713945277,9,True,False
12.857142857142858,40.0,0.6454988928479252,9,True,False
13.0,40.0,0.6488887961605875,9,True,False
13.142857142857142,40.0,0.6522666356800093,8,True,False
13.285714285714286,40.0,0.655632168749037,8,True,False
13.428571428571429,40.0,0.658985155757783,5,True,False
13.571428571428571,40.0,0.6623253601942618,5,True,False
13.714285714285714,40.0,0.6656525486937273,4,True,False
13.857142857142858,40.0,0.6689664910866986,4,True,False
14.0,40.0,0.672266960445655,3,True,False
14.142857142857142,40.0,0.6755537331303889,2,True,False
14.285714285714286,40.0,0.6788265888319982,3,True,False
14.428571428571429,40.0,0.6820853106155085,3,True,False
14.571428571428571,40.0,0.6853296849611106,4,True,False
14.714285714285714,40.0,0.6885595018040032,3,True,False
14.857142857142858,40.0,0.6917745545728254,5,True,False
15.0,40.0,0.694974640226677,5,True,False
15.142857142857142,40.0,0.698159559290707,6,True,False
15.285714285714286,40.0,0.7013291158902715,7,True,False
15.428571428571429,40.0,0.704483117783646,6,True,False
15.571428571428571,40.0,0.707621376393289,6,True,False
15.714285714285714,40.0,0.7107437068356504,7,True,False
15.857142857142858,40.0,0.7138499279495165,7,True,False
16.0,40.0,0.716939862322892,8,True,False
16.142857142857142,40.0,0.7200133363184107,8,True,False
16.285714285714285,40.0,0.7230701800972755,8,True,False
16.428571428571427,40.0,0.7261102276417232,7,True,False
16.571428571428573,40.0,0.7291333167760137,6,True,False
16.714285714285715,40.0,0.7321392891859435,6,True,False
16.857142857142858,40.0,0.7351279904368849,6,True,False
17.0,40.0,0.7380992699903481,4,True,False
17.142857142857142,40.0,0.741052981219074,4,True,False
17.285714285714285,40.0,0.7439889814206553,3,True,False
17.428571428571427,40.0,0.7469071318296916,2,True,False
17.571428571428573,40.0,0.7498072976284836,2,True,False
17.714285714285715,40.0,0.7526893479562701,1,True,False
17.857142857142858,40.0,0.7555531559170132,2,True,False
18.0,40.0,0.7583985985857402,2,True,False
18.142857142857142,40.0,0.7612255570134474,2,True,False
18.285714285714285,40.0,0.7640339162305749,2,True,False
18.428571428571427,40.0,0.7668235652490605,2,True,False
18.571428571428573,40.0,0.7695943970629832,3,True,False
18.714285714285715,40.0,0.7723463086478033,3,True,False
18.857142857142858,40.0,0.7750792009582159,4,True,False
19.0,40.0,0.77779297892462,5,True,False
19.142857142857142,40.0,0.7804875514482251,6,True,False
19.285714285714285,40.0,0.7831628313948009,6,True,False
19.428571428571427,40.0,0.7858187355870863,6,True,False
19.571428571428573,40.0,0.7884551847958711,7,True,False
19.714285714285715,40.0,0.7910721037297649,7,True,False
19.857142857142858,40.0,0.7936694210236688,7,True,False
20.0,40.0,0.7962470692259644,6,True,False
20.142857142857142,40.0,0.798804984784437,6,True,False
20.285714285714285,40.0,0.8013431080309505,5,True,False
20.428571428571427,40.0,0.8038613831648902,6,True,False
20.571428571428573,40.0,0.8063597582353914,6,True,False
20.714285714285715,40.0,0.8088381851223735,5,True,False
20.857142857142858,40.0,0.811296619516396,5,True,False
21.0,40.0,0.8137350208973588,4,True,False
21.142857142857142,40.0,0.8161533525120628,3,True,False
21.285714285714285,40.0,0.8185515813506548,2,True,False
21.428571428571427,40.0,0.8209296781219735,2,True,False
21.571428571428573,40.0,0.823287617227822,2,True,False
21.714285714285715,40.0,0.825625376736183,1,True,False
21.857142857142858,40.0,0.8279429383534019,2,True,False
22.0,40.0,0.83024028739536,2,True,False
22.142857142857142,40.0,0.832517412757657,3,True,False
22.285714285714285,40.0,0.8347743068848288,4,True,False
22.428571428571427,40.0,0.8370109657386221,4,True,False
22.571428571428573,40.0,0.8392273887653491,4,True,False
22.714285714285715,40.0,0.8414235788623449,5,True,False
22.857142857142858,40.0,0.8435995423435538,6,True,False
23.0,40.0,0.8457552889042664,6,True,False
23.142857142857142,40.0,0.847890831585031,6,True,False
23.285714285714285,40.0,0.8500061867347659,8,True,False
23.428571428571427,40.0,0.8521013739730969,8,True,False
23.571428571428573,40.0,0.8541764161519421,8,True,False
23.714285714285715,40.0,0.8562313393163707,8,True,False
23.857142857142858,40.0,0.8582661726647631,8,True,False
24.0,40.0,0.8602809485082914,7,True,False
24.142857142857142,40.0,0.8622757022297516,6,True,False
24.285714285714285,40.0,0.8642504722417693,5,True,False
24.428571428571427,40.0,0.8662052999444046,4,True,False
24.571428571428573,40.0,0.8681402296821817,4,True,False
24.714285714285715,40.0,0.8700553087005704,4,True,False
24.857142857142858,40.0,0.8719505871019411,3,True,False
25.0,40.0,0.8738261178010216,2,True,False
11.0,40.5,0.5883349736218942,2,True,False
11.142857142857142,40.5,0.5918858245544734,2,True,False
11.285714285714286,40.5,0.5954289823994228,5,True,False
11.428571428571429,40.5,0.5989641627596163,5,True,False
11.571428571428571,40.5,0.6024910832859642,6,True,False
11.714285714285714,40.5,0.6060094637463298,6,True,False
11.857142857142858,40.5,0.6095190260935255,7,True,False
12.0,40.5,0.613019494532356,8,True,False
12.142857142857142,40.5,0.6165105955856888,8,True,False
12.285714285714286,40.5,0.6199920581595166,8,True,False
12.428571428571429,40.5,0.6234636136069929,8,True,False
12.571428571428571,40.5,0.6269249957914103,8,True,False
12.714285714285714,40.5,0.6303759411481002,8,True,False
12.857142857142858,40.5,0.633816188745228,8,True,False
13.0,40.5,0.6372454803434591,8,True,False
13.142857142857142,40.5,0.6406635604544768,7,True,False
13.285714285714286,40.5,0.6440701763983252,7,True,False
13.428571428571429,40.5,0.6474650783595604,4,True,False
13.571428571428571,40.5,0.6508480194421853,4,True,False
13.714285714285714,40.5,0.6542187557233509,3,True,False
13.857142857142858,40.5,0.6575770463058035,3,True,False
14.0,40.5,0.6609226533690601,2,True,False
14.142857142857142,40.5,0.664255342219294,1,True,False
14.285714285714286,40.5,0.6675748813379141,2,True,False
14.428571428571429,40.5,0.6708810424288207,2,True,False
14.571428571428571,40.5,0.674173600464325,3,True,False
14.714285714285714,40.5,0.6774523337297147,3,True,False
14.857142857142858,40.5,0.6807170238664539,5,True,False
15.0,40.5,0.683967455914005,5,True,False
15.142857142857142,40.5,0.6872034183502579,6,True,False
15.285714285714286,40.5,0.6904247031305575,7,True,False
15.428571428571429,40.5,0.6936311057253186,6,True,False
15.571428571428571,40.5,0.6968224251562178,6,True,False
15.714285714285714,40.5,0.6999984640309536,7,True,False
15.857142857142858,40.5,0.7031590285765672,7,True,False
16.0,40.5,0.7063039286713159,7,True,False
16.142857142857142,40.5,0.7094329778750943,7,True,False
16.285714285714285,40.5,0.7125459934583951,7,True,False
16.428571428571427,40.5,0.7156427964298064,6,True,False
16.571428571428573,40.5,0.7187232115620421,5,True,False
16.714285714285715,40.5,0.7217870674164991,5,True,False
16.857142857142858,40.5,0.7248341963663438,5,True,False
17.0,40.5,0.7278644346181209,3,True,False
17.142857142857142,40.5,0.7308776222318882,3,True,False
17.285714285714285,40.5,0.7338736031398748,2,True,False
17.428571428571427,40.5,0.7368522251636642,1,True,False
17.571428571428573,40.5,0.7398133400299047,1,True,False
17.714285714285715,40.5,0.7427568033845482,0,True,False
17.857142857142858,40.5,0.7456824748056223,1,True,False
18.0,40.5,0.7485902178145374,1,True,False
18.142857142857142,40.5,0.7514798998859353,2,True,False
18.285714285714285,40.5,0.7543513924560847,2,True,False
18.428571428571427,40.5,0.757204570929829,2,True,False
18.571428571428573,40.5,0.7600393146860931,3,True,False
18.714285714285715,40.5,0.7628555070819587,3,True,False
18.857142857142858,40.5,0.7656530354553146,4,True,False
19.0,40.5,0.7684317911260906,5,True,False
19.142857142857142,40.5,0.7711916693960882,6,True,False
19.285714285714285,40.5,0.7739325695474146,6,True,False
19.428571428571427,40.5,0.7766543948395324,6,True,False
19.571428571428573,40.5,0.779357052504938,7,True,False
19.714285714285715,40.5,0.7820404537434797,7,True,False
19.857142857142858,40.5,0.7847045137153291,7,True,False
20.0,40.5,0.7873491515326188,6,True,False
20.142857142857142,40.5,0.7899742902497613,6,True,False
20.285714285714285,40.5,0.792579856852465,5,True,False
20.428571428571427,40.5,0.7951657822454593,5,True,False
20.571428571428573,40.5,0.7977320012389488,5,True,False
20.714285714285715,40.5,0.8002784525338107,4,True,False
20.857142857142858,40.5,0.8028050787055537,4,True,False
21.0,40.5,0.8053118261870544,3,True,False
21.142857142857142,40.5,0.8077986452500914,2,True,False
21.285714285714285,40.5,0.8102654899856947,1,True,False
21.428571428571427,40.5,0.8127123182833291,1,True,False
21.571428571428573,40.5,0.8151390918089316,1,True,False
21.714285714285715,40.5,0.8175457759818228,0,True,False
21.857142857142858,40.5,0.8199323399505127,1,True,False
22.0,40.5,0.822298756567422,1,True,False
22.142857142857142,40.5,0.8246450023625381,2,True,False
22.285714285714285,40.5,0.8269710575160311,3,True,False
22.428571428571427,40.5,0.8292769058298473,3,True,False
22.571428571428573,40.5,0.8315625346983067,3,True,False
22.714285714285715,40.5,0.8338279350777227,4,True,False
22.857142857142858,40.5,0.8360731014550715,5,True,False
23.0,40.5,0.8382980318157293,5,True,False
23.142857142857142,40.5,0.8405027276103049,5,True,False
23.285714285714285,40.5,0.8426871937205896,7,True,False
23.428571428571427,40.5,0.8448514384246478,7,True,False
23.571428571428573,40.5,0.8469954733610724,7,True,False
23.714285714285715,40.5,0.8491193134924306,7,True,False
23.857142857142858,40.5,0.8512229770679247,7,True,False
24.0,40.5,0.8533064855852883,6,True,False
24.142857142857142,40.5,0.8553698637519498,6,True,False
24.285714285714285,40.5,0.8574131394454811,5,True,False
24.428571428571427,40.5,0.8594363436733625,4,True,False
24.571428571428573,40.5,0.8614395105320828,4,True,False
24.714285714285715,40.5,0.8634226771656064,4,True,False
24.857142857142858,40.5,0.8653858837232271,3,True,False
25.0,40.5,0.8673291733168371,2,True,False
11.0,41.0,0.5761353509834137,1,True,False
11.142857142857142,41.0,0.5797103390545877,1,True,False
11.285714285714286,41.0,0.5832786213171286,3,True,False
11.428571428571429,41.0,0.586839906901736,3,True,False
11.571428571428571,41.0,0.5903939067448444,3,True,False
11.714285714285714,41.0,0.5939403336604744,3,True,False
11.857142857142858,41.0,0.5974789024112643,4,True,False
12.0,41.0,0.6010093297786459,5,True,False
12.142857142857142,41.0,0.6045313346321411,5,True,False
12.285714285714286,41.0,0.6080446379977489,5,True,False
12.428571428571429,41.0,0.6115489631253912,5,True,False
12.571428571428571,41.0,0.6150440355553972,5,True,False
12.714285714285714,41.0,0.6185295831839906,5,True,False
12.857142857142858,41.0,0.6220053363277629,5,True,False
13.0,41.0,0.6254710277870963,5,True,False
13.142857142857142,41.0,0.6289263929085223,4,True,False
13.285714285714286,41.0,0.6323711696459828,4,True,False
13.428571428571429,41.0,0.6358050986209738,2,True,False
13.571428571428571,41.0,0.6392279231815488,2,True,False
13.714285714285714,41.0,0.6426393894601586,2,True,False
13.857142857142858,41.0,0.6460392464303061,2,True,False
14.0,41.0,0.6494272459619941,1,True,False
14.142857142857142,41.0,0.6528031428759489,0,True,False
14.285714285714286,41.0,0.6561666949965959,1,True,False
14.428571428571429,41.0,0.6595176632037723,1,True,False
14.571428571428571,41.0,0.6628558114831575,1,True,False
14.714285714285714,41.0,0.6661809069754026,1,True,False
14.857142857142858,41.0,0.6694927200239456,3,True,False
15.0,41.0,0.6727910242214936,3,True,False
15.142857142857142,41.0,0.6760755964551596,3,True,False
15.285714285714286,41.0,0.679346216950239,4,True,False
15.428571428571429,41.0,0.682602669312611,4,True,False
15.571428571428571,41.0,0.6858447405697558,4,True,False
15.714285714285714,41.0,0.6890722212103718,5,True,False
15.857142857142858,41.0,0.6922849052225871,5,True,False
16.0,41.0,0.6954825901307486,5,True,False
16.142857142857142,41.0,0.6986650770307873,5,True,False
16.285714285714285,41.0,0.7018321706241435,5,True,False
16.428571428571427,41.0,0.7049836792502507,4,True,False
16.571428571428573,41.0,0.7081194149175674,4,True,False
16.714285714285715,41.0,0.7112391933331523,4,True,False
16.857142857142858,41.0,0.7143428339307782,4,True,False
17.0,41.0,0.7174301598975791,2,True,False
17.142857142857142,41.0,0.720500998199227,2,True,False
17.285714285714285,41.0,0.723555179603637,2,True,False
17.428571428571427,41.0,0.7265925387031977,1,True,False
17.571428571428573,41.0,0.7296129139355259,1,True,False
17.714285714285715,41.0,0.7326161476027446,0,True,False
17.857142857142858,41.0,0.7356020858892874,1,True,False
18.0,41.0,0.7385705788782264,1,True,False
18.142857142857142,41.0,0.7415214805661308,1,True,False
18.285714285714285,41.0,0.7444546488764543,1,True,False
18.428571428571427,41.0,0.7473699456714572,1,True,False
18.571428571428573,41.0,0.750267236762669,2,True,False
18.714285714285715,41.0,0.7531463919198922,2,True,False
18.857142857142858,41.0,0.7560072848787598,3,True,False
19.0,41.0,0.7588497933468459,4,True,False
19.142857142857142,41.0,0.7616737990083418,4,True,False
19.285714285714285,41.0,0.7644791875273048,4,True,False
19.428571428571427,41.0,0.7672658485494865,4,True,False
19.571428571428573,41.0,0.770033675702752,5,True,False
19.714285714285715,41.0,0.7727825665960993,5,True,False
19.857142857142858,41.0,0.7755124228172899,5,True,False
20.0,41.0,0.7782231499291035,4,True,False
20.142857142857142,41.0,0.780914657464224,4,True,False
20.285714285714285,41.0,0.7835868589187778,4,True,False
20.428571428571427,41.0,0.7862396717445287,4,True,False
20.571428571428573,41.0,0.7888730173397508,4,True,False
20.714285714285715,41.0,0.7914868210387896,3,True,False
20.857142857142858,41.0,0.7940810121003282,3,True,False
21.0,41.0,0.796655523694374,2,True,False
21.142857142857142,41.0,0.799210292887982,1,True,False
21.285714285714285,41.0,0.8017452606297324,1,True,False
21.428571428571427,41.0,0.804260371732979,1,True,False
21.571428571428573,41.0,0.8067555748578866,1,True,False
21.714285714285715,41.0,0.8092308224922757,0,True,False
21.857142857142858,41.0,0.811686070931294,1,True,False
22.0,41.0,0.8141212802559332,1,True,False
22.142857142857142,41.0,0.8165364143104117,2,True,False
22.285714285714285,41.0,0.8189314406784421,3,True,False
22.428571428571427,41.0,0.821306330658406,3,True,False
22.571428571428573,41.0,0.8236610592374554,3,True,False
22.714285714285715,41.0,0.8259956050645636,3,True,False
22.857142857142858,41.0,0.8283099504225451,4,True,False
23.0,41.0,0.8306040811990699,4,True,False
23.142857142857142,41.0,0.8328779868566913,4,True,False
23.285714285714285,41.0,0.8351316604019119,5,True,False
23.428571428571427,41.0,0.8373650983533094,5,True,False
23.571428571428573,41.0,0.8395783007087476,5,True,False
23.714285714285715,41.0,0.8417712709116945,5,True,False
23.857142857142858,41.0,0.8439440158166693,5,True,False
24.0,41.0,0.8460965456538492,4,True,False
24.142857142857142,41.0,0.8482288739928499,4,True,False
24.285714285714285,41.0,0.8503410177057145,3,True,False
24.428571428571427,41.0,0.8524329969291286,2,True,False
24.571428571428573,41.0,0.8545048350258876,2,True,False
24.714285714285715,41.0,0.8565565585456439,2,True,False
24.857142857142858,41.0,0.858588197184956,2,True,False
25.0,41.0,0.8605997837466645,1,True,False
11.0,41.5,0.5638607159301295,1,True,False
11.142857142857142,41.5,0.5674564186759934,1,True,False
11.285714285714286,41.5,0.5710464231601408,1,True,False
11.428571428571429,41.5,0.5746304328906626,1,True,False
11.571428571428571,41.5,0.5782081529298191,1,True,False
11.714285714285714,41.5,0.5817792899684734,1,True,False
11.857142857142858,41.5,0.5853435523998092,1,True,False
12.0,41.5,0.5889006503922983,2,True,False
12.142857142857142,41.5,0.5924502959618902,2,True,False
12.285714285714286,41.5,0.5959922030433913,2,True,False
12.428571428571429,41.5,0.5995260875610035,2,True,False
12.571428571428571,41.5,0.6030516674979955,2,True,False
12.714285714285714,41.5,0.6065686629654736,2,True,False
12.857142857142858,41.5,0.6100767962702289,2,True,False
13.0,41.5,0.6135757919816271,2,True,False
13.142857142857142,41.5,0.6170653769975196,1,True,False
13.285714285714286,41.5,0.6205452806091454,1,True,False
13.428571428571429,41.5,0.6240152345649994,1,True,False
13.571428571428571,41.5,0.6274749731336409,1,True,False
13.714285714285714,41.5,0.6309242331654188,1,True,False
13.857142857142858,41.5,0.634362754153089,1,True,False
14.0,41.5,0.6377902782912988,1,True,False
14.142857142857142,41.5,0.64120655053492,0,True,False
14.285714285714286,41.5,0.6446113186562025,1,True,False
14.428571428571429,41.5,0.6480043333007336,1,True,False
14.571428571428571,41.5,0.6513853480421783,1,True,False
14.714285714285714,41.5,0.6547541194357819,1,True,False
14.857142857142858,41.5,0.6581104070706155,2,True,False
15.0,41.5,0.6614539736205484,2,True,False
15.142857142857142,41.5,0.6647845848939256,2,True,False
15.285714285714286,41.5,0.6681020098819382,2,True,False
15.428571428571429,41.5,0.6714060208056678,2,True,False
15.571428571428571,41.5,0.6746963931617906,2,True,False
15.714285714285714,41.5,0.6779729057669275,2,True,False
15.857142857142858,41.5,0.6812353408006246,2,True,False
16.0,41.5,0.6844834838469549,2,True,False
16.142857142857142,41.5,0.6877171239347245,2,True,False
16.285714285714285,41.5,0.6909360535762767,2,True,False
16.428571428571427,41.5,0.6941400688048807,1,True,False
16.571428571428573,41.5,0.6973289692106956,1,True,False
16.714285714285715,41.5,0.7005025579753028,1,True,False
16.857142857142858,41.5,0.7036606419047969,1,True,False
17.0,41.5,0.7068030314614274,0,True,False
17.142857142857142,41.5,0.7099295407937889,0,True,False
17.285714285714285,41.5,0.7130399877655484,0,True,False
17.428571428571427,41.5,0.71613419398271,0,True,False
17.571428571428573,41.5,0.7192119848194107,0,True,False
17.714285714285715,41.5,0.7222731894422441,0,True,False
17.857142857142858,41.5,0.7253176408331106,0,True,False
18.0,41.5,0.7283451758105932,0,True,False
18.142857142857142,41.5,0.7313556350498562,0,True,False
18.285714285714285,41.5,0.734348863101069,0,True,False
18.428571428571427,41.5,0.7373247084063539,0,True,False
18.571428571428573,41.5,0.7402830233152634,1,True,False
18.714285714285715,41.5,0.7432236640987844,1,True,False
18.857142857142858,41.5,0.7461464909618767,2,True,False
19.0,41.5,0.7490513680545482,2,True,False
19.142857142857142,41.5,0.7519381634814717,2,True,False
19.285714285714285,41.5,0.7548067493101493,2,True,False
19.428571428571427,41.5,0.7576570015776307,2,True,False
19.571428571428573,41.5,0.7604888002957911,2,True,False
19.714285714285715,41.5,0.7633020294551797,2,True,False
19.857142857142858,41.5,0.7660965770274428,2,True,False
20.0,41.5,0.7688723349663362,2,True,False
20.142857142857142,41.5,0.7716291992073299,2,True,False
20.285714285714285,41.5,0.7743670696658225,2,True,False
20.428571428571427,41.5,0.7770858502339724,2,True,False
20.571428571428573,41.5,0.7797854487761571,2,True,False
20.714285714285715,41.5,0.7824657771230776,1,True,False
20.857142857142858,41.5,0.785126751064516,1,True,False
21.0,41.5,0.7877682903407626,0,True,False
21.142857142857142,41.5,0.7903903186327259,0,True,False
21.285714285714285,41.5,0.7929927635507423,0,True,False
21.428571428571427,41.5,0.7955755566220986,0,True,False
21.571428571428573,41.5,0.7981386332772832,0,True,False
21.714285714285715,41.5,0.8006819328349875,0,True,False
21.857142857142858,41.5,0.8032053984858669,0,True,False
22.0,41.5,0.8057089772750865,0,True,False
22.142857142857142,41.5,0.808192620083664,0,True,False
22.285714285714285,41.5,0.8106562816086329,1,True,False
22.428571428571427,41.5,0.8130999203420417,1,True,False
22.571428571428573,41.5,0.8155234985488112,1,True,False
22.714285714285715,41.5,0.8179269822434686,1,True,False
22.857142857142858,41.5,0.8203103411657786,2,True,False
23.0,41.5,0.8226735487552942,2,True,False
23.142857142857142,41.5,0.8250165821248463,2,True,False
23.285714285714285,41.5,0.8273394220329939,2,True,False
23.428571428571427,41.5,0.8296420528554598,2,True,False
23.571428571428573,41.5,0.8319244625555686,2,True,False
23.714285714285715,41.5,0.8341866426537152,2,True,False
23.857142857142858,41.5,0.8364285881958833,2,True,False
24.0,41.5,0.838650297721238,2,True,False
24.142857142857142,41.5,0.8408517732288162,2,True,False
24.285714285714285,41.5,0.8430330201433369,2,True,False
24.428571428571427,41.5,0.8451940472801582,1,True,False
24.571428571428573,41.5,0.8473348668094027,1,True,False
24.714285714285715,41.5,0.8494554942192764,1,True,False
24.857142857142858,41.5,0.8515559482786041,1,True,False
25.0,41.5,0.8536362509986115,0,True,False
11.0,42.0,0.5515229161427062,1,True,False
11.142857142857142,42.0,0.5551358483157897,1,True,False
11.285714285714286,42.0,0.5587441070710455,1,True,False
11.428571428571429,42.0,0.5623473911724574,1,True,False
11.571428571428571,42.0,0.5659454006786007,1,True,False
11.714285714285714,42.0,0.5695378370192858,1,True,False
11.857142857142858,42.0,0.573124403071596,1,True,False
12.0,42.0,0.5767048032352824,2,True,False
12.142857142857142,42.0,0.5802787435074928,2,True,False
12.285714285714286,42.0,0.5838459315567922,2,True,False
12.428571428571429,42.0,0.58740607679645,2,True,False
12.571428571428571,42.0,0.5909588904569609,2,True,False
12.714285714285714,42.0,0.5945040856577676,2,True,False
12.857142857142858,42.0,0.598041377478157,2,True,False
13.0,42.0,0.6015704830272999,2,True,False
13.142857142857142,42.0,0.605091121513403,1,True,False
13.285714285714286,42.0,0.608603014311949,1,True,False
13.428571428571429,42.0,0.6121058850329907,1,True,False
13.571428571428571,42.0,0.6155994595874784,1,True,False
13.714285714285714,42.0,0.6190834662525885,1,True,False
13.857142857142858,42.0,0.6225576357360294,1,True,False
14.0,42.0,0.6260217012392989,1,True,False
14.142857142857142,42.0,0.6294753985198677,0,True,False
14.285714285714286,42.0,0.6329184659522655,1,True,False
14.428571428571429,42.0,0.6363506445880441,1,True,False
14.571428571428571,42.0,0.6397716782145981,1,True,False
14.714285714285714,42.0,0.6431813134128157,1,True,False
14.857142857142858,42.0,0.6465792996135447,2,True,False
15.0,42.0,0.6499653891528455,2,True,False
15.142857142857142,42.0,0.6533393373260178,2,True,False
15.285714285714286,42.0,0.656700902440376,2,True,False
15.428571428571429,42.0,0.6600498458667603,2,True,False
15.571428571428571,42.0,0.663385932089759,2,True,False
15.714285714285714,42.0,0.6667089287566322,2,True,False
15.857142857142858,42.0,0.6700186067249143,2,True,False
16.0,42.0,0.6733147401086833,2,True,False
16.142857142857142,42.0,0.6765971063234827,2,True,False
16.285714285714285,42.0,0.6798654861298788,2,True,False
16.428571428571427,42.0,0.6831196636756443,1,True,False
16.571428571428573,42.0,0.6863594265365514,1,True,False
16.714285714285715,42.0,0.6895845657557675,1,True,False
16.857142857142858,42.0,0.6927948758818405,1,True,False
17.0,42.0,0.6959901550052617,0,True,False
17.142857142857142,42.0,0.6991702047936024,0,True,False
17.285714285714285,42.0,0.7023348305252106,0,True,False
17.428571428571427,42.0,0.705483841121464,0,True,False
17.571428571428573,42.0,0.7086170491775698,0,True,False
17.714285714285715,42.0,0.7117342709919087,0,True,False
17.857142857142858,42.0,0.7148353265939145,0,True,False
18.0,42.0,0.717920039770488,0,True,False
18.142857142857142,42.0,0.7209882380909403,0,True,False
18.285714285714285,42.0,0.7240397529304621,0,True,False
18.428571428571427,42.0,0.7270744194921194,0,True,False
18.571428571428573,42.0,0.7300920768273744,1,True,False
18.714285714285715,42.0,0.7330925678551272,1,True,False
18.857142857142858,42.0,0.7360757393792867,2,True,False
19.0,42.0,0.7390414421048634,2,True,False
19.142857142857142,42.0,0.7419895306525938,2,True,False
19.285714285714285,42.0,0.7449198635720946,2,True,False
19.428571428571427,42.0,0.7478323033535521,2,True,False
19.571428571428573,42.0,0.750726716437952,2,True,False
19.714285714285715,42.0,0.7536029732258529,2,True,False
19.857142857142858,42.0,0.7564609480847129,2,True,False
20.0,42.0,0.759300519354771,2,True,False
20.142857142857142,42.0,0.7621215693534968,2,True,False
20.285714285714285,42.0,0.7649239843786106,2,True,False
20.428571428571427,42.0,0.767707654709688,2,True,False
20.571428571428573,42.0,0.7704724746083561,2,True,False
20.714285714285715,42.0,0.7732183423170893,1,True,False
20.857142857142858,42.0,0.7759451600566225,1,True,False
21.0,42.0,0.7786528340219847,0,True,False
21.142857142857142,42.0,0.7813412743771715,0,True,False
21.285714285714285,42.0,0.7840103952484678,0,True,False
21.428571428571427,42.0,0.7866601147164312,0,True,False
21.571428571428573,42.0,0.7892903548065557,0,True,False
21.714285714285715,42.0,0.7919010414786254,0,True,False
21.857142857142858,42.0,0.7944921046147755,0,True,False
22.0,42.0,0.7970634780062775,0,True,False
22.142857142857142,42.0,0.7996150993390629,0,True,False
22.285714285714285,42.0,0.8021469101780041,1,True,False
22.428571428571427,42.0,0.8046588559499681,1,True,False
22.571428571428573,42.0,0.8071508859256633,1,True,False
22.714285714285715,42.0,0.8096229532002969,1,True,False
22.857142857142858,42.0,0.8120750146730604,2,True,False
23.0,42.0,0.8145070310254644,2,True,False
23.142857142857142,42.0,0.8169189666985432,2,True,False
23.285714285714285,42.0,0.8193107898689465,2,True,False
23.428571428571427,42.0,0.8216824724239423,2,True,False
23.571428571428573,42.0,0.8240339899353492,2,True,False
23.714285714285715,42.0,0.8263653216324217,2,True,False
23.857142857142858,42.0,0.8286764503737095,2,True,False
24.0,42.0,0.830967362617912,2,True,False
24.142857142857142,42.0,0.8332380483937525,2,True,False
24.285714285714285,42.0,0.8354885012688917,2,True,False
24.428571428571427,42.0,0.8377187183179085,1,True,False
24.571428571428573,42.0,0.8399287000893653,1,True,False
24.714285714285715,42.0,0.8421184505719863,1,True,False
24.857142857142858,42.0,0.8442879771599703,1,True,False
25.0,42.0,0.8464372906174622,0,True,False
11.0,42.5,0.5391339912207194,0,True,False
11.142857142857142,42.5,0.5427606151531195,0,True,False
11.285714285714286,42.5,0.5463836047483428,0,True,False
11.428571428571429,42.5,0.550002654929286,0,True,False
11.571428571428571,42.5,0.5536174616471607,0,True,False
11.714285714285714,42.5,0.5572277219599557,0,True,False
11.857142857142858,42.5,0.5608331341104095,0,True,False
12.0,42.5,0.5644333976034575,1,True,False
12.142857142857142,42.5,0.5680282132831198,1,True,False
12.285714285714286,42.5,0.571617283408798,1,True,False
12.428571428571429,42.5,0.5752003117309435,1,True,False
12.571428571428571,42.5,0.578777003566072,1,True,False
12.714285714285714,42.5,0.5823470658710836,1,True,False
12.857142857142858,42.5,0.5859102073168644,1,True,False
13.0,42.5,0.589466138361131,1,True,False
13.142857142857142,42.5,0.5930145713204942,1,True,False
13.285714285714286,42.5,0.5965552204417055,1,True,False
13.428571428571429,42.5,0.6000878019720608,1,True,False
13.571428571428571,42.5,0.6036120342289293,1,True,False
13.714285714285714,42.5,0.6071276376683794,1,True,False
13.857142857142858,42.5,0.6106343349528752,1,True,False
14.0,42.5,0.6141318510180129,1,True,False
14.142857142857142,42.5,0.6176199131382729,0,True,False
14.285714285714286,42.5,0.621098250991758,1,True,False
14.428571428571429,42.5,0.6245665967238957,1,True,False
14.571428571428571,42.5,0.6280246850100758,1,True,False
14.714285714285714,42.5,0.6314722531172008,1,True,False
14.857142857142858,42.5,0.6349090409641237,1,True,False
15.0,42.5,0.638334791180952,1,True,False
15.142857142857142,42.5,0.6417492491671932,1,True,False
15.285714285714286,42.5,0.6451521631487211,1,True,False
15.428571428571429,42.5,0.6485432842335416,1,True,False
15.571428571428571,42.5,0.6519223664663365,1,True,False
15.714285714285714,42.5,0.655289166881769,1,True,False
15.857142857142858,42.5,0.6586434455565271,1,True,False
16.0,42.5,0.6619849656600899,1,True,False
16.142857142857142,42.5,0.6653134935042001,1,True,False
16.285714285714285,42.5,0.668628798591023,1,True,False
16.428571428571427,42.5,0.6719306536599792,0,True,False
16.571428571428573,42.5,0.6752188347332335,0,True,False
16.714285714285715,42.5,0.6784931211598288,0,True,False
16.857142857142858,42.5,0.6817532956584473,0,True,False
17.0,42.5,0.6849991443587908,0,True,False
17.142857142857142,42.5,0.6882304568415653,0,True,False
17.285714285714285,42.5,0.6914470261770592,0,True,False
17.428571428571427,42.5,0.6946486489623074,0,True,False
17.571428571428573,42.5,0.6978351253568265,0,True,False
17.714285714285715,42.5,0.7010062591169193,0,True,False
17.857142857142858,42.5,0.7041618576285347,0,True,False
18.0,42.5,0.7073017319386797,0,True,False
18.142857142857142,42.5,0.7104256967853765,0,True,False
18.285714285714285,42.5,0.7135335706261573,0,True,False
18.428571428571427,42.5,0.7166251756650959,0,True,False
18.571428571428573,42.5,0.7197003378783684,1,True,False
18.714285714285715,42.5,0.7227588870383435,1,True,False
18.857142857142858,42.5,0.7258006567361981,1,True,False
19.0,42.5,0.7288254844030571,1,True,False
19.142857142857142,42.5,0.7318332113296577,1,True,False
19.285714285714285,42.5,0.7348236826845392,1,True,False
19.428571428571427,42.5,0.7377967475307552,1,True,False
19.571428571428573,42.5,0.740752258841117,1,True,False
19.714285714285715,42.5,0.7436900735119636,1,True,False
19.857142857142858,42.5,0.746610052375468,1,True,False
20.0,42.5,0.7495120602104794,1,True,False
20.142857142857142,42.5,0.7523959657519083,1,True,False
20.285714285714285,42.5,0.7552616416986604,1,True,False
20.428571428571427,42.5,0.7581089647201249,1,True,False
20.571428571428573,42.5,0.760937815461225,1,True,False
20.714285714285715,42.5,0.7637480785460389,0,True,False
20.857142857142858,42.5,0.7665396425799968,0,True,False
21.0,42.5,0.7693124001506692,0,True,False
21.142857142857142,42.5,0.7720662478271497,0,True,False
21.285714285714285,42.5,0.7748010861580485,0,True,False
21.428571428571427,42.5,0.7775168196681037,0,True,False
21.571428571428573,42.5,0.7802133568534257,0,True,False
21.714285714285715,42.5,0.7828906101753843,0,True,False
21.857142857142858,42.5,0.7855484960531549,0,True,False
22.0,42.5,0.7881869348549347,0,True,False
22.142857142857142,42.5,0.7908058508878447,0,True,False
22.285714285714285,42.5,0.7934051723865335,1,True,False
22.428571428571427,42.5,0.7959848315004963,1,True,False
22.571428571428573,42.5,0.7985447642801261,1,True,False
22.714285714285715,42.5,0.8010849106615163,1,True,False
22.857142857142858,42.5,0.8036052144500276,1,True,False
23.0,42.5,0.8061056233026402,1,True,False
23.142857142857142,42.5,0.8085860887091085,1,True,False
23.285714285714285,42.5,0.8110465659719376,1,True,False
23.428571428571427,42.5,0.8134870141851985,1,True,False
23.571428571428573,42.5,0.8159073962122065,1,True,False
23.714285714285715,42.5,0.8183076786620778,1,True,False
23.857142857142858,42.5,0.8206878318651875,1,True,False
24.0,42.5,0.8230478298475491,1,True,False
24.142857142857142,42.5,0.8253876503041384,1,True,False
24.285714285714285,42.5,0.8277072745711809,1,True,False
24.428571428571427,42.5,0.8300066875974255,0,True,False
24.571428571428573,42.5,0.8322858779144284,0,True,False
24.714285714285715,42.5,0.8345448376058684,0,True,False
24.857142857142858,42.5,0.8367835622759161,0,True,False
25.0,42.5,0.8390020510166815,0,True,False
11.0,43.0,0.5267061366231494,0,True,False
11.142857142857142,43.0,0.5303428728608364,0,True,False
11.285714285714286,43.0,0.5339770249448067,0,True,False
11.428571428571429,43.0,0.5376082848798099,0,True,False
11.571428571428571,43.0,0.5412363454272947,0,True,False
11.714285714285714,43.0,0.5448609001852888,0,True,False
11.857142857142858,43.0,0.5484816436679065,0,True,False
12.0,43.0,0.5520982713844524,1,True,False
12.142857142857142,43.0,0.5557104799180778,1,True,False
12.285714285714286,43.0,0.5593179670039654,1,True,False
12.428571428571429,43.0,0.5629204316070013,1,True,False
12.571428571428571,43.0,0.5665175739989013,1,True,False
12.714285714285714,43.0,0.5701090958347599,1,True,False
12.857142857142858,43.0,0.5736947002289878,1,True,False
13.0,43.0,0.5772740918306055,1,True,False
13.142857142857142,43.0,0.5808469768978578,1,True,False
13.285714285714286,43.0,0.5844130633721223,1,True,False
13.428571428571429,43.0,0.5879720609510761,1,True,False
13.571428571428571,43.0,0.5915236811610909,1,True,False
13.714285714285714,43.0,0.5950676374288273,1,True,False
13.857142857142858,43.0,0.598603645151996,1,True,False
14.0,43.0,0.602131421769258,1,True,False
14.142857142857142,43.0,0.6056506868292342,0,True,False
14.285714285714286,43.0,0.6091611620585954,1,True,False
14.428571428571429,43.0,0.6126625714292055,1,True,False
14.571428571428571,43.0,0.616154641224292,1,True,False
14.714285714285714,43.0,0.6196371001036118,1,True,False
14.857142857142858,43.0,0.6231096791675941,1,True,False
15.0,43.0,0.6265721120204265,1,True,False
15.142857142857142,43.0,0.6300241348320673,1,True,False
15.285714285714286,43.0,0.6334654863991527,1,True,False
15.428571428571429,43.0,0.6368959082047811,1,True,False
15.571428571428571,43.0,0.6403151444771481,1,True,False
15.714285714285714,43.0,0.6437229422470103,1,True,False
15.857142857142858,43.0,0.64711905140396,1,True,False
16.0,43.0,0.6505032247514837,1,True,False
16.142857142857142,43.0,0.6538752180607914,1,True,False
16.285714285714285,43.0,0.6572347901233925,1,True,False
16.428571428571427,43.0,0.6605817028024012,0,True,False
16.571428571428573,43.0,0.6639157210825559,0,True,False
16.714285714285715,43.0,0.66723661311893,0,True,False
16.857142857142858,43.0,0.670544150284327,0,True,False
17.0,43.0,0.6738381072153342,0,True,False
17.142857142857142,43.0,0.6771182618570288,0,True,False
17.285714285714285,43.0,0.6803843955063174,0,True,False
17.428571428571427,43.0,0.6836362928538983,0,True,False
17.571428571428573,43.0,0.6868737420248348,0,True,False
17.714285714285715,43.0,0.6900965346177256,0,True,False
17.857142857142858,43.0,0.6933044657424642,0,True,False
18.0,43.0,0.6964973340565769,0,True,False
18.142857142857142,43.0,0.6996749418001287,0,True,False
18.285714285714285,43.0,0.7028370948291927,0,True,False
18.428571428571427,43.0,0.7059836026478705,0,True,False
18.571428571428573,43.0,0.709114278438862,1,True,False
18.714285714285715,43.0,0.7122289390925756,1,True,False
18.857142857142858,43.0,0.715327405234776,1,True,False
19.0,43.0,0.7184095012527627,1,True,False
19.142857142857142,43.0,0.7214750553200797,1,True,False
19.285714285714285,43.0,0.7245238994197509,1,True,False
19.428571428571427,43.0,0.7275558693660399,1,True,False
19.571428571428573,43.0,0.7305708048247362,1,True,False
19.714285714285715,43.0,0.7335685493319629,1,True,False
19.857142857142858,43.0,0.7365489503115108,1,True,False
20.0,43.0,0.7395118590907,1,True,False
20.142857142857142,43.0,0.7424571309147676,1,True,False
20.285714285714285,43.0,0.7453846249597891,1,True,False
20.428571428571427,43.0,0.748294204344136,1,True,False
20.571428571428573,43.0,0.7511857361384723,1,True,False
20.714285714285715,43.0,0.7540590913742988,0,True,False
20.857142857142858,43.0,0.7569141450510471,0,True,False
21.0,43.0,0.7597507761417347,1,True,False
21.142857142857142,43.0,0.7625688675971847,1,True,False
21.285714285714285,43.0,0.7653683063488218,1,True,False
21.428571428571427,43.0,0.768148983310051,1,True,False
21.571428571428573,43.0,0.7709107933762295,1,True,False
21.714285714285715,43.0,0.7736536354232442,1,True,False
21.857142857142858,43.0,0.7763774123047016,1,True,False
22.0,43.0,0.7790820308477457,1,True,False
22.142857142857142,43.0,0.7817674018475143,1,True,False
22.285714285714285,43.0,0.7844334400602477,2,True,False
22.428571428571427,43.0,0.787080064195061,2,True,False
22.571428571428573,43.0,0.7897071969043983,2,True,False
22.714285714285715,43.0,0.7923147647731793,2,True,False
22.857142857142858,43.0,0.794902698306657,2,True,False
23.0,43.0,0.7974709319170001,2,True,False
23.142857142857142,43.0,0.8000194039086188,1,True,False
23.285714285714285,43.0,0.8025480564622471,1,True,False
23.428571428571427,43.0,0.8050568356178063,1,True,False
23.571428571428573,43.0,0.8075456912560585,1,True,False
23.714285714285715,43.0,0.8100145770790772,1,True,False
23.857142857142858,43.0,0.8124634505895489,1,True,False
24.0,43.0,0.8148922730689259,1,True,False
24.142857142857142,43.0,0.8173010095544525,1,True,False
24.285714285714285,43.0,0.8196896288150823,1,True,False
24.428571428571427,43.0,0.822058103326309,0,True,False
24.571428571428573,43.0,0.8244064092439307,0,True,False
24.714285714285715,43.0,0.8267345263767711,0,True,False
24.857142857142858,43.0,0.8290424381583756,0,True,False
25.0,43.0,0.8313301316177103,0,True,False
11.0,43.5,0.5142516668009804,0,True,False
11.142857142857142,43.5,0.5178949049549354,0,True,False
11.285714285714286,43.5,0.5215366170498211,0,True,False
11.428571428571429,43.5,0.5251764931103504,0,True,False
11.571428571428571,43.5,0.5288142236423815,0,True,False
11.714285714285714,43.5,0.5324494997138041,0,True,False
11.857142857142858,43.5,0.536082013035172,0,True,False
12.0,43.5,0.5397114560400524,0,True,False
12.142857142857142,43.5,0.5433375219650519,0,True,False
12.285714285714286,43.5,0.5469599049294849,0,True,False
12.428571428571429,43.5,0.550578300014651,0,True,False
12.571428571428571,43.5,0.5541924033426845,0,True,False
12.714285714285714,43.5,0.5578019121549416,0,True,False
12.857142857142858,43.5,0.5614065248898906,0,True,False
13.0,43.5,0.5650059412604733,0,True,False
13.142857142857142,43.5,0.5685998623309008,0,True,False
13.285714285714286,43.5,0.5721879905928509,0,True,False
13.428571428571429,43.5,0.5757700300410372,0,True,False
13.571428571428571,43.5,0.5793456862481132,0,True,False
13.714285714285714,43.5,0.5829146664388813,0,True,False
13.857142857142858,43.5,0.5864766795637744,0,True,False
14.0,43.5,0.5900314363715803,0,True,False
14.142857142857142,43.5,0.5935786494813758,0,True,False
14.285714285714286,43.5,0.5971180334536419,0,True,False
14.428571428571429,43.5,0.6006493048605293,0,True,False
14.571428571428571,43.5,0.6041721823552462,0,True,False
14.714285714285714,43.5,0.6076863867405382,0,True,False
14.857142857142858,43.5,0.6111916410362337,0,True,False
15.0,43.5,0.6146876705458248,0,True,False
15.142857142857142,43.5,0.6181742029220608,0,True,False
15.285714285714286,43.5,0.6216509682315225,0,True,False
15.428571428571429,43.5,0.6251176990181571,0,True,False
15.571428571428571,43.5,0.6285741303657438,0,True,False
15.714285714285714,43.5,0.6320199999592697,0,True,False
15.857142857142858,43.5,0.6354550481451879,0,True,False
16.0,43.5,0.6388790179905389,0,True,False
16.142857142857142,43.5,0.6422916553409095,0,True,False
16.285714285714285,43.5,0.6456927088772095,0,True,False
16.428571428571427,43.5,0.6490819301712452,0,True,False
16.571428571428573,43.5,0.6524590737400667,0,True,False
16.714285714285715,43.5,0.6558238970990729,0,True,False
16.857142857142858,43.5,0.6591761608138544,0,True,False
17.0,43.5,0.6625156285507543,0,True,False
17.142857142857142,43.5,0.6658420671261327,0,True,False
17.285714285714285,43.5,0.6691552465543156,0,True,False
17.428571428571427,43.5,0.6724549400942149,0,True,False
17.571428571428573,43.5,0.6757409242946026,0,True,False
17.714285714285715,43.5,0.6790129790380262,0,True,False
17.857142857142858,43.5,0.6822708875833525,0,True,False
18.0,43.5,0.6855144366069257,0,True,False
18.142857142857142,43.5,0.6887434162423283,0,True,False
18.285714285714285,43.5,0.6919576201187363,0,True,False
18.428571428571427,43.5,0.6951568453978543,0,True,False
18.571428571428573,43.5,0.6983408928094264,0,True,False
18.714285714285715,43.5,0.7015095666853086,0,True,False
18.857142857142858,43.5,0.7046626749921009,0,True,False
19.0,43.5,0.707800029362326,0,True,False
19.142857142857142,43.5,0.7109214451241558,0,True,False
19.285714285714285,43.5,0.7140267413296726,0,True,False
19.428571428571427,43.5,0.7171157407816668,0,True,False
19.571428571428573,43.5,0.7201882700589649,0,True,False
19.714285714285715,43.5,0.7232441595402832,0,True,False
19.857142857142858,43.5,0.7262832434266104,0,True,False
20.0,43.5,0.7293053597621116,0,True,False
20.142857142857142,43.5,0.7323103504535583,0,True,False
20.285714285714285,43.5,0.7352980612882822,0,True,False
20.428571428571427,43.5,0.7382683419506549,0,True,False
20.571428571428573,43.5,0.7412210460370948,0,True,False
20.714285714285715,43.5,0.7441560310696055,0,True,False
20.857142857142858,43.5,0.7470731585078474,0,True,False
21.0,43.5,0.749972293759749,1,True,False
21.142857142857142,43.5,0.7528533061906589,1,True,False
21.285714285714285,43.5,0.7557160691310513,1,True,False
21.428571428571427,43.5,0.7585604598827829,1,True,False
21.571428571428573,43.5,0.761386359723917,1,True,False
21.714285714285715,43.5,0.7641936539121151,1,True,False
21.857142857142858,43.5,0.7669822316866122,1,True,False
22.0,43.5,0.7697519862687776,1,True,False
22.142857142857142,43.5,0.772502814861278,1,True,False
22.285714285714285,43.5,0.7752346186458487,1,True,False
22.428571428571427,43.5,0.7779473027796879,1,True,False
22.571428571428573,43.5,0.7806407763904831,1,True,False
22.714285714285715,43.5,0.7833149525700843,1,True,False
22.857142857142858,43.5,0.7859697483668378,1,True,False
23.0,43.5,0.7886050847765915,1,True,False
23.142857142857142,43.5,0.7912208867323911,0,True,False
23.285714285714285,43.5,0.793817083092875,0,True,False
23.428571428571427,43.5,0.7963936066293936,0,True,False
23.571428571428573,43.5,0.79895039401186,0,True,False
23.714285714285715,43.5,0.8014873857933529,0,True,False
23.857142857142858,43.5,0.8040045263934913,0,True,False
24.0,43.5,0.8065017640805929,0,True,False
24.142857142857142,43.5,0.8089790509526419,0,True,False
24.285714285714285,43.5,0.8114363429170773,0,True,False
24.428571428571427,43.5,0.8138735996694282,0,True,False
24.571428571428573,43.5,0.81629078467081,0,True,False
24.714285714285715,43.5,0.8186878651243059,0,True,False
24.857142857142858,43.5,0.8210648119502522,0,True,False
25.0,43.5,0.8234215997604473,0,True,False
11.0,44.0,0.501782977711453,0,True,False
11.142857142857142,44.0,0.5054290874696813,0,True,False
11.285714285714286,44.0,0.509074733941886,0,True,False
11.428571428571429,44.0,0.5127196061211609,0,True,False
11.571428571428571,44.0,0.5163633932036873,0,True,False
11.714285714285714,44.0,0.5200057846702024,0,True,False
11.857142857142858,44.0,0.52364647036734,0,True,False
12.0,44.0,0.5272851405888093,0,True,False
12.142857142857142,44.0,0.5309214861563727,0,True,False
12.285714285714286,44.0,0.5345551985005909,0,True,False
12.428571428571429,44.0,0.5381859697412947,0,True,False
12.571428571428571,44.0,0.5418134927677511,0,True,False
12.714285714285714,44.0,0.5454374613184872,0,True,False
12.857142857142858,44.0,0.5490575700607359,0,True,False
13.0,44.0,0.5526735146694687,0,True,False
13.142857142857142,44.0,0.5562849919059826,0,True,False
13.285714285714286,44.0,0.5598916996960033,0,True,False
13.428571428571429,44.0,0.5634933372072722,0,True,False
13.571428571428571,44.0,0.567089604926585,0,True,False
13.714285714285714,44.0,0.5706802047362443,0,True,False
13.857142857142858,44.0,0.5742648399898966,0,True,False
14.0,44.0,0.577843215587721,0,True,False
14.142857142857142,44.0,0.5814150380509321,0,True,False
14.285714285714286,44.0,0.5849800155955741,0,True,False
14.428571428571429,44.0,0.5885378582055651,0,True,False
14.571428571428571,44.0,0.5920882777049685,0,True,False
14.714285714285714,44.0,0.595630987829455,0,True,False
14.857142857142858,44.0,0.5991657042969301,0,True,False
15.0,44.0,0.6026921448772934,0,True,False
15.142857142857142,44.0,0.6062100294613046,0,True,False
15.285714285714286,44.0,0.6097190801285242,0,True,False
15.428571428571429,44.0,0.6132190212143038,0,True,False
15.571428571428571,44.0,0.6167095793757982,0,True,False
15.714285714285714,44.0,0.6201904836569705,0,True,False
15.857142857142858,44.0,0.6236614655525686,0,True,False
16.0,44.0,0.6271222590710415,0,True,False
16.142857142857142,44.0,0.630572600796377,0,True,False
16.285714285714285,44.0,0.6340122299488338,0,True,False
16.428571428571427,44.0,0.6374408884445416,0,True,False
16.571428571428573,44.0,0.6408583209539529,0,True,False
16.714285714285715,44.0,0.6442642749591183,0,True,False
16.857142857142858,44.0,0.6476585008097695,0,True,False
17.0,44.0,0.6510407517781831,0,True,False
17.142857142857142,44.0,0.6544107841128117,0,True,False
17.285714285714285,44.0,0.6577683570906586,0,True,False
17.428571428571427,44.0,0.6611132330683802,0,True,False
17.571428571428573,44.0,0.6644451775320975,0,True,False
17.714285714285715,44.0,0.6677639591458997,0,True,False
17.857142857142858,44.0,0.6710693497990252,0,True,False
18.0,44.0,0.6743611246517036,0,True,False
18.142857142857142,44.0,0.6776390621796433,0,True,False
18.285714285714285,44.0,0.6809029442171541,0,True,False
18.428571428571427,44.0,0.6841525559988889,0,True,False
18.571428571428573,44.0,0.6873876862001937,0,True,False
18.714285714285715,44.0,0.6906081269760549,0,True,False
18.857142857142858,44.0,0.6938136739986327,0,True,False
19.0,44.0,0.6970041264933724,0,True,False
19.142857142857142,44.0,0.700179287273681,0,True,False
19.285714285714285,44.0,0.7033389627741672,0,True,False
19.428571428571427,44.0,0.7064829630824316,0,True,False
19.571428571428573,44.0,0.709611101969404,0,True,False
19.714285714285715,44.0,0.7127231969182216,0,True,False
19.857142857142858,44.0,0.715819069151642,0,True,False
20.0,44.0,0.7188985436579899,0,True,False
20.142857142857142,44.0,0.7219614492156312,0,True,False
20.285714285714285,44.0,0.725007618415974,0,True,False
20.428571428571427,44.0,0.7280368876849935,0,True,False
20.571428571428573,44.0,0.7310490973032828,0,True,False
20.714285714285715,44.0,0.7340440914246269,0,True,False
20.857142857142858,44.0,0.7370217180931014,0,True,False
21.0,44.0,0.7399818292586993,1,True,False
21.142857142857142,44.0,0.7429242807914858,1,True,False
21.285714285714285,44.0,0.7458489324942861,1,True,False
21.428571428571427,44.0,0.7487556481139095,1,True,False
21.571428571428573,44.0,0.7516442953509157,1,True,False
21.714285714285715,44.0,0.7545147458679262,1,True,False
21.857142857142858,44.0,0.75736687529649,1,True,False
22.0,44.0,0.7602005632425097,1,True,False
22.142857142857142,44.0,0.7630156932902331,1,True,False
22.285714285714285,44.0,0.7658121530048241,1,True,False
22.428571428571427,44.0,0.7685898339335157,1,True,False
22.571428571428573,44.0,0.7713486316053604,1,True,False
22.714285714285715,44.0,0.7740884455295853,1,True,False
22.857142857142858,44.0,0.7768091791925626,1,True,False
23.0,44.0,0.7795107400534117,1,True,False
23.142857142857142,44.0,0.7821930395382373,0,True,False
23.285714285714285,44.0,0.7848559930330266,0,True,False
23.428571428571427,44.0,0.7874995198752105,0,True,False
23.571428571428573,44.0,0.790123543343908,0,True,False
23.714285714285715,44.0,0.7927279906488673,0,True,False
23.857142857142858,44.0,0.7953127929181188,0,True,False
24.0,44.0,0.7978778851843569,0,True,False
24.142857142857142,44.0,0.8004232063700665,0,True,False
24.285714285714285,44.0,0.8029486992714102,0,True,False
24.428571428571427,44.0,0.8054543105408978,0,True,False
24.571428571428573,44.0,0.8079399906688506,0,True,False
24.714285714285715,44.0,0.8104056939636843,0,True,False
24.857142857142858,44.0,0.8128513785310266,0,True,False
25.0,44.0,0.8152770062516893,0,True,False
11.0,44.5,0.4893125089080602,0,True,False
11.142857142857142,44.5,0.49295785115135893,0,True,False
11.285714285714286,44.5,0.49660379430291374,0,True,False
11.428571428571429,44.5,0.500250027277995,0,True,False
11.571428571428571,44.5,0.5038962389158433,0,True,False
11.714285714285714,44.5,0.5075421180612969,0,True,False
11.857142857142858,44.5,0.5111873536464162,0,True,False
12.0,44.5,0.5148316347720696,0,True,False
12.142857142857142,44.5,0.5184746507894437,0,True,False
12.285714285714286,44.5,0.5221160913814428,0,True,False
12.428571428571429,44.5,0.5257556466439395,0,True,False
12.571428571428571,44.5,0.5293930071668422,0,True,False
12.714285714285714,44.5,0.5330278641149415,0,True,False
12.857142857142858,44.5,0.5366599093085019,0,True,False
13.0,44.5,0.5402888353035606,0,True,False
13.142857142857142,44.5,0.5439143354718994,0,True,False
13.285714285714286,44.5,0.5475361040806535,0,True,False
13.428571428571429,44.5,0.5511538363715232,0,True,False
13.571428571428571,44.5,0.5547672286395515,0,True,False
13.714285714285714,44.5,0.5583759783114349,0,True,False
13.857142857142858,44.5,0.5619797840233318,0,True,False
14.0,44.5,0.565578345698136,0,True,False
14.142857142857142,44.5,0.569171364622179,0,True,False
14.285714285714286,44.5,0.5727585435213308,0,True,False
14.428571428571429,44.5,0.5763395866364643,0,True,False
14.571428571428571,44.5,0.5799141997982509,0,True,False
14.714285714285714,44.5,0.5834820905012561,0,True,False
14.857142857142858,44.5,0.5870429679773032,0,True,False
15.0,44.5,0.5905965432680732,0,True,False
15.142857142857142,44.5,0.5941425292969106,0,True,False
15.285714285714286,44.5,0.5976806409398057,0,True,False
15.428571428571429,44.5,0.6012105950955221,0,True,False
15.571428571428571,44.5,0.6047321107548425,0,True,False
15.714285714285714,44.5,0.6082449090689004,0,True,False
15.857142857142858,44.5,0.6117487134165752,0,True,False
16.0,44.5,0.615243249470917,0,True,False
16.142857142857142,44.5,0.6187282452645795,0,True,False
16.285714285714285,44.5,0.6222034312542313,0,True,False
16.428571428571427,44.5,0.625668540383922,0,True,False
16.571428571428573,44.5,0.6291233081473755,0,True,False
16.714285714285715,44.5,0.6325674726491894,0,True,False
16.857142857142858,44.5,0.6360007746649152,0,True,False
17.0,44.5,0.6394229576999941,0,True,False
17.142857142857142,44.5,0.6428337680475312,0,True,False
17.285714285714285,44.5,0.6462329548448805,0,True,False
17.428571428571427,44.5,0.6496202701290251,0,True,False
17.571428571428573,44.5,0.6529954688907282,0,True,False
17.714285714285715,44.5,0.656358309127439,0,True,False
17.857142857142858,44.5,0.659708551894931,0,True,False
18.0,44.5,0.6630459613576596,0,True,False
18.142857142857142,44.5,0.6663703048378167,0,True,False
18.285714285714285,44.5,0.6696813528630705,0,True,False
18.428571428571427,44.5,0.6729788792129707,0,True,False
18.571428571428573,44.5,0.6762626609640091,0,True,False
18.714285714285715,44.5,0.6795324785333164,0,True,False
18.857142857142858,44.5,0.6827881157209865,0,True,False
19.0,44.5,0.6860293597510124,0,True,False
19.142857142857142,44.5,0.6892560013108259,0,True,False
19.285714285714285,44.5,0.6924678345894252,0,True,False
19.428571428571427,44.5,0.6956646573140854,0,True,False
19.571428571428573,44.5,0.6988462707856407,0,True,False
19.714285714285715,44.5,0.7020124799123273,0,True,False
19.857142857142858,44.5,0.7051630932421853,0,True,False
20.0,44.5,0.7082979229940076,0,True,False
20.142857142857142,44.5,0.7114167850868307,0,True,False
20.285714285714285,44.5,0.7145194991679661,0,True,False
20.428571428571427,44.5,0.717605888639563,0,True,False
20.571428571428573,44.5,0.7206757806837017,0,True,False
20.714285714285715,44.5,0.7237290062860139,0,True,False
20.857142857142858,44.5,0.7267654002578292,0,True,False
21.0,44.5,0.7297848012568455,1,True,False
21.142857142857142,44.5,0.7327870518063231,1,True,False
21.285714285714285,44.5,0.735771998312804,1,True,False
21.428571428571427,44.5,0.7387394910823575,1,True,False
21.571428571428573,44.5,0.7416893843353525,1,True,False
21.714285714285715,44.5,0.7446215362197628,1,True,False
21.857142857142858,44.5,0.7475358088230052,1,True,False
22.0,44.5,0.7504320681823187,1,True,False
22.142857142857142,44.5,0.7533101842936862,1,True,False
22.285714285714285,44.5,0.7561700311193081,1,True,False
22.428571428571427,44.5,0.7590114865936313,1,True,False
22.571428571428573,44.5,0.761834432627944,1,True,False
22.714285714285715,44.5,0.764638755113543,1,True,False
22.857142857142858,44.5,0.7674243439234807,1,True,False
23.0,44.5,0.7701910929129043,1,True,False
23.142857142857142,44.5,0.7729388999179976,0,True,False
23.285714285714285,44.5,0.7756676667535292,0,True,False
23.428571428571427,44.5,0.7783772992090312,0,True,False
23.571428571428573,44.5,0.7810677070436082,0,True,False
23.714285714285715,44.5,0.7837388039793962,0,True,False
23.857142857142858,44.5,0.7863905076936843,0,True,False
24.0,44.5,0.7890227398097107,0,True,False
24.142857142857142,44.5,0.7916354258861503,0,True,False
24.285714285714285,44.5,0.7942284954053064,0,True,False
24.428571428571427,44.5,0.796801881760026,0,True,False
24.571428571428573,44.5,0.7993555222393511,0,True,False
24.714285714285715,44.5,0.8018893580129256,0,True,False
24.857142857142858,44.5,0.8044033341141739,0,True,False
25.0,44.5,0.8068973994222699,0,True,False
11.0,45.0,0.4768527054034074,0,True,False
11.142857142857142,45.0,0.48049364336702804,0,True,False
11.285714285714286,45.0,0.4841362445898483,0,True,False
11.428571428571429,45.0,0.4877801988635154,0,True,False
11.571428571428571,45.0,0.49142519562492626,0,True,False
11.714285714285714,45.0,0.4950709240375881,0,True,False
11.857142857142858,45.0,0.498717073073101,1,True,False
12.0,45.0,0.5023633315927256,1,True,False
12.142857142857142,45.0,0.5060093884290016,1,True,False
12.285714285714286,45.0,0.5096549324673765,1,True,False
12.428571428571429,45.0,0.5132996527278132,1,True,False
12.571428571428571,45.0,0.5169432384463359,1,True,False
12.714285714285714,45.0,0.5205853791564806,1,True,False
12.857142857142858,45.0,0.5242257647706129,1,True,False
13.0,45.0,0.5278640856610767,1,True,False
13.142857142857142,45.0,0.5315000327411379,1,True,False
13.285714285714286,45.0,0.5351332975456878,1,True,False
13.428571428571429,45.0,0.5387635723116694,1,True,False
13.571428571428571,45.0,0.5423905500581904,1,True,False
13.714285714285714,45.0,0.5460139246662902,1,True,False
13.857142857142858,45.0,0.5496333909583213,1,True,False
14.0,45.0,0.553248644776915,0,True,False
14.142857142857142,45.0,0.5568593830634918,0,True,False
14.285714285714286,45.0,0.5604653039362855,0,True,False
14.428571428571429,45.0,0.5640661067678454,0,True,False
14.571428571428571,45.0,0.5676614922619836,0,True,False
14.714285714285714,45.0,0.571251162530132,1,True,False
14.857142857142858,45.0,0.5748348211670784,1,True,False
15.0,45.0,0.5784121733260468,1,True,False
15.142857142857142,45.0,0.5819829257930924,1,True,False
15.285714285714286,45.0,0.5855467870607758,1,True,False
15.428571428571429,45.0,0.5891034674010877,1,True,False
15.571428571428571,45.0,0.5926526789375927,1,True,False
15.714285714285714,45.0,0.5961941357167617,1,True,False
15.857142857142858,45.0,0.5997275537784621,1,True,False
16.0,45.0,0.6032526512255767,1,True,False
16.142857142857142,45.0,0.6067691482927255,1,True,False
16.285714285714285,45.0,0.6102767674140556,1,True,False
16.428571428571427,45.0,0.6137752332900788,1,True,False
16.571428571428573,45.0,0.617264272953524,1,True,False
16.714285714285715,45.0,0.6207436158341817,0,True,False
16.857142857142858,45.0,0.6242129938227117,0,True,False
17.0,45.0,0.6276721413333913,0,True,False
17.142857142857142,45.0,0.6311207953657774,0,True,False
17.285714285714285,45.0,0.6345586955652598,0,True,False
17.428571428571427,45.0,0.6379855842824808,0,True,False
17.571428571428573,45.0,0.6414012066316009,0,True,False
17.714285714285715,45.0,0.6448053105473859,0,True,False
17.857142857142858,45.0,0.6481976468410964,0,True,False
18.0,45.0,0.6515779692551578,0,True,False
18.142857142857142,45.0,0.6549460345165922,0,True,False
18.285714285714285,45.0,0.6583016023891916,0,True,False
18.428571428571427,45.0,0.6616444357244161,0,True,False
18.571428571428573,45.0,0.664974300510999,0,True,False
18.714285714285715,45.0,0.6682909659232397,0,True,False
18.857142857142858,45.0,0.6715942043679738,0,True,False
19.0,45.0,0.6748837915301993,0,True,False
19.142857142857142,45.0,0.6781595064173489,0,True,False
19.285714285714285,45.0,0.6814211314021932,0,True,False
19.428571428571427,45.0,0.6846684522643611,0,True,False
19.571428571428573,45.0,0.6879012582304688,0,True,False
19.714285714285715,45.0,0.691119342012841,0,True,False
19.857142857142858,45.0,0.6943224998468197,0,True,False
20.0,45.0,0.6975105315266472,0,True,False
20.142857142857142,45.0,0.7006832404399148,0,True,False
20.285714285714285,45.0,0.7038404336005727,0,True,False
20.428571428571427,45.0,0.7069819216804887,0,True,False
20.571428571428573,45.0,0.7101075190395538,0,True,False
20.714285714285715,45.0,0.7132170437543284,0,True,False
20.857142857142858,45.0,0.7163103176452209,0,True,False
21.0,45.0,0.7193871663022015,1,True,False
21.142857142857142,45.0,0.7224474191090399,1,True,False
21.285714285714285,45.0,0.7254909092660737,1,True,False
21.428571428571427,45.0,0.728517473811498,1,True,False
21.571428571428573,45.0,0.7315269536411804,1,True,False
21.714285714285715,45.0,0.7345191935270003,1,True,False
21.857142857142858,45.0,0.7374940421337141,1,True,False
22.0,45.0,0.7404513520343468,1,True,False
22.142857142857142,45.0,0.7433909797241127,1,True,False
22.285714285714285,45.0,0.746312785632871,1,True,False
22.428571428571427,45.0,0.7492166341361165,1,True,False
22.571428571428573,45.0,0.7521023935645146,1,True,False
22.714285714285715,45.0,0.7549699362119819,1,True,False
22.857142857142858,45.0,0.7578191383423225,1,True,False
23.0,45.0,0.7606498801944243,1,True,False
23.142857142857142,45.0,0.7634620459860257,0,True,False
23.285714285714285,45.0,0.7662555239160584,0,True,False
23.428571428571427,45.0,0.7690302061655776,0,True,False
23.571428571428573,45.0,0.7717859888972893,0,True,False
23.714285714285715,45.0,0.7745227722536838,0,True,False
23.857142857142858,45.0,0.7772404603537884,0,True,False
24.0,45.0,0.77993896128855,0,True,False
24.142857142857142,45.0,0.7826181871148619,0,True,False
24.285714285714285,45.0,0.785278053848244,0,True,False
24.428571428571427,45.0,0.7879184814541955,0,True,False
24.571428571428573,45.0,0.7905393938382306,0,True,False
24.714285714285715,45.0,0.7931407188346127,0,True,False
24.857142857142858,45.0,0.7957223881938051,0,True,False
25.0,45.0,0.7982843375686504,0,True,False
11.0,45.5,0.4644159795036163,0,True,False
11.142857142857142,45.5,0.4680488899266576,0,True,False
11.285714285714286,45.5,0.4716845208615422,0,True,False
11.428571428571429,45.5,0.47532256392592775,0,True,False
11.571428571428571,45.5,0.47896271010584907,0,True,False
11.714285714285714,45.5,0.48260464983638895,0,True,False
11.857142857142858,45.5,0.4862480730825941,1,True,False
12.0,45.5,0.4898926694206004,1,True,False
12.142857142857142,45.5,0.4935381281189315,1,True,False
12.285714285714286,45.5,0.497184138219935,1,True,False
12.428571428571429,45.5,0.5008303886213186,1,True,False
12.571428571428571,45.5,0.5044765681577511,1,True,False
12.714285714285714,45.5,0.5081223656824924,1,True,False
12.857142857142858,45.5,0.5117674701490134,1,True,False
13.0,45.5,0.5154115706925723,1,True,False
13.142857142857142,45.5,0.5190543567117109,1,True,False
13.285714285714286,45.5,0.5226955179496309,1,True,False
13.428571428571429,45.5,0.5263347445754191,1,True,False
13.571428571428571,45.5,0.5299717272650816,1,True,False
13.714285714285714,45.5,0.5336061572823523,1,True,False
13.857142857142858,45.5,0.5372377265592401,1,True,False
14.0,45.5,0.5408661277762785,0,True,False
14.142857142857142,45.5,0.5444910544424416,0,True,False
14.285714285714286,45.5,0.5481122009746924,0,True,False
14.428571428571429,45.5,0.5517292627771271,0,True,False
14.571428571428571,45.5,0.5553419363196814,0,True,False
14.714285714285714,45.5,0.5589499192163637,1,True,False
14.857142857142858,45.5,0.5625529103029803,1,True,False
15.0,45.5,0.5661506097143196,1,True,False
15.142857142857142,45.5,0.5697427189607625,1,True,False
15.285714285714286,45.5,0.5733289410042821,1,True,False
15.428571428571429,45.5,0.5769089803338057,1,True,False
15.571428571428571,45.5,0.5804825430398998,1,True,False
15.714285714285714,45.5,0.5840493368887523,1,True,False
15.857142857142858,45.5,0.5876090713954156,1,True,False
16.0,45.5,0.5911614578962827,1,True,False
16.142857142857142,45.5,0.5947062096207647,1,True,False
16.285714285714285,45.5,0.5982430417621378,1,True,False
16.428571428571427,45.5,0.6017716715475331,1,True,False
16.571428571428573,45.5,0.6052918183070382,1,True,False
16.714285714285715,45.5,0.608803203541882,0,True,False
16.857142857142858,45.5,0.6123055509916783,0,True,False
17.0,45.5,0.6157985867006923,0,True,False
17.142857142857142,45.5,0.6192820390831146,0,True,False
17.285714285714285,45.5,0.6227556389873071,0,True,False
17.428571428571427,45.5,0.626219119758999,0,True,False
17.571428571428573,45.5,0.6296722173034096,0,True,False
17.714285714285715,45.5,0.63311467014627,0,True,False
17.857142857142858,45.5,0.6365462194937219,0,True,False
18.0,45.5,0.6399666092910721,0,True,False
18.142857142857142,45.5,0.6433755862803767,0,True,False
18.285714285714285,45.5,0.6467729000568373,0,True,False
18.428571428571427,45.5,0.6501583031239855,0,True,False
18.571428571428573,45.5,0.6535315509476386,0,True,False
18.714285714285715,45.5,0.6568924020086029,0,True,False
18.857142857142858,45.5,0.660240617854112,0,True,False
19.0,45.5,0.6635759631479756,0,True,False
19.142857142857142,45.5,0.6668982057194273,0,True,False
19.285714285714285,45.5,0.6702071166106527,0,True,False
19.428571428571427,45.5,0.6735024701229816,0,True,False
19.571428571428573,45.5,0.6767840438617321,0,True,False
19.714285714285715,45.5,0.6800516187796901,0,True,False
19.857142857142858,45.5,0.6833049792192137,0,True,False
20.0,45.5,0.6865439129529474,0,True,False
20.142857142857142,45.5,0.6897682112231369,0,True,False
20.285714285714285,45.5,0.6929776687795336,0,True,False
20.428571428571427,45.5,0.6961720839158768,0,True,False
20.571428571428573,45.5,0.6993512585049476,0,True,False
20.714285714285715,45.5,0.7025149980321839,0,True,False
20.857142857142858,45.5,0.70566311162785,0,True,False
21.0,45.5,0.7087954120977551,1,True,False
21.142857142857142,45.5,0.7119117159525117,1,True,False
21.285714285714285,45.5,0.7150118434353329,1,True,False
21.428571428571427,45.5,0.7180956185483625,1,True,False
21.571428571428573,45.5,0.7211628690775329,1,True,False
21.714285714285715,45.5,0.7242134266159521,1,True,False
21.857142857142858,45.5,0.7272471265858149,1,True,False
22.0,45.5,0.7302638082588377,1,True,False
22.142857142857142,45.5,0.7332633147752184,1,True,False
22.285714285714285,45.5,0.7362454931611215,1,True,False
22.428571428571427,45.5,0.7392101943446876,1,True,False
22.571428571428573,45.5,0.7421572731705732,1,True,False
22.714285714285715,45.5,0.7450865884130224,1,True,False
22.857142857142858,45.5,0.7479980027874713,1,True,False
23.0,45.5,0.7508913829606957,1,True,False
23.142857142857142,45.5,0.7537665995595016,0,True,False
23.285714285714285,45.5,0.7566235271779684,0,True,False
23.428571428571427,45.5,0.7594620443832497,0,True,False
23.571428571428573,45.5,0.7622820337199394,0,True,False
23.714285714285715,45.5,0.7650833817130126,0,True,False
23.857142857142858,45.5,0.7678659788693486,0,True,False
24.0,45.5,0.7706297196778459,0,True,False
24.142857142857142,45.5,0.7733745026081419,0,True,False
24.285714285714285,45.5,0.7761002301079432,0,True,False
24.428571428571427,45.5,0.7788068085989838,0,True,False
24.571428571428573,45.5,0.7814941484716194,0,True,False
24.714285714285715,45.5,0.7841621640780723,0,True,False
24.857142857142858,45.5,0.7868107737243415,0,True,False
25.0,45.5,0.7894398996607888,0,True,False
11.0,46.0,0.4520146728131607,0,True,False
11.142857142857142,46.0,0.4556359570176033,0,True,False
11.285714285714286,46.0,0.45926101065982716,0,True,False
11.428571428571429,46.0,0.46288952812362444,0,True,False
11.571428571428571,46.0,0.46652120288758026,0,True,False
11.714285714285714,46.0,0.47015572760463425,0,True,False
11.857142857142858,46.0,0.4737927941820097,1,True,False
12.0,46.0,0.4774320938614734,1,True,False
12.142857142857142,46.0,0.4810733172998928,1,True,False
12.285714285714286,46.0,0.4847161546500537,1,True,False
12.428571428571429,46.0,0.4883602956417005,1,True,False
12.571428571428571,46.0,0.4920054296627682,1,True,False
12.714285714285714,46.0,0.4956512458407638,1,True,False
12.857142857142858,46.0,0.499297433124265,1,True,False
13.0,46.0,0.5029436803644992,1,True,False
13.142857142857142,46.0,0.5065896763969646,1,True,False
13.285714285714286,46.0,0.5102351101230598,1,True,False
13.428571428571429,46.0,0.5138796705916819,1,True,False
13.571428571428571,46.0,0.5175230470807618,1,True,False
13.714285714285714,46.0,0.5211649291786946,1,True,False
13.857142857142858,46.0,0.5248050068656336,1,True,False
14.0,46.0,0.5284429705946079,0,True,False
14.142857142857142,46.0,0.5320785113724316,0,True,False
14.285714285714286,46.0,0.5357113208403643,0,True,False
14.428571428571429,46.0,0.5393410913544904,0,True,False
14.571428571428571,46.0,0.5429675160657793,0,True,False
14.714285714285714,46.0,0.5465902889997939,1,True,False
14.857142857142858,46.0,0.5502091051360076,1,True,False
15.0,46.0,0.5538236604866993,1,True,False
15.142857142857142,46.0,0.5574336521753899,1,True,False
15.285714285714286,46.0,0.5610387785147855,1,True,False
15.428571428571429,46.0,0.5646387390841923,1,True,False
15.571428571428571,46.0,0.5682332348063734,1,True,False
15.714285714285714,46.0,0.5718219680238087,1,True,False
15.857142857142858,46.0,0.5754046425743291,1,True,False
16.0,46.0,0.5789809638660891,1,True,False
16.142857142857142,46.0,0.58255063895185,1,True,False
16.285714285714285,46.0,0.586113376602537,1,True,False
16.428571428571427,46.0,0.5896688873800406,1,True,False
16.571428571428573,46.0,0.593216883709235,1,True,False
16.714285714285715,46.0,0.5967570799491756,0,True,False
16.857142857142858,46.0,0.6002891924634561,0,True,False
17.0,46.0,0.6038129396896837,0,True,False
17.142857142857142,46.0,0.6073280422080559,0,True,False
17.285714285714285,46.0,0.610834222809,0,True,False
17.428571428571427,46.0,0.6143312065598557,0,True,False
17.571428571428573,46.0,0.6178187208705697,0,True,False
17.714285714285715,46.0,0.6212964955583755,0,True,False
17.857142857142858,46.0,0.6247642629114353,0,True,False
18.0,46.0,0.6282217577514165,0,True,False
18.142857142857142,46.0,0.6316687174949791,0,True,False
18.285714285714285,46.0,0.6351048822141494,0,True,False
18.428571428571427,46.0,0.6385299946955587,0,True,False
18.571428571428573,46.0,0.6419438004985218,0,True,False
18.714285714285715,46.0,0.645346048011935,0,True,False
18.857142857142858,46.0,0.6487364885099733,0,True,False
19.0,46.0,0.6521148762065649,0,True,False
19.142857142857142,46.0,0.6554809683086225,0,True,False
19.285714285714285,46.0,0.6588345250680167,0,True,False
19.428571428571427,46.0,0.6621753098322682,0,True,False
19.571428571428573,46.0,0.6655030890939455,0,True,False
19.714285714285715,46.0,0.6688176325387486,0,True,False
19.857142857142858,46.0,0.6721187130922657,0,True,False
20.0,46.0,0.6754061069653854,0,True,False
20.142857142857142,46.0,0.6786795936983513,0,True,False
20.285714285714285,46.0,0.6819389562034466,0,True,False
20.428571428571427,46.0,0.6851839808062936,0,True,False
20.571428571428573,46.0,0.6884144572857587,0,True,False
20.714285714285715,46.0,0.6916301789124506,0,True,False
20.857142857142858,46.0,0.6948309424858019,0,True,False
21.0,46.0,0.6980165483697248,1,True,False
21.142857142857142,46.0,0.7011868005268314,1,True,False
21.285714285714285,46.0,0.7043415065512123,1,True,False
21.428571428571427,46.0,0.7074804776997654,1,True,False
21.571428571428573,46.0,0.7106035289220693,1,True,False
21.714285714285715,46.0,0.7137104788887956,1,True,False
21.857142857142858,46.0,0.7168011500186547,1,True,False
22.0,46.0,0.7198753685038765,1,True,False
22.142857142857142,46.0,0.7229329643342117,1,True,False
22.285714285714285,46.0,0.7259737713194667,1,True,False
22.428571428571427,46.0,0.7289976271105578,1,True,False
22.571428571428573,46.0,0.7320043732190918,1,True,False
22.714285714285715,46.0,0.734993855035471,1,True,False
22.857142857142858,46.0,0.7379659218455212,1,True,False
23.0,46.0,0.7409204268456524,1,True,False
23.142857142857142,46.0,0.7438572271565438,0,True,False
23.285714285714285,46.0,0.7467761838353665,0,True,False
23.428571428571427,46.0,0.749677161886543,0,True,False
23.571428571428573,46.0,0.7525600302710487,0,True,False
23.714285714285715,46.0,0.7554246619142635,0,True,False
23.857142857142858,46.0,0.758270933712378,0,True,False
24.0,46.0,0.7610987265373613,0,True,False
24.142857142857142,46.0,0.7639079252405017,0,True,False
24.285714285714285,46.0,0.7666984186545217,0,True,False
24.428571428571427,46.0,0.7694700995942874,0,True,False
24.571428571428573,46.0,0.77222286485611,0,True,False
24.714285714285715,46.0,0.7749566152156615,0,True,False
24.857142857142858,46.0,0.7776712554245067,0,True,False
25.0,46.0,0.7803666942052698,0,True,False
11.0,46.5,0.43966101860784124,0,True,False
11.142857142857142,46.5,0.4432671134496248,0,True,False
11.285714285714286,46.5,0.44687801514333947,0,True,False
11.428571428571429,46.5,0.45049342176465124,0,True,False
11.571428571428571,46.5,0.45411303021513943,0,True,False
11.714285714285714,46.5,0.4577365363003381,0,True,False
11.857142857142858,46.5,0.4613636348082638,1,True,False
12.0,46.5,0.4649940195883952,1,True,False
12.142857142857142,46.5,0.46862738363106987,1,True,False
12.285714285714286,46.5,0.472263419147263,1,True,False
12.428571428571429,46.5,0.4759018176487123,1,True,False
12.571428571428571,46.5,0.47954227002835526,1,True,False
12.714285714285714,46.5,0.48318446664104053,1,True,False
12.857142857142858,46.5,0.4868280973844801,1,True,False
13.0,46.5,0.4904728517804042,1,True,False
13.142857142857142,46.5,0.4941184190558847,1,True,False
13.285714285714286,46.5,0.4977644882247894,1,True,False
13.428571428571429,46.5,0.5014107481693306,1,True,False
13.571428571428571,46.5,0.505056887721674,1,True,False
13.714285714285714,46.5,0.5087025957455682,1,True,False
13.857142857142858,46.5,0.5123475612179615,1,True,False
14.0,46.5,0.5159914733105673,0,True,False
14.142857142857142,46.5,0.5196340214713432,0,True,False
14.285714285714286,46.5,0.5232748955058466,0,True,False
14.428571428571429,46.5,0.5269137856584314,0,True,False
14.571428571428571,46.5,0.5305503826932485,0,True,False
14.714285714285714,46.5,0.534184377975016,1,True,False
14.857142857142858,46.5,0.5378154635495205,1,True,False
15.0,46.5,0.5414433322238159,1,True,False
15.142857142857142,46.5,0.5450676776460843,1,True,False
15.285714285714286,46.5,0.5486881943851212,1,True,False
15.428571428571429,46.5,0.5523045780094129,1,True,False
15.571428571428571,46.5,0.5559165251657704,1,True,False
15.714285714285714,46.5,0.5595237336574825,1,True,False
15.857142857142858,46.5,0.5631259025219586,1,True,False
16.0,46.5,0.5667227321078231,1,True,False
16.142857142857142,46.5,0.5703139241514311,1,True,False
16.285714285714285,46.5,0.5738991818527691,1,True,False
16.428571428571427,46.5,0.5774782099507101,1,True,False
16.571428571428573,46.5,0.5810507147975905,1,True,False
16.714285714285715,46.5,0.5846164044330757,0,True,False
16.857142857142858,46.5,0.5881749886572835,0,True,False
17.0,46.5,0.5917261791031352,0,True,False
17.142857142857142,46.5,0.595269689307903,0,True,False
17.285714285714285,46.5,0.5988052347839223,0,True,False
17.428571428571427,46.5,0.6023325330884418,0,True,False
17.571428571428573,46.5,0.6058513038925821,0,True,False
17.714285714285715,46.5,0.6093612690493717,0,True,False
17.857142857142858,46.5,0.6128621526608358,0,True,False
18.0,46.5,0.6163536811441102,0,True,False
18.142857142857142,46.5,0.6198355832965492,0,True,False
18.285714285714285,46.5,0.6233075903598088,0,True,False
18.428571428571427,46.5,0.6267694360828721,0,True,False
18.571428571428573,46.5,0.6302208567839997,0,True,False
18.714285714285715,46.5,0.6336615914115732,0,True,False
18.857142857142858,46.5,0.6370913816038142,0,True,False
19.0,46.5,0.6405099717473527,0,True,False
19.142857142857142,46.5,0.6439171090346255,0,True,False
19.285714285714285,46.5,0.6473125435200789,0,True,False
19.428571428571427,46.5,0.6506960281751611,0,True,False
19.571428571428573,46.5,0.6540673189420776,0,True,False
19.714285714285715,46.5,0.6574261747862961,0,True,False
19.857142857142858,46.5,0.6607723577477795,0,True,False
20.0,46.5,0.6641056329909304,0,True,False
20.142857142857142,46.5,0.6674257688532275,0,True,False
20.285714285714285,46.5,0.6707325368925445,0,True,False
20.428571428571427,46.5,0.6740257119331271,0,True,False
20.571428571428573,46.5,0.6773050721102214,0,True,False
20.714285714285715,46.5,0.6805703989133352,0,True,False
20.857142857142858,46.5,0.6838214772281223,0,True,False
21.0,46.5,0.6870580953768743,1,True,False
21.142857142857142,46.5,0.6902800451576119,1,True,False
21.285714285714285,46.5,0.6934871218817632,1,True,False
21.428571428571427,46.5,0.6966791244104199,1,True,False
21.571428571428573,46.5,0.6998558551891617,1,True,False
21.714285714285715,46.5,0.7030171202814433,1,True,False
21.857142857142858,46.5,0.7061627294005315,1,True,False
22.0,46.5,0.7092924959399928,1,True,False
22.142857142857142,46.5,0.7124062370027198,1,True,False
22.285714285714285,46.5,0.7155037734284947,1,True,False
22.428571428571427,46.5,0.718584929820085,1,True,False
22.571428571428573,46.5,0.7216495345678686,1,True,False
22.714285714285715,46.5,0.7246974198729844,1,True,False
22.857142857142858,46.5,0.7277284217690096,1,True,False
23.0,46.5,0.73074238014216,1,True,False
23.142857142857142,46.5,0.7337391387500142,0,True,False
23.285714285714285,46.5,0.7367185452387638,0,True,False
23.428571428571427,46.5,0.7396804511589901,0,True,False
23.571428571428573,46.5,0.7426247119799685,0,True,False
23.714285714285715,46.5,0.7455511871025065,0,True,False
23.857142857142858,46.5,0.7484597398703169,0,True,False
24.0,46.5,0.7513502375799324,0,True,False
24.142857142857142,46.5,0.7542225514891658,0,True,False
24.285714285714285,46.5,0.7570765568241224,0,True,False
24.428571428571427,46.5,0.7599121327847731,0,True,False
24.571428571428573,46.5,0.7627291625490916,0,True,False
24.714285714285715,46.5,0.7655275332757703,0,True,False
24.857142857142858,46.5,0.7683071361055182,0,True,False
25.0,46.5,0.7710678661609525,0,True,False
11.0,47.0,0.4273671047710051,0,False,False
11.142857142857142,47.0,0.4309544934064657,0,False,False
11.285714285714286,47.0,0.4345477116709096,0,False,False
11.428571428571429,47.0,0.438146462238463,0,False,False
11.571428571428571,47.0,0.4417504463463707,0,False,False
11.714285714285714,47.0,0.4453593638711184,0,False,False
11.857142857142858,47.0,0.4489729134051564,1,False,False
12.0,47.0,0.45259079233419136,1,False,False
12.142857142857142,47.0,0.4562126969150134,1,False,False
12.285714285714286,47.0,0.459838322353824,1,False,False
12.428571428571429,47.0,0.4634673628850291,1,False,False
12.571428571428571,47.0,0.46709951185046555,1,False,False
12.714285714285714,47.0,0.47073446177902317,1,False,False
12.857142857142858,47.0,0.4743719044666284,1,False,False
13.0,47.0,0.47801153105655453,1,False,False
13.142857142857142,47.0,0.4816530321200224,1,False,False
13.285714285714286,47.0,0.4852960977370556,1,False,False
13.428571428571429,47.0,0.4889404175775546,1,False,False
13.571428571428571,47.0,0.4925856809825536,1,False,False
13.714285714285714,47.0,0.49623157704562404,1,False,False
13.857142857142858,47.0,0.49987779469438887,1,False,False
14.0,47.0,0.503524022772109,0,False,False
14.142857142857142,47.0,0.5071699501193101,0,False,False
14.285714285714286,47.0,0.5108152656554081,0,False,False
14.428571428571429,47.0,0.5144596584603011,0,False,False
14.571428571428571,47.0,0.5181028178558891,0,False,False
14.714285714285714,47.0,0.521744433487486,1,False,False
14.857142857142858,47.0,0.5253841954050875,1,False,False
15.0,47.0,0.5290217941444585,1,False,False
15.142857142857142,47.0,0.5326569208080041,1,False,False
15.285714285714286,47.0,0.5362892671453887,1,False,False
15.428571428571429,47.0,0.5399185256338664,1,False,False
15.571428571428571,47.0,0.5435443895582885,1,False,False
15.714285714285714,47.0,0.54716655309075,1,False,False
15.857142857142858,47.0,0.5507847113698436,1,False,False
16.0,47.0,0.5543985605794839,1,False,False
16.142857142857142,47.0,0.5580077980272666,1,False,False
16.285714285714285,47.0,0.5616121222223309,1,False,False
16.428571428571427,47.0,0.5652112329526877,1,False,False
16.571428571428573,47.0,0.5688048313619829,1,False,False
16.714285714285715,47.0,0.5723926200256602,0,False,False
16.857142857142858,47.0,0.5759743030264931,0,False,False
17.0,47.0,0.5795495860294491,0,False,False
17.142857142857142,47.0,0.5831181763558588,0,False,False
17.285714285714285,47.0,0.586679783056856,0,False,False
17.428571428571427,47.0,0.5902341169860562,0,False,False
17.571428571428573,47.0,0.5937808908714458,0,False,False
17.714285714285715,47.0,0.5973198193864488,0,False,False
17.857142857142858,47.0,0.6008506192201445,0,False,False
18.0,47.0,0.604373009146602,0,False,False
18.142857142857142,47.0,0.6078867100933094,0,False,False
18.285714285714285,47.0,0.6113914452086642,0,False,False
18.428571428571427,47.0,0.6148869399284984,0,False,False
18.571428571428573,47.0,0.6183729220416145,0,False,False
18.714285714285715,47.0,0.6218491217543018,0,False,False
18.857142857142858,47.0,0.6253152717538104,0,False,False
19.0,47.0,0.6287711072707552,0,False,False
19.142857142857142,47.0,0.6322163661404286,0,False,False
19.285714285714285,47.0,0.6356507888629952,0,False,False
19.428571428571427,47.0,0.6390741186625457,0,False,False
19.571428571428573,47.0,0.6424861015449908,0,False,False
19.714285714285715,47.0,0.6458864863547689,0,False,False
19.857142857142858,47.0,0.6492750248303492,0,False,False
20.0,47.0,0.6526514716585109,0,False,False
20.142857142857142,47.0,0.6560155845273745,0,False,False
20.285714285714285,47.0,0.6593671241781733,0,False,False
20.428571428571427,47.0,0.6627058544557402,0,False,False
20.571428571428573,47.0,0.6660315423576968,0,False,False
20.714285714285715,47.0,0.6693439580823284,0,False,False
20.857142857142858,47.0,0.6726428750751263,0,False,False
21.0,47.0,0.6759280700739858,0,False,False
21.142857142857142,47.0,0.6791993231530428,0,False,False
21.285714285714285,47.0,0.6824564177651394,0,False,False
21.428571428571427,47.0,0.6856991407829021,0,False,False
21.571428571428573,47.0,0.688927282538423,0,False,False
21.714285714285715,47.0,0.692140636861534,0,False,False
21.857142857142858,47.0,0.695339001116662,0,False,False
22.0,47.0,0.698522176238256,0,False,False
22.142857142857142,47.0,0.7016899667647789,0,False,False
22.285714285714285,47.0,0.7048421808712557,0,False,False
22.428571428571427,47.0,0.7079786304003715,0,False,False
22.571428571428573,47.0,0.7110991308921115,0,False,False
22.714285714285715,47.0,0.7142035016119415,0,False,False
22.857142857142858,47.0,0.7172915655775204,0,False,False
23.0,47.0,0.720363149583944,0,False,False
23.142857142857142,47.0,0.7234180842275162,0,False,False
23.285714285714285,47.0,0.726456203928045,0,False,False
23.428571428571427,47.0,0.7294773469496647,0,False,False
23.571428571428573,47.0,0.7324813554201796,0,False,False
23.714285714285715,47.0,0.7354680753489351,0,False,False
23.857142857142858,47.0,0.7384373566432122,0,False,False
24.0,47.0,0.7413890531231513,0,False,False
24.142857142857142,47.0,0.7443230225352068,0,False,False
24.285714285714285,47.0,0.7472391265641343,0,False,False
24.428571428571427,47.0,0.7501372308435192,0,False,False
24.571428571428573,47.0,0.753017204964846,0,False,False
24.714285714285715,47.0,0.7558789224851202,0,False,False
24.857142857142858,47.0,0.7587222609330447,0,False,False
25.0,47.0,0.7615471018137596,0,False,False
