gestational_week,bmi,probability
10.0,21.0,0.2827417421177635
10.1,21.0,0.28763365691827225
10.2,21.0,0.29256619826792385
10.299999999999999,21.0,0.29753865253074707
10.399999999999999,21.0,0.3025502826297226
10.499999999999998,21.0,0.30760032833209117
10.599999999999998,21.0,0.3126880065577787
10.699999999999998,21.0,0.31781251171078784
10.799999999999997,21.0,0.32297301603338
10.899999999999997,21.0,0.32816866998283184
10.999999999999996,21.0,0.33339860263052185
11.099999999999996,21.0,0.3386605621721765
11.199999999999996,21.0,0.3439467707340677
11.299999999999995,21.0,0.34924789610835727
11.399999999999995,21.0,0.3545544107985657
11.499999999999995,21.0,0.3598566094206281
11.599999999999994,21.0,0.3651446269671175
11.699999999999994,21.0,0.3704084577187456
11.799999999999994,21.0,0.37563797458146925
11.899999999999993,21.0,0.38082294862467997
11.999999999999993,21.0,0.38595306859615125
12.099999999999993,21.0,0.3910179601927072
12.199999999999992,21.0,0.3960072048719695
12.299999999999992,21.0,0.40091035799997365
12.399999999999991,21.0,0.4057169661418477
12.499999999999991,21.0,0.41041658331795305
12.59999999999999,21.0,0.4149987860657555
12.69999999999999,21.0,0.4194531871680018
12.79999999999999,21.0,0.42376944793030735
12.89999999999999,21.0,0.42793728891579386
12.99999999999999,21.0,0.4319464990706887
13.099999999999989,21.0,0.43578694320258937
13.199999999999989,21.0,0.4394485678021829
13.299999999999988,21.0,0.4429214052293779
13.399999999999988,21.0,0.44619557631587514
13.499999999999988,21.0,0.44926129146802796
13.599999999999987,21.0,0.4521088503862979
13.699999999999987,21.0,0.454728640550621
13.799999999999986,21.0,0.45711113465451475
13.899999999999986,21.0,0.45924688720477197
13.999999999999986,21.0,0.4611265305381229
14.099999999999985,21.0,0.4627407705413553
14.199999999999985,21.0,0.46408038239712357
14.299999999999985,21.0,0.46513620671414047
14.399999999999984,21.0,0.4658991464376799
14.499999999999984,21.0,0.4663601649743858
14.599999999999984,21.0,0.46651155419955376
14.699999999999983,21.0,0.4663617609205349
14.799999999999983,21.0,0.465930352253052
14.899999999999983,21.0,0.46523716079161276
14.999999999999982,21.0,0.4643020580745689
15.099999999999982,21.0,0.4631449470014082
15.199999999999982,21.0,0.46178575502286473
15.299999999999981,21.0,0.46024442754315786
15.39999999999998,21.0,0.4585409211315903
15.49999999999998,21.0,0.45669519628503213
15.59999999999998,21.0,0.4547272096132129
15.69999999999998,21.0,0.45265690543498793
15.79999999999998,21.0,0.45050420687565185
15.899999999999979,21.0,0.4482890066427177
15.999999999999979,21.0,0.44603115773025515
16.09999999999998,21.0,0.4437504643597723
16.199999999999978,21.0,0.44146667350872615
16.299999999999976,21.0,0.4391994674061275
16.399999999999977,21.0,0.43696845738852325
16.49999999999998,21.0,0.43479317950914453
16.599999999999977,21.0,0.43269309227854696
16.699999999999974,21.0,0.43068757688704934
16.799999999999976,21.0,0.42879594021813505
16.899999999999977,21.0,0.42703742090820773
16.999999999999975,21.0,0.42543119864209766
17.099999999999973,21.0,0.42399640679589323
17.199999999999974,21.0,0.4227521484492489
17.299999999999976,21.0,0.4217175156884032
17.399999999999974,21.0,0.4209116120085864
17.49999999999997,21.0,0.42035357749996005
17.599999999999973,21.0,0.4200626163640273
17.699999999999974,21.0,0.4200580261566702
17.799999999999972,21.0,0.4203592279883388
17.89999999999997,21.0,0.4209857967299264
17.99999999999997,21.0,0.42195749007276717
18.099999999999973,21.0,0.4232942750711099
18.19999999999997,21.0,0.4250153653542974
18.29999999999997,21.0,0.42712365332400204
18.39999999999997,21.0,0.4296084418244181
18.49999999999997,21.0,0.4324586892665789
18.59999999999997,21.0,0.4356633757695506
18.699999999999967,21.0,0.439211454370915
18.79999999999997,21.0,0.4430918034177991
18.89999999999997,21.0,0.4472931809109305
18.999999999999968,21.0,0.45180418151296176
19.099999999999966,21.0,0.4566131968734555
19.199999999999967,21.0,0.46170837986471736
19.29999999999997,21.0,0.467077613263599
19.399999999999967,21.0,0.47270848335318294
19.499999999999964,21.0,0.47858825885391415
19.599999999999966,21.0,0.4847038755255506
19.699999999999967,21.0,0.4910419267088706
19.799999999999965,21.0,0.49758865999932533
19.899999999999963,21.0,0.5043299801639822
19.999999999999964,21.0,0.5112514583287305
20.099999999999966,21.0,0.5183383473756433
20.199999999999964,21.0,0.5255756034016883
20.29999999999996,21.0,0.5329479130010014
20.399999999999963,21.0,0.5404397260451488
20.499999999999964,21.0,0.5480352935508659
20.599999999999962,21.0,0.5557187101443548
20.69999999999996,21.0,0.5634739605570658
20.79999999999996,21.0,0.5712849695216446
20.899999999999963,21.0,0.5791356543799451
20.99999999999996,21.0,0.5870099796690462
21.09999999999996,21.0,0.5948920129172279
21.19999999999996,21.0,0.6027659808607055
21.29999999999996,21.0,0.6106163252841644
21.39999999999996,21.0,0.6184277576939796
21.499999999999957,21.0,0.6261853120523093
21.59999999999996,21.0,0.6338743948325407
21.69999999999996,21.0,0.6414808317009988
21.799999999999958,21.0,0.6489909101852704
21.899999999999956,21.0,0.6563914185018898
21.999999999999957,21.0,0.6636721761125766
22.09999999999996,21.0,0.6708314806241374
22.199999999999957,21.0,0.6778694315091969
22.299999999999955,21.0,0.6847862666526063
22.399999999999956,21.0,0.6915823543067496
22.499999999999957,21.0,0.6982581852052939
22.599999999999955,21.0,0.7048143648524908
22.699999999999953,21.0,0.7112516060028558
22.799999999999955,21.0,0.7175707213438997
22.899999999999956,21.0,0.7237726163925788
22.999999999999954,21.0,0.7298582826142389
23.09999999999995,21.0,0.7358287907710854
23.199999999999953,21.0,0.7416852845055806
23.299999999999955,21.0,0.7474289741626838
23.399999999999952,21.0,0.7530611308534652
23.49999999999995,21.0,0.7585830807613798
23.59999999999995,21.0,0.7639961996913381
23.699999999999953,21.0,0.7693019078606775
23.79999999999995,21.0,0.7745016649302254
23.89999999999995,21.0,0.7795969652727928
23.99999999999995,21.0,0.784589333475725
24.09999999999995,21.0,0.7894803200734712
24.19999999999995,21.0,0.7942714975055882
24.299999999999947,21.0,0.7989644562950948
24.39999999999995,21.0,0.8035608014416835
24.49999999999995,21.0,0.8080621490239535
24.599999999999948,21.0,0.8124701230045367
24.699999999999946,21.0,0.8167863522317687
24.799999999999947,21.0,0.8210124676313678
24.89999999999995,21.0,0.8251500995814722
24.999999999999947,21.0,0.8292008754642852
10.0,21.5,0.32036450992786725
10.1,21.5,0.32554253443460945
10.2,21.5,0.3307552797690233
10.299999999999999,21.5,0.3360018645628253
10.399999999999999,21.5,0.34128138669967667
10.499999999999998,21.5,0.34659292376871476
10.599999999999998,21.5,0.35193553353930573
10.699999999999998,21.5,0.3573082544566286
10.799999999999997,21.5,0.362710106157673
10.899999999999997,21.5,0.3681400900071969
10.999999999999996,21.5,0.37359718965316613
11.099999999999996,21.5,0.3790789560119576
11.199999999999996,21.5,0.3845772106496158
11.299999999999995,21.5,0.3900822125830176
11.399999999999995,21.5,0.39558407858185207
11.499999999999995,21.5,0.40107280202911655
11.599999999999994,21.5,0.4065382722654678
11.699999999999994,21.5,0.41197029418278797
11.799999999999994,21.5,0.417358607830796
11.899999999999993,21.5,0.4226929078020355
11.999999999999993,21.5,0.427962862165156
12.099999999999993,21.5,0.4331581307240018
12.199999999999992,21.5,0.43826838239057114
12.299999999999992,21.5,0.4432833114732508
12.399999999999991,21.5,0.4481926526977112
12.499999999999991,21.5,0.452986194796247
12.59999999999999,21.5,0.45765379252193733
12.69999999999999,21.5,0.4621853769665346
12.79999999999999,21.5,0.46657096408519644
12.89999999999999,21.5,0.4708006613568142
12.99999999999999,21.5,0.47486467253549813
13.099999999999989,21.5,0.47875330047652276
13.199999999999989,21.5,0.4824569480485227
13.299999999999988,21.5,0.4859661171727665
13.399999999999988,21.5,0.4892714060598009
13.499999999999988,21.5,0.4923635047435513
13.599999999999987,21.5,0.49523318904303737
13.699999999999987,21.5,0.4978713131122243
13.799999999999986,21.5,0.5002688007692146
13.899999999999986,21.5,0.5024166358271077
13.999999999999986,21.5,0.5043058516805337
14.099999999999985,21.5,0.5059275204342928
14.199999999999985,21.5,0.5072727418939056
14.299999999999985,21.5,0.508332632772416
14.399999999999984,21.5,0.5090983165037473
14.499999999999984,21.5,0.5095609140904751
14.599999999999984,21.5,0.5097128088568315
14.699999999999983,21.5,0.509562515399528
14.799999999999983,21.5,0.5091296310822297
14.899999999999983,21.5,0.5084339593092428
14.999999999999982,21.5,0.5074952972914142
15.099999999999982,21.5,0.5063334424164418
15.199999999999982,21.5,0.5049681983086679
15.299999999999981,21.5,0.5034193800130577
15.39999999999998,21.5,0.5017068178953776
15.49999999999998,21.5,0.4998503599940663
15.59999999999998,21.5,0.4978698726890741
15.69999999999998,21.5,0.4957852396690958
15.79999999999998,21.5,0.4936163592810875
15.899999999999979,21.5,0.4913831404346253
15.999999999999979,21.5,0.4891054973083797
16.09999999999998,21.5,0.4868033431665455
16.199999999999978,21.5,0.48449658363931714
16.299999999999976,21.5,0.4822051098532909
16.399999999999977,21.5,0.4799487918149248
16.49999999999998,21.5,0.4777474724528865
16.599999999999977,21.5,0.4756209627133348
16.699999999999974,21.5,0.473589038076053
16.799999999999976,21.5,0.47167143681910617
16.899999999999977,21.5,0.4698878603055584
16.999999999999975,21.5,0.4682579754980654
17.099999999999973,21.5,0.46680141982609025
17.199999999999974,21.5,0.4655378084362929
17.299999999999976,21.5,0.4644867437494471
17.399999999999974,21.5,0.4636678271270324
17.49999999999997,21.5,0.4631006723172949
17.599999999999973,21.5,0.4628049202037329
17.699999999999974,21.5,0.4628002542181683
17.799999999999972,21.5,0.46310641560512666
17.89999999999997,21.5,0.46374321753339964
17.99999999999997,21.5,0.4647305568435679
18.099999999999973,21.5,0.4660884219961246
18.19999999999997,21.5,0.46783589548538757
18.29999999999997,21.5,0.4699753421316296
18.39999999999997,21.5,0.472495216377139
18.49999999999997,21.5,0.4753835323672915
18.59999999999997,21.5,0.4786282482670405
18.699999999999967,21.5,0.4822172289681158
18.79999999999997,21.5,0.486138209839159
18.89999999999997,21.5,0.4903787623499222
18.999999999999968,21.5,0.49492626232436043
19.099999999999966,21.5,0.49976786150256797
19.199999999999967,21.5,0.5048904630167277
19.29999999999997,21.5,0.5102807013104416
19.399999999999967,21.5,0.5159249269531108
19.499999999999964,21.5,0.5218091967208027
19.599999999999966,21.5,0.5279192692319801
19.699999999999967,21.5,0.5342406063405046
19.799999999999965,21.5,0.5407583803997696
19.899999999999963,21.5,0.5474574874211818
19.999999999999964,21.5,0.5543225660583517
20.099999999999966,21.5,0.5613380222563322
20.199999999999964,21.5,0.568488059314342
20.29999999999996,21.5,0.5757567130220538
20.399999999999963,21.5,0.5831278914452818
20.499999999999964,21.5,0.5905854188583706
20.599999999999962,21.5,0.598113083249348
20.69999999999996,21.5,0.6056946867614972
20.79999999999996,21.5,0.613314098382818
20.899999999999963,21.5,0.6209553081540978
20.99999999999996,21.5,0.6286024821379683
21.09999999999996,21.5,0.6362400173760693
21.19999999999996,21.5,0.6438525960596693
21.29999999999996,21.5,0.6514252381508374
21.39999999999996,21.5,0.6589433517162191
21.499999999999957,21.5,0.6663927802730077
21.59999999999996,21.5,0.6737598464958378
21.69999999999996,21.5,0.6810313916928127
21.799999999999958,21.5,0.6881948105271893
21.899999999999956,21.5,0.6952380812471328
21.999999999999957,21.5,0.7021521588101712
22.09999999999996,21.5,0.7089360970391521
22.199999999999957,21.5,0.7155906547921016
22.299999999999955,21.5,0.7221167101208443
22.399999999999956,21.5,0.7285152517806599
22.499999999999957,21.5,0.7347873709981431
22.599999999999955,21.5,0.7409342535077921
22.699999999999953,21.5,0.7469571718656807
22.799999999999955,21.5,0.7528574780465374
22.899999999999956,21.5,0.758636596328706
22.999999999999954,21.5,0.7642960164697553
23.09999999999995,21.5,0.7698372871739481
23.199999999999953,21.5,0.7752620098513763
23.299999999999955,21.5,0.7805718326672991
23.399999999999952,21.5,0.7857684448790844
23.49999999999995,21.5,0.7908535714571405
23.59999999999995,21.5,0.7958289679853401
23.699999999999953,21.5,0.8006964158356464
23.79999999999995,21.5,0.8054577176109914
23.89999999999995,21.5,0.8101146928498608
23.99999999999995,21.5,0.8146691739855629
24.09999999999995,21.5,0.8191230025527503
24.19999999999995,21.5,0.823478025633436
24.299999999999947,21.5,0.8277360925344869
24.39999999999995,21.5,0.8318990516883881
24.49999999999995,21.5,0.8359687477689358
24.599999999999948,21.5,0.8399470190134417
24.699999999999946,21.5,0.8438356947429915
24.799999999999947,21.5,0.8476365930723216
24.89999999999995,21.5,0.8513515188009222
24.999999999999947,21.5,0.8549822614770588
10.0,22.0,0.35962046927149766
10.1,22.0,0.36503450430305473
10.2,22.0,0.37047623791878215
10.299999999999999,22.0,0.3759446463464349
10.399999999999999,22.0,0.3814386889233061
10.499999999999998,22.0,0.38695730869679423
10.599999999999998,22.0,0.3924994330425826
10.699999999999998,22.0,0.3980639742998219
10.799999999999997,22.0,0.4036498304226833
10.899999999999997,22.0,0.40925588564762505
10.999999999999996,22.0,0.4148810111756869
11.099999999999996,22.0,0.42052261015963427
11.199999999999996,22.0,0.42617221794053767
11.299999999999995,22.0,0.4318198198146165
11.399999999999995,22.0,0.4374553168393138
11.499999999999995,22.0,0.4430685454874268
11.599999999999994,22.0,0.4486492973805141
11.699999999999994,22.0,0.45418733885766405
11.799999999999994,22.0,0.4596724301386322
11.899999999999993,22.0,0.4650943438462859
11.999999999999993,22.0,0.4704428826621565
12.099999999999993,22.0,0.4757078959005647
12.199999999999992,22.0,0.4808792948010739
12.299999999999992,22.0,0.48594706635573537
12.399999999999991,22.0,0.49090128550647283
12.499999999999991,22.0,0.4957321255687368
12.59999999999999,22.0,0.5004298667599881
12.69999999999999,22.0,0.5049849027353284
12.79999999999999,22.0,0.5093877450574287
12.89999999999999,22.0,0.5136290255535454
12.99999999999999,22.0,0.5176994965385927
13.099999999999989,22.0,0.5215900289097859
13.199999999999989,22.0,0.5252916081450658
13.299999999999988,22.0,0.5287953282642548
13.399999999999988,22.0,0.5320923838385913
13.499999999999988,22.0,0.535174060160903
13.599999999999987,22.0,0.538031721715247
13.699999999999987,22.0,0.5406567991114417
13.799999999999986,22.0,0.5430407746766861
13.899999999999986,22.0,0.5451751669235879
13.999999999999986,22.0,0.5470515141416674
14.099999999999985,22.0,0.5486613573880332
14.199999999999985,22.0,0.5499962231827993
14.299999999999985,22.0,0.5510476062462553
14.399999999999984,22.0,0.5518069526482328
14.499999999999984,22.0,0.5522656437758653
14.599999999999984,22.0,0.5524162430899601
14.699999999999983,22.0,0.5522672314608644
14.799999999999983,22.0,0.5518380046333833
14.899999999999983,22.0,0.5511481033383978
14.999999999999982,22.0,0.5502170175981855
15.099999999999982,22.0,0.549064206695312
15.199999999999982,22.0,0.5477091177684593
15.299999999999981,22.0,0.5461712024858949
15.39999999999998,22.0,0.5444699313982866
15.49999999999998,22.0,0.5426248057100311
15.59999999999998,22.0,0.5406553663327245
15.69999999999998,22.0,0.5385812001962164
15.79999999999998,22.0,0.5364219438919734
15.899999999999979,22.0,0.5341972848102048
15.999999999999979,22.0,0.5319269600061987
16.09999999999998,22.0,0.5296307530923107
16.199999999999978,22.0,0.5273284894997239
16.299999999999976,22.0,0.5250400304881058
16.399999999999977,22.0,0.5227852663013316
16.49999999999998,22.0,0.520584108873224
16.599999999999977,22.0,0.5184564844785914
16.699999999999974,22.0,0.5164223267016016
16.799999999999976,22.0,0.5145015700556551
16.899999999999977,22.0,0.5127141445364582
16.999999999999975,22.0,0.5110799713230394
17.099999999999973,22.0,0.5096189597601368
17.199999999999974,22.0,0.5083510056598709
17.299999999999976,22.0,0.5072959908510475
17.399999999999974,22.0,0.5064737837809625
17.49999999999997,22.0,0.5059042408372444
17.599999999999973,22.0,0.5056072079061287
17.699999999999974,22.0,0.5056025215185793
17.799999999999972,22.0,0.5059100087568116
17.89999999999997,22.0,0.5065494849010319
17.99999999999997,22.0,0.5075407475897096
18.099999999999973,22.0,0.5089035660467777
18.19999999999997,22.0,0.5106566606646504
18.29999999999997,22.0,0.5128018357092906
18.39999999999997,22.0,0.5153268298633329
18.49999999999997,22.0,0.5182188521091955
18.59999999999997,22.0,0.5214649804689627
18.699999999999967,22.0,0.5250521374656556
18.79999999999997,22.0,0.5289670664553012
18.89999999999997,22.0,0.533196309688034
18.999999999999968,22.0,0.5377261888675076
19.099999999999966,22.0,0.542542788889415
19.199999999999967,22.0,0.5476319453510676
19.29999999999997,22.0,0.5529792363341073
19.399999999999967,22.0,0.5585699788711176
19.499999999999964,22.0,0.5643892304139049
19.599999999999966,22.0,0.5704217955266665
19.699999999999967,22.0,0.5766522379314336
19.799999999999965,22.0,0.5830648979366985
19.899999999999963,22.0,0.5896439151838094
19.999999999999964,22.0,0.5963732565506294
20.099999999999966,22.0,0.6032367489593211
20.199999999999964,22.0,0.6102181167463212
20.29999999999996,22.0,0.617301023169065
20.399999999999963,22.0,0.6244691155473048
20.499999999999964,22.0,0.6317060734684162
20.599999999999962,22.0,0.6389956594272748
20.69999999999996,22.0,0.6463217712233558
20.79999999999996,22.0,0.6536684954017131
20.899999999999963,22.0,0.6610201610012314
20.99999999999996,22.0,0.6683613928635295
21.09999999999996,22.0,0.6756771637593421
21.19999999999996,22.0,0.6829528446059842
21.29999999999996,22.0,0.6901742520791841
21.39999999999996,22.0,0.6973276929643333
21.499999999999957,22.0,0.704400004644997
21.59999999999996,22.0,0.7113785911889734
21.69999999999996,22.0,0.7182514545626959
21.799999999999958,22.0,0.7250072205815663
21.899999999999956,22.0,0.7316351599528366
21.999999999999957,22.0,0.7381274250731436
22.09999999999996,22.0,0.7444838121958383
22.199999999999957,22.0,0.7507057077344677
22.299999999999955,22.0,0.7567945936588735
22.399999999999956,22.0,0.7627520389520444
22.499999999999957,22.0,0.768579691411395
22.599999999999955,22.0,0.7742792697976821
22.699999999999953,22.0,0.7798525563328411
22.799999999999955,22.0,0.7853013895462745
22.899999999999956,22.0,0.7906276574675597
22.999999999999954,22.0,0.7958332911621397
23.09999999999995,22.0,0.8009202586053134
23.199999999999953,22.0,0.8058905588887535
23.299999999999955,22.0,0.8107462167528283
23.399999999999952,22.0,0.8154892774371774
23.49999999999995,22.0,0.8201218018413032
23.59999999999995,22.0,0.8246458619863439
23.699999999999953,22.0,0.8290635367687228
23.79999999999995,22.0,0.8333769079959881
23.89999999999995,22.0,0.8375880566948526
23.99999999999995,22.0,0.8416990596812426
24.09999999999995,22.0,0.8457119863820153
24.19999999999995,22.0,0.8496288958979398
24.299999999999947,22.0,0.8534518342975144
24.39999999999995,22.0,0.8571828321312354
24.49999999999995,22.0,0.8608239021560182
24.599999999999948,22.0,0.8643770372595989
24.699999999999946,22.0,0.867844208574901
24.799999999999947,22.0,0.8712273637745558
24.89999999999995,22.0,0.8745284255359755
24.999999999999947,22.0,0.8777492901676248
10.0,22.5,0.39985000030268714
10.1,22.5,0.4054424451606051
10.2,22.5,0.41105472912505064
10.299999999999999,22.5,0.4166857193703633
10.399999999999999,22.5,0.42233427095801224
10.499999999999998,22.5,0.4279992275510042
10.599999999999998,22.5,0.43367942214089467
10.699999999999998,22.5,0.43937367778662056
10.799999999999997,22.5,0.44508080836436625
10.899999999999997,22.5,0.4507996193276441
10.999999999999996,22.5,0.45652890847676486
11.099999999999996,22.5,0.4622659875487035
11.199999999999996,22.5,0.46800223011062936
11.299999999999995,22.5,0.4737274916425691
11.399999999999995,22.5,0.4794316037701657
11.499999999999995,22.5,0.485104394002285
11.599999999999994,22.5,0.49073570513988235
11.699999999999994,22.5,0.49631541411280267
11.799999999999994,22.5,0.5018334500084911
11.899999999999993,22.5,0.5072798110666881
11.999999999999993,22.5,0.5126445804269433
12.099999999999993,22.5,0.5179179404309715
12.199999999999992,22.5,0.5230901852992651
12.299999999999992,22.5,0.5281517320206653
12.399999999999991,22.5,0.5330931293145337
12.499999999999991,22.5,0.5379050645473842
12.59999999999999,22.5,0.5425783685091016
12.69999999999999,22.5,0.5471040179778126
12.79999999999999,22.5,0.5514731360268736
12.89999999999999,22.5,0.5556769900519887
12.99999999999999,22.5,0.559706987520983
13.099999999999989,22.5,0.5635546694730267
13.199999999999989,22.5,0.5672117018180178
13.299999999999988,22.5,0.5706698645102887
13.399999999999988,22.5,0.573921038693795
13.499999999999988,22.5,0.5769571919384843
13.599999999999987,22.5,0.5797703617097589
13.699999999999987,22.5,0.5823526372349545
13.799999999999986,22.5,0.5846961399528178
13.899999999999986,22.5,0.5867930027543159
13.999999999999986,22.5,0.5886353482461251
14.099999999999985,22.5,0.5902152662921673
14.199999999999985,22.5,0.5915247911140709
14.299999999999985,22.5,0.592555878258844
14.399999999999984,22.5,0.5933003817719262
14.499999999999984,22.5,0.5937500319465818
14.599999999999984,22.5,0.5938976505889549
14.699999999999983,22.5,0.5937515882397517
14.799999999999983,22.5,0.5933308234936527
14.899999999999983,22.5,0.5926544198240593
14.999999999999982,22.5,0.5917413479111848
15.099999999999982,22.5,0.5906105183110197
15.199999999999982,22.5,0.5892808117521364
15.299999999999981,22.5,0.5877711065458839
15.39999999999998,22.5,0.5861003027351261
15.49999999999998,22.5,0.5842873427334911
15.59999999999998,22.5,0.5823512283220471
15.69999999999998,22.5,0.5803110339739889
15.79999999999998,22.5,0.5781859165706238
15.899999999999979,22.5,0.5759951216536996
15.999999999999979,22.5,0.5737579864297897
16.09999999999998,22.5,0.5714939398016664
16.199999999999978,22.5,0.569222499748934
16.299999999999976,22.5,0.5669632684151348
16.399999999999977,22.5,0.5647359252805533
16.49999999999998,22.5,0.5625602188085111
16.599999999999977,22.5,0.5604559569476129
16.699999999999974,22.5,0.5584429968527829
16.799999999999976,22.5,0.5565412341537359
16.899999999999977,22.5,0.5547705920505577
16.999999999999975,22.5,0.5531510104522517
17.099999999999973,22.5,0.5517024352954498
17.199999999999974,22.5,0.5504448080870653
17.299999999999976,22.5,0.5493980556066863
17.399999999999974,22.5,0.5485820795821814
17.49999999999997,22.5,0.5480167460156284
17.599999999999973,22.5,0.5477218736866468
17.699999999999974,22.5,0.5477172211969613
17.799999999999972,22.5,0.548022471744132
17.89999999999997,22.5,0.5486572146246029
17.99999999999997,22.5,0.5496409222676159
18.099999999999973,22.5,0.5509929213935447
18.19999999999997,22.5,0.5527313622640879
18.29999999999997,22.5,0.5548574798933548
18.39999999999997,22.5,0.5573584547999187
18.49999999999997,22.5,0.560220858335224
18.59999999999997,22.5,0.563431061625899
18.699999999999967,22.5,0.5669752244674375
18.79999999999997,22.5,0.5708392848840337
18.89999999999997,22.5,0.5750089502076694
18.999999999999968,22.5,0.5794696904311241
19.099999999999966,22.5,0.5842067344907489
19.199999999999967,22.5,0.5892050700353083
19.29999999999997,22.5,0.5944494471367894
19.399999999999967,22.5,0.5999243862978436
19.499999999999964,22.5,0.6056141910086803
19.599999999999966,22.5,0.6115029650042278
19.699999999999967,22.5,0.6175746342708864
19.799999999999965,22.5,0.6238129737520888
19.899999999999963,22.5,0.6302016386042019
19.999999999999964,22.5,0.6367241997602757
20.099999999999966,22.5,0.6433641834700774
20.199999999999964,22.5,0.6501051144021149
20.29999999999996,22.5,0.6569305618183584
20.399999999999963,22.5,0.6638241882664435
20.499999999999964,22.5,0.6707698001785402
20.599999999999962,22.5,0.6777513997218843
20.69999999999996,22.5,0.6847532372140696
20.79999999999996,22.5,0.6917598633972464
20.899999999999963,22.5,0.6987561808597108
20.99999999999996,22.5,0.7057274939010544
21.09999999999996,22.5,0.7126595561578102
21.19999999999996,22.5,0.7195386153397908
21.29999999999996,22.5,0.726351454472172
21.39999999999996,22.5,0.7330854290936549
21.499999999999957,22.5,0.7397284999252829
21.59999999999996,22.5,0.7462692605960718
21.69999999999996,22.5,0.752696960088711
21.799999999999958,22.5,0.7590015196492933
21.899999999999956,22.5,0.7651735446086467
21.999999999999957,22.5,0.7712063925601067
22.09999999999996,22.5,0.7771005546304612
22.199999999999957,22.5,0.7828579846454673
22.299999999999955,22.5,0.7884807055001015
22.399999999999956,22.5,0.7939708009414806
22.499999999999957,22.5,0.7993304077631311
22.599999999999955,22.5,0.8045617084063755
22.699999999999953,22.5,0.8096669239630532
22.799999999999955,22.5,0.8146483075724373
22.899999999999956,22.5,0.8195081382040363
22.999999999999954,22.5,0.8242487148169506
23.09999999999995,22.5,0.8288723508856057
23.199999999999953,22.5,0.8333813692809648
23.299999999999955,22.5,0.8377780974957487
23.399999999999952,22.5,0.8420648632017301
23.49999999999995,22.5,0.8462439901268282
23.59999999999995,22.5,0.8503177942394756
23.699999999999953,22.5,0.8542885802275877
23.79999999999995,22.5,0.8581586382593838
23.89999999999995,22.5,0.8619302410133158
23.99999999999995,22.5,0.8656056409644317
24.09999999999995,22.5,0.8691870679146143
24.19999999999995,22.5,0.872676726754327
24.299999999999947,22.5,0.876076795443705
24.39999999999995,22.5,0.879389423201095
24.49999999999995,22.5,0.8826167288874329
24.599999999999948,22.5,0.8857607995751628
24.699999999999946,22.5,0.8888236892907476
24.799999999999947,22.5,0.8918074179201638
24.89999999999995,22.5,0.894713970267155
24.999999999999947,22.5,0.8975452952543914
10.0,23.0,0.440341610509405
10.1,23.0,0.4460508082755362
10.2,23.0,0.451771482867233
10.299999999999999,23.0,0.45750243086266884
10.399999999999999,23.0,0.46324244209768883
10.499999999999998,23.0,0.46899030045272927
10.599999999999998,23.0,0.4747447846464075
10.699999999999998,23.0,0.4805046690348971
10.799999999999997,23.0,0.4862687244161965
10.899999999999997,23.0,0.4920357188383938
10.999999999999996,23.0,0.4978044184110203
11.099999999999996,23.0,0.5035721021804972
11.199999999999996,23.0,0.5093301079759187
11.299999999999995,23.0,0.5150683045513453
11.399999999999995,23.0,0.5207765968865304
11.499999999999995,23.0,0.5264449453147596
11.599999999999994,23.0,0.5320633839318301
11.699999999999994,23.0,0.5376220380528295
11.799999999999994,23.0,0.5431111404946526
11.899999999999993,23.0,0.5485210464759502
11.999999999999993,23.0,0.5538422469422191
12.099999999999993,23.0,0.559065380141718
12.199999999999992,23.0,0.5641812412975442
12.299999999999992,23.0,0.5691807902421853
12.399999999999991,23.0,0.5740551569028804
12.499999999999991,23.0,0.5787956445488092
12.59999999999999,23.0,0.5833937307342045
12.69999999999999,23.0,0.5878410658946365
12.79999999999999,23.0,0.5921294695766637
12.89999999999999,23.0,0.5962509243035983
12.99999999999999,23.0,0.6001975671020492
13.099999999999989,23.0,0.6039616787350897
13.199999999999989,23.0,0.6075356707082283
13.299999999999988,23.0,0.6109120701338451
13.399999999999988,23.0,0.6140835025583835
13.499999999999988,23.0,0.6170426728744991
13.599999999999987,23.0,0.6197823444576763
13.699999999999987,23.0,0.6222953166837872
13.799999999999986,23.0,0.6245744010009449
13.899999999999986,23.0,0.62661239574615
13.999999999999986,23.0,0.6284020599150468
14.099999999999985,23.0,0.629936086112044
14.199999999999985,23.0,0.6312070729286352
14.299999999999985,23.0,0.6322074970205169
14.399999999999984,23.0,0.6329296851796495
14.499999999999984,23.0,0.6333657867263605
14.599999999999984,23.0,0.6335089457313947
14.699999999999983,23.0,0.6333672960331742
14.799999999999983,23.0,0.6329592113358373
14.899999999999983,23.0,0.6323030933751652
14.999999999999982,23.0,0.6314172129698515
15.099999999999982,23.0,0.6303197540450323
15.199999999999982,23.0,0.6290288543836396
15.299999999999981,23.0,0.627562642641639
15.39999999999998,23.0,0.6259392712873046
15.49999999999998,23.0,0.6241769452371466
15.59999999999998,23.0,0.6222939460631451
15.69999999999998,23.0,0.6203086517383999
15.79999999999998,23.0,0.6182395519715951
15.899999999999979,23.0,0.6161052592549362
15.999999999999979,23.0,0.613924515815277
16.09999999999998,23.0,0.6117161967136369
16.199999999999978,23.0,0.6094993093836695
16.299999999999976,23.0,0.6072929899342228
16.399999999999977,23.0,0.6051164965642348
16.49999999999998,23.0,0.6029892004490884
16.599999999999977,23.0,0.6009305744555496
16.699999999999974,23.0,0.5989601800269027
16.799999999999976,23.0,0.597097652550357
16.899999999999977,23.0,0.5953626854748495
16.999999999999975,23.0,0.5937750133887338
17.099999999999973,23.0,0.5923543941934103
17.199999999999974,23.0,0.5911205904207679
17.299999999999976,23.0,0.5900933496395204
17.399999999999974,23.0,0.5892923837784984
17.49999999999997,23.0,0.588737347064183
17.599999999999973,23.0,0.5884478121259309
17.699999999999974,23.0,0.5884432436662987
17.799999999999972,23.0,0.5887429689268298
17.89999999999997,23.0,0.5893661440030108
17.99999999999997,23.0,0.5903317148778182
18.099999999999973,23.0,0.5916583718537574
18.19999999999997,23.0,0.5933635207317954
18.29999999999997,23.0,0.5954478419311249
18.39999999999997,23.0,0.5978981296876915
18.49999999999997,23.0,0.6007005021661809
18.59999999999997,23.0,0.6038408161641308
18.699999999999967,23.0,0.6073046695088842
18.79999999999997,23.0,0.6110774038886178
18.89999999999997,23.0,0.6151441089352363
18.999999999999968,23.0,0.6194896282726877
19.099999999999966,23.0,0.6240985681388471
19.199999999999967,23.0,0.6289553090828056
19.29999999999997,23.0,0.6340440211325168
19.399999999999967,23.0,0.639348682720766
19.499999999999964,23.0,0.6448531035509801
19.599999999999966,23.0,0.6505409514792739
19.699999999999967,23.0,0.6563957833862885
19.799999999999965,23.0,0.6624010799129119
19.899999999999963,23.0,0.6685402838390715
19.999999999999964,23.0,0.674796841795755
20.099999999999966,23.0,0.6811542489185463
20.199999999999964,23.0,0.6875960959775731
20.29999999999996,23.0,0.6941061184550628
20.399999999999963,23.0,0.7006682469888446
20.499999999999964,23.0,0.7072666585590444
20.599999999999962,23.0,0.7138858277666541
20.69999999999996,23.0,0.7205105775371093
20.79999999999996,23.0,0.72712612857969
20.899999999999963,23.0,0.7337181469444035
20.99999999999996,23.0,0.740272789041607
21.09999999999996,23.0,0.7467767435252902
21.19999999999996,23.0,0.7532172694876804
21.29999999999996,23.0,0.7595822304693951
21.39999999999996,23.0,0.7658601238542504
21.499999999999957,23.0,0.7720401052893793
21.59999999999996,23.0,0.7781120078476776
21.69999999999996,23.0,0.7840663557289137
21.799999999999958,23.0,0.789894372376142
21.899999999999956,23.0,0.7955879835360145
21.999999999999957,23.0,0.8011417111440289
22.09999999999996,23.0,0.8065566667775675
22.199999999999957,23.0,0.8118352904225064
22.299999999999955,23.0,0.8169800634791224
22.399999999999956,23.0,0.8219935012015602
22.499999999999957,23.0,0.8268781455929254
22.599999999999955,23.0,0.8316365587447833
22.699999999999953,23.0,0.8362713166087592
22.799999999999955,23.0,0.8407850031870518
22.899999999999956,23.0,0.8451802051279518
22.999999999999954,23.0,0.8494595067118869
23.09999999999995,23.0,0.8536254852130911
23.199999999999953,23.0,0.8576807066216976
23.299999999999955,23.0,0.8616277217108681
23.399999999999952,23.0,0.8654690624334966
23.49999999999995,23.0,0.8692072386330367
23.59999999999995,23.0,0.8728447350530889
23.699999999999953,23.0,0.8763840086305591
23.79999999999995,23.0,0.8798274860574274
23.89999999999995,23.0,0.8831775615964397
23.99999999999995,23.0,0.886436595136377
24.09999999999995,23.0,0.889606910472918
24.19999999999995,23.0,0.8926907938015156
24.299999999999947,23.0,0.895690492409135
24.39999999999995,23.0,0.8986082135521474
24.49999999999995,23.0,0.9014461235081435
24.599999999999948,23.0,0.9042063467899029
24.699999999999946,23.0,0.9068909655102374
24.799999999999947,23.0,0.9095020188869185
24.89999999999995,23.0,0.9120415028773811
24.999999999999947,23.0,0.9145113699333839
10.0,23.5,0.48037509449987376
10.1,23.5,0.48613906961825937
10.2,23.5,0.4919060115051301
10.299999999999999,23.5,0.49767468630467493
10.399999999999999,23.5,0.5034438590177467
10.499999999999998,23.5,0.5092122943166402
10.599999999999998,23.5,0.5149787573602402
10.699999999999998,23.5,0.5207420146086217
10.799999999999997,23.5,0.5265008346361887
10.899999999999997,23.5,0.5322539889424358
10.999999999999996,23.5,0.5380002527594248
11.099999999999996,23.5,0.5437369290092166
11.199999999999996,23.5,0.5494554390084854
11.299999999999995,23.5,0.5551457978173538
11.399999999999995,23.5,0.5607981140060192
11.499999999999995,23.5,0.5664026075529786
11.599999999999994,23.5,0.5719496266706044
11.699999999999994,23.5,0.5774296633428191
11.799999999999994,23.5,0.5828333673742561
11.899999999999993,23.5,0.588151558766995
11.999999999999993,23.5,0.5933752382594208
12.099999999999993,23.5,0.5984955958816509
12.199999999999992,23.5,0.6035040174029653
12.299999999999992,23.5,0.6083920885684017
12.399999999999991,23.5,0.613151597043827
12.499999999999991,23.5,0.6177745320109984
12.59999999999999,23.5,0.6222530813761163
12.69999999999999,23.5,0.6265796265768439
12.79999999999999,23.5,0.6307467349934859
12.89999999999999,23.5,0.6347471499898061
12.99999999999999,23.5,0.6385737786276426
13.099999999999989,23.5,0.6422196771169817
13.199999999999989,23.5,0.6456780340794365
13.299999999999988,23.5,0.6489421517181428
13.399999999999988,23.5,0.6520054250010681
13.499999999999988,23.5,0.6548613189777097
13.599999999999987,23.5,0.6575033443614191
13.699999999999987,23.5,0.6599250315213208
13.799999999999986,23.5,0.6621199030394049
13.899999999999986,23.5,0.6640814450001984
13.999999999999986,23.5,0.6658030771929205
14.099999999999985,23.5,0.6672781224197328
14.199999999999985,23.5,0.6684997751191236
14.299999999999985,23.5,0.6694610695312386
14.399999999999984,23.5,0.670154847652765
14.499999999999984,23.5,0.6705737272534306
14.599999999999984,23.5,0.6707112219381615
14.699999999999983,23.5,0.670575176870087
14.799999999999983,23.5,0.6701832093749946
14.899999999999983,23.5,0.6695529130882202
14.999999999999982,23.5,0.6687017176899898
15.099999999999982,23.5,0.667646942623488
15.199999999999982,23.5,0.6664058467655376
15.299999999999981,23.5,0.664995673647986
15.39999999999998,23.5,0.6634336919335914
15.49999999999998,23.5,0.6617372309457079
15.59999999999998,23.5,0.6599237111378365
15.69999999999998,23.5,0.6580106694681382
15.79999999999998,23.5,0.6560157797158451
15.899999999999979,23.5,0.6539568678413411
15.999999999999979,23.5,0.6518519225493788
16.09999999999998,23.5,0.6497191012650381
16.199999999999978,23.5,0.6475767317740113
16.299999999999976,23.5,0.6454433098118613
16.399999999999977,23.5,0.643337492910184
16.49999999999998,23.5,0.6412780908202529
16.599999999999977,23.5,0.6392840528358351
16.699999999999974,23.5,0.6373744523256798
16.799999999999976,23.5,0.6355684687619307
16.899999999999977,23.5,0.6338853674928853
16.999999999999975,23.5,0.6323444774566565
17.099999999999973,23.5,0.6309651669661789
17.199999999999974,23.5,0.629766817615598
17.299999999999976,23.5,0.6287687962635725
17.399999999999974,23.5,0.6279904249408099
17.49999999999997,23.5,0.6274509484079387
17.599999999999973,23.5,0.6271694989564913
17.699999999999974,23.5,0.6271650579016521
17.799999999999972,23.5,0.6274564130621051
17.89999999999997,23.5,0.628062111361892
17.99999999999997,23.5,0.6290004055243017
18.099999999999973,23.5,0.6302891936617335
18.19999999999997,23.5,0.6319450036927025
18.29999999999997,23.5,0.6339679963729732
18.39999999999997,23.5,0.6363447542045764
18.49999999999997,23.5,0.639061130851192
18.59999999999997,23.5,0.6421026672100532
18.699999999999967,23.5,0.6454546068106775
18.79999999999997,23.5,0.6491019113958814
18.89999999999997,23.5,0.6530292774418214
18.999999999999968,23.5,0.6572211542675201
19.099999999999966,23.5,0.6616617642763014
19.199999999999967,23.5,0.6663351257625374
19.29999999999997,23.5,0.6712250786079095
19.399999999999967,23.5,0.6763153130828707
19.499999999999964,23.5,0.6815894018621738
19.599999999999966,23.5,0.6870308352592506
19.699999999999967,23.5,0.6926230595840988
19.799999999999965,23.5,0.6983495184343592
19.899999999999963,23.5,0.7041936966407352
19.999999999999964,23.5,0.7101391665071066
20.099999999999966,23.5,0.7161696359138501
20.199999999999964,23.5,0.7222689977911305
20.29999999999996,23.5,0.728421380418331
20.399999999999963,23.5,0.7346111979671398
20.499999999999964,23.5,0.7408232006797708
20.599999999999962,23.5,0.7470425240607225
20.69999999999996,23.5,0.7532547364604739
20.79999999999996,23.5,0.7594458844423949
20.899999999999963,23.5,0.765602535349428
20.99999999999996,23.5,0.771711816523982
21.09999999999996,23.5,0.777761450681928
21.19999999999996,23.5,0.7837397869982925
21.29999999999996,23.5,0.7896358275266877
21.39999999999996,23.5,0.7954392486450226
21.499999999999957,23.5,0.8011404172947842
21.59999999999996,23.5,0.8067304018583046
21.69999999999996,23.5,0.8122009775960561
21.799999999999958,23.5,0.8175446266423052
21.899999999999956,23.5,0.8227545331540048
21.999999999999957,23.5,0.8278263033473163
22.09999999999996,23.5,0.8327615768156694
22.199999999999957,23.5,0.8375631859584144
22.299999999999955,23.5,0.8422339773568404
22.399999999999956,23.5,0.8467768051273292
22.499999999999957,23.5,0.8511945247509833
22.599999999999955,23.5,0.8554899873624483
22.699999999999953,23.5,0.859666034480091
22.799999999999955,23.5,0.8637254931593058
22.899999999999956,23.5,0.8676711715504795
22.999999999999954,23.5,0.8715058548430357
23.09999999999995,23.5,0.8752323015769792
23.199999999999953,23.5,0.8788532403034723
23.299999999999955,23.5,0.882371366576177
23.399999999999952,23.5,0.8857893402553781
23.49999999999995,23.5,0.8891097831072452
23.59999999999995,23.5,0.8923352766810044
23.699999999999953,23.5,0.8954683604472458
23.79999999999995,23.5,0.8985115301810889
23.89999999999995,23.5,0.9014672365744588
23.99999999999995,23.5,0.9043378840622808
24.09999999999995,23.5,0.9071258298479761
24.19999999999995,23.5,0.9098333831142313
24.299999999999947,23.5,0.9124628044056096
24.39999999999995,23.5,0.9150163051701683
24.49999999999995,23.5,0.9174960474478608
24.599999999999948,23.5,0.9199041436940816
24.699999999999946,23.5,0.9222426567273161
24.799999999999947,23.5,0.9245135997904353
24.89999999999995,23.5,0.9267189367157391
24.999999999999947,23.5,0.9288605821844207
10.0,24.0,0.5192636706794362
10.1,24.0,0.5250237464910052
10.2,24.0,0.5307784714621608
10.299999999999999,24.0,0.5365266197904804
10.399999999999999,24.0,0.5422669700037395
10.499999999999998,24.0,0.547998305759501
10.599999999999998,24.0,0.5537194166389547
10.699999999999998,24.0,0.559429098934122
10.799999999999997,24.0,0.5651261564275565
10.899999999999997,24.0,0.5708094011636788
10.999999999999996,24.0,0.5764776542108982
11.099999999999996,24.0,0.5821282927665802
11.199999999999996,24.0,0.587752926796736
11.299999999999995,24.0,0.5933418328904329
11.399999999999995,24.0,0.5988854335668967
11.499999999999995,24.0,0.604374313441628
11.599999999999994,24.0,0.6097992340160894
11.699999999999994,24.0,0.6151511469000717
11.799999999999994,24.0,0.620421205293065
11.899999999999993,24.0,0.6256007735697829
11.999999999999993,24.0,0.6306814348350107
12.099999999999993,24.0,0.6356549963338693
12.199999999999992,24.0,0.6405134926250082
12.299999999999992,24.0,0.6452491864458236
12.399999999999991,24.0,0.649854567220215
12.499999999999991,24.0,0.6543223471803022
12.59999999999999,24.0,0.6586454550936773
12.69999999999999,24.0,0.6628170276068797
12.79999999999999,24.0,0.6668303982336898
12.89999999999999,24.0,0.6706790840333552
12.99999999999999,24.0,0.6743567700389145
13.099999999999989,24.0,0.6778572915093088
13.199999999999989,24.0,0.6811746140909869
13.299999999999988,24.0,0.6843028119852858
13.399999999999988,24.0,0.6872360442271414
13.499999999999988,24.0,0.6899685291888271
13.599999999999987,24.0,0.6924945174296965
13.699999999999987,24.0,0.6948082630196055
13.799999999999986,24.0,0.6969039934701942
13.899999999999986,24.0,0.6987758784149005
13.999999999999986,24.0,0.7004179971859699
14.099999999999985,24.0,0.7018243054452933
14.199999999999985,24.0,0.7029886010362757
14.299999999999985,24.0,0.7039044892366956
14.399999999999984,24.0,0.7045653476083718
14.499999999999984,24.0,0.7049642906591231
14.599999999999984,24.0,0.705095231321571
14.699999999999983,24.0,0.7049656712019448
14.799999999999983,24.0,0.7045923608995064
14.899999999999983,24.0,0.70399198202088
14.999999999999982,24.0,0.7031810249211906
15.099999999999982,24.0,0.7021758502901984
15.199999999999982,24.0,0.7009927460550487
15.299999999999981,24.0,0.6996479792667711
15.39999999999998,24.0,0.6981578427233526
15.49999999999998,24.0,0.6965386961593406
15.59999999999998,24.0,0.6948070019021351
15.69999999999998,24.0,0.692979354959467
15.79999999999998,24.0,0.6910725075617501
15.899999999999979,24.0,0.6891033882371834
15.999999999999979,24.0,0.6870891155466403
16.09999999999998,24.0,0.6850470066490211
16.199999999999978,24.0,0.6829945809052785
16.299999999999976,24.0,0.6809495587598908
16.399999999999977,24.0,0.6789298561612307
16.49999999999998,24.0,0.6769535747960632
16.599999999999977,24.0,0.6750389884172945
16.699999999999974,24.0,0.6732045255371446
16.799999999999976,24.0,0.6714687487392613
16.899999999999977,24.0,0.6698503308322188
16.999999999999975,24.0,0.6683680280228161
17.099999999999973,24.0,0.6670406502302565
17.199999999999974,24.0,0.6658870285915686
17.299999999999976,24.0,0.6649259801247018
17.399999999999974,24.0,0.6641762694190319
17.49999999999997,24.0,0.6636565671143801
17.599999999999973,24.0,0.6633854048102096
17.699999999999974,24.0,0.6633811259179814
17.799999999999972,24.0,0.6636618318337769
17.89999999999997,24.0,0.66424532266777
17.99999999999997,24.0,0.66514903162517
18.099999999999973,24.0,0.6663899519937977
18.19999999999997,24.0,0.6679836445662333
18.29999999999997,24.0,0.6699298009946426
18.39999999999997,24.0,0.6722149580966648
18.49999999999997,24.0,0.6748248856873049
18.59999999999997,24.0,0.6777449999249336
18.699999999999967,24.0,0.6809603907271513
18.79999999999997,24.0,0.6844558491069657
18.89999999999997,24.0,0.6882158951052693
18.999999999999968,24.0,0.692224806890829
19.099999999999966,24.0,0.6964666514920802
19.199999999999967,24.0,0.7009253175171483
19.29999999999997,24.0,0.7055845501109022
19.399999999999967,24.0,0.7104279882917046
19.499999999999964,24.0,0.715439204707131
19.599999999999966,24.0,0.720601747748571
19.699999999999967,24.0,0.7258991858706396
19.799999999999965,24.0,0.731315153873989
19.899999999999963,24.0,0.7368334008307442
19.999999999999964,24.0,0.7424378392615554
20.099999999999966,24.0,0.7481125951132992
20.199999999999964,24.0,0.7538420580377
20.29999999999996,24.0,0.7596109314343377
20.399999999999963,24.0,0.7654042816972287
20.499999999999964,24.0,0.771207586092667
20.599999999999962,24.0,0.7770067786973347
20.69999999999996,24.0,0.7827882938395625
20.79999999999996,24.0,0.7885391065124756
20.899999999999963,24.0,0.7942467692647965
20.99999999999996,24.0,0.7998994451221703
21.09999999999996,24.0,0.8054859361477247
21.19999999999996,24.0,0.810995707313642
21.29999999999996,24.0,0.8164189054241472
21.39999999999996,24.0,0.8217463729027022
21.499999999999957,24.0,0.8269696563305383
21.59999999999996,24.0,0.8320810096981046
21.69999999999996,24.0,0.837073392403824
21.799999999999958,24.0,0.8419404621040312
21.899999999999956,24.0,0.8466765630579348
21.999999999999957,24.0,0.8512782779856423
22.09999999999996,24.0,0.8557476734335565
22.199999999999957,24.0,0.8600878766805597
22.299999999999955,24.0,0.8643020037111773
22.399999999999956,24.0,0.8683931536532024
22.499999999999957,24.0,0.8723644036908343
22.599999999999955,24.0,0.8762188044312406
22.699999999999953,24.0,0.8799593757024147
22.799999999999955,24.0,0.8835891027603052
22.899999999999956,24.0,0.8871109328834001
22.999999999999954,24.0,0.8905277723332774
23.09999999999995,24.0,0.8938424836600349
23.199999999999953,24.0,0.897057883331997
23.299999999999955,24.0,0.9001767396696404
23.399999999999952,24.0,0.9032017710642862
23.49999999999995,24.0,0.9061356444627362
23.59999999999995,24.0,0.9089809740997141
23.699999999999953,24.0,0.9117403204606654
23.79999999999995,24.0,0.9144161894581925
23.89999999999995,24.0,0.9170110318061204
23.99999999999995,24.0,0.9195272425759303
24.09999999999995,24.0,0.921967160921026
24.19999999999995,24.0,0.9243330699550281
24.299999999999947,24.0,0.9266271967710131
24.39999999999995,24.0,0.9288517125893216
24.49999999999995,24.0,0.9310087330222532
24.599999999999948,24.0,0.9331003184446464
24.699999999999946,24.0,0.9351284744599978
24.799999999999947,24.0,0.9370951524524129
24.89999999999995,24.0,0.9390022502152954
24.999999999999947,24.0,0.9408516126482793
10.0,24.5,0.5563901048070764
10.1,24.5,0.5620940336025563
10.2,24.5,0.5677847811695231
10.299999999999999,24.5,0.5734611636767093
10.399999999999999,24.5,0.5791220066697224
10.499999999999998,24.5,0.584766145818144
10.599999999999998,24.5,0.5903924276513968
10.699999999999998,24.5,0.59599971028258
10.799999999999997,24.5,0.6015868641195121
10.899999999999997,24.5,0.6071527725622212
10.999999999999996,24.5,0.612696332686159
11.099999999999996,24.5,0.6182150371846029
11.199999999999996,24.5,0.6237007703973931
11.299999999999995,24.5,0.6291441623462104
11.399999999999995,24.5,0.6345360350493838
11.499999999999995,24.5,0.6398674165974083
11.599999999999994,24.5,0.6451295536062382
11.699999999999994,24.5,0.6503139218859452
11.799999999999994,24.5,0.6554122351813223
11.899999999999993,24.5,0.6604164518610844
11.999999999999993,24.5,0.6653187794530606
12.099999999999993,24.5,0.6701116769438638
12.199999999999992,24.5,0.6747878547825678
12.299999999999992,24.5,0.679340272548591
12.399999999999991,24.5,0.6837621342639675
12.499999999999991,24.5,0.6880468813491722
12.59999999999999,24.5,0.6921881832394343
12.69999999999999,24.5,0.6961799256947947
12.79999999999999,24.5,0.7000161968518934
12.89999999999999,24.5,0.7036912710784946
12.99999999999999,24.5,0.7071995907030362
13.099999999999989,24.5,0.710535745700992
13.199999999999989,24.5,0.713694451427663
13.299999999999988,24.5,0.7166705244932221
13.399999999999988,24.5,0.7194588568806566
13.499999999999988,24.5,0.7220543884108334
13.599999999999987,24.5,0.7244520776615837
13.699999999999987,24.5,0.7266468714497559
13.799999999999986,24.5,0.7286336729869964
13.899999999999986,24.5,0.7304073088220217
13.999999999999986,24.5,0.7319624946847999
14.099999999999985,24.5,0.7332938003518998
14.199999999999985,24.5,0.7343956136578518
14.299999999999985,24.5,0.7352621037853374
14.399999999999984,24.5,0.735887183978057
14.499999999999984,24.5,0.7362644738349424
14.599999999999984,24.5,0.7363882985062588
14.699999999999983,24.5,0.7362657793751571
14.799999999999983,24.5,0.7359127323883252
14.899999999999983,24.5,0.7353448663057618
14.999999999999982,24.5,0.7345776772672552
15.099999999999982,24.5,0.7336265163976372
15.199999999999982,24.5,0.7325066522351382
15.299999999999981,24.5,0.7312333277216049
15.39999999999998,24.5,0.7298218115586373
15.49999999999998,24.5,0.7282874437921707
15.59999999999998,24.5,0.7266456755413324
15.69999999999998,24.5,0.72491210283676
15.79999999999998,24.5,0.7231024945796374
15.899999999999979,24.5,0.7212328146757879
15.999999999999979,24.5,0.7193192384391573
16.09999999999998,24.5,0.7173781633955252
16.199999999999978,24.5,0.7154262146496495
16.299999999999976,24.5,0.7134802450064084
16.399999999999977,24.5,0.7115573300578975
16.49999999999998,24.5,0.7096747584627733
16.599999999999977,24.5,0.707850017650345
16.699999999999974,24.5,0.7061007751789432
16.799999999999976,24.5,0.7044448559649767
16.899999999999977,24.5,0.7029002155750086
16.999999999999975,24.5,0.7014849097374908
17.099999999999973,24.5,0.7002170601830864
17.199999999999974,24.5,0.6991148168626272
17.299999999999976,24.5,0.6981963165198684
17.399999999999974,24.5,0.6974796375127923
17.49999999999997,24.5,0.6969827506831903
17.599999999999973,24.5,0.696723465970892
17.699999999999974,24.5,0.696719374358121
17.799999999999972,24.5,0.6969877846133368
17.89999999999997,24.5,0.6975456541854981
17.99999999999997,24.5,0.6984095134825575
18.099999999999973,24.5,0.69959538265657
18.19999999999997,24.5,0.7011178098408762
18.29999999999997,24.5,0.7029760783173544
18.39999999999997,24.5,0.7051568272630082
18.49999999999997,24.5,0.707645904729594
18.59999999999997,24.5,0.7104287746853891
18.699999999999967,24.5,0.7134905551065754
18.79999999999997,24.5,0.7168160557270127
18.89999999999997,24.5,0.7203898160287008
18.999999999999968,24.5,0.7241961439550639
19.099999999999966,24.5,0.7282191557266308
19.199999999999967,24.5,0.7324428170352961
19.29999999999997,24.5,0.7368509857906633
19.399999999999967,24.5,0.741427456491474
19.499999999999964,24.5,0.7461560061982944
19.599999999999966,24.5,0.7510204419919129
19.699999999999967,24.5,0.7560046497166659
19.799999999999965,24.5,0.7610926437305034
19.899999999999963,24.5,0.7662686173152183
19.999999999999964,24.5,0.7715169933420225
20.099999999999966,24.5,0.7768224747404255
20.199999999999964,24.5,0.782170094282939
20.29999999999996,24.5,0.7875452631749265
20.399999999999963,24.5,0.7929338179282259
20.499999999999964,24.5,0.7983220649989504
20.599999999999962,24.5,0.803696822683798
20.69999999999996,24.5,0.8090454597947154
20.79999999999996,24.5,0.8143559306679804
20.899999999999963,24.5,0.8196168061096251
20.99999999999996,24.5,0.8248172999332585
21.09999999999996,24.5,0.8299472908072878
21.19999999999996,24.5,0.8349973391946242
21.29999999999996,24.5,0.8399586992374536
21.39999999999996,24.5,0.8448233255108035
21.499999999999957,24.5,0.8495838746396333
21.59999999999996,24.5,0.8542337018433759
21.69999999999996,24.5,0.8587668525376131
21.799999999999958,24.5,0.8631780491834745
21.899999999999956,24.5,0.8674626740597351
21.999999999999957,24.5,0.8716181627247659
22.09999999999996,24.5,0.8756469076304901
22.199999999999957,24.5,0.8795522372964621
22.299999999999955,24.5,0.8833374462027382
22.399999999999956,24.5,0.8870057903955177
22.499999999999957,24.5,0.8905604835489278
22.599999999999955,24.5,0.8940046934574338
22.699999999999953,24.5,0.8973415389338214
22.799999999999955,24.5,0.9005740870882183
22.899999999999956,24.5,0.9037053509642669
22.999999999999954,24.5,0.9067382875092511
23.09999999999995,24.5,0.9096757958557309
23.199999999999953,24.5,0.9125207158930425
23.299999999999955,24.5,0.915275827107853
23.399999999999952,24.5,0.9179438476738147
23.49999999999995,24.5,0.9205274337712438
23.59999999999995,24.5,0.923029179118625
23.699999999999953,24.5,0.9254516146986297
23.79999999999995,24.5,0.9277972086622237
23.89999999999995,24.5,0.9300683663953008
23.99999999999995,24.5,0.9322674307331442
24.09999999999995,24.5,0.934396682308858
24.19999999999995,24.5,0.9364583400227283
24.299999999999947,24.5,0.9384545616202742
24.39999999999995,24.5,0.9403874443675189
24.49999999999995,24.5,0.9422590258127588
24.599999999999948,24.5,0.9440712846248216
24.699999999999946,24.5,0.9458261414985015
24.799999999999947,24.5,0.9475254601185059
24.89999999999995,24.5,0.9491710481738904
24.999999999999947,24.5,0.9507646584155497
10.0,25.0,0.5912330691512322
10.1,25.0,0.5968374101053813
10.2,25.0,0.602421454267666
10.299999999999999,25.0,0.6079840870421865
10.399999999999999,25.0,0.61352420760947
10.499999999999998,25.0,0.619040729592395
10.599999999999998,25.0,0.6245325817063447
10.699999999999998,25.0,0.6299987083929345
10.799999999999997,25.0,0.6354380704366802
10.899999999999997,25.0,0.6408496455640057
10.999999999999996,25.0,0.6462324290240096
11.099999999999996,25.0,0.6515840592772644
11.199999999999996,25.0,0.6568967581996504
11.299999999999995,25.0,0.6621615748849965
11.399999999999995,25.0,0.6673697892910839
11.499999999999995,25.0,0.6725129240181826
11.599999999999994,25.0,0.6775827542797592
11.699999999999994,25.0,0.6825713159334164
11.799999999999994,25.0,0.6874709114600905
11.899999999999993,25.0,0.6922741138000543
11.999999999999993,25.0,0.6969737679749806
12.099999999999993,25.0,0.7015629904458565
12.199999999999992,25.0,0.7060351661765417
12.299999999999992,25.0,0.7103839433919314
12.399999999999991,25.0,0.7146032260377138
12.499999999999991,25.0,0.7186871639653614
12.59999999999999,25.0,0.7226301408810585
12.69999999999999,25.0,0.7264267601105625
12.79999999999999,25.0,0.7300718282434491
12.89999999999999,25.0,0.733560336729695
12.99999999999999,25.0,0.7368874415091383
13.099999999999989,25.0,0.7400484407600305
13.199999999999989,25.0,0.7430387508567848
13.299999999999988,25.0,0.7458538806292371
13.399999999999988,25.0,0.7484894040164958
13.499999999999988,25.0,0.7509409312079802
13.599999999999987,25.0,0.7532040783628139
13.699999999999987,25.0,0.755274435996711
13.799999999999986,25.0,0.7571475361231819
13.899999999999986,25.0,0.758818818233773
13.999999999999986,25.0,0.7602835942005405
14.099999999999985,25.0,0.7615370121835814
14.199999999999985,25.0,0.7625740196277462
14.299999999999985,25.0,0.7633893254362342
14.399999999999984,25.0,0.7639773614152874
14.499999999999984,25.0,0.7643322430943708
14.599999999999984,25.0,0.7644487055012823
14.699999999999983,25.0,0.7643334710315148
14.799999999999983,25.0,0.7640013936021763
14.899999999999983,25.0,0.7634671889786221
14.999999999999982,25.0,0.7627453446353203
15.099999999999982,25.0,0.7618501916327698
15.199999999999982,25.0,0.7607959709599805
15.299999999999981,25.0,0.7595968941516318
15.39999999999998,25.0,0.7582671980345876
15.49999999999998,25.0,0.7568211934988738
15.59999999999998,25.0,0.7552733082252151
15.69999999999998,25.0,0.7536381233360058
15.79999999999998,25.0,0.7519304039698489
15.899999999999979,25.0,0.750165123811863
15.999999999999979,25.0,0.7483574836427513
16.09999999999998,25.0,0.746522923998774
16.199999999999978,25.0,0.744677132061629
16.299999999999976,25.0,0.7428360429209697
16.399999999999977,25.0,0.7410158353718904
16.49999999999998,25.0,0.7392329224240752
16.599999999999977,25.0,0.7375039367073528
16.699999999999974,25.0,0.7358457109589693
16.799999999999976,25.0,0.7342752537700193
16.899999999999977,25.0,0.7328097207512165
16.999999999999975,25.0,0.7314663812508756
17.099999999999973,25.0,0.730262580720112
17.199999999999974,25.0,0.729215698771672
17.299999999999976,25.0,0.7283431029196171
17.399999999999974,25.0,0.7276620979178134
17.49999999999997,25.0,0.727189870536745
17.599999999999973,25.0,0.7269434295319992
17.699999999999974,25.0,0.7269395404657513
17.799999999999972,25.0,0.7271946549472326
17.89999999999997,25.0,0.7277248337626188
17.99999999999997,25.0,0.7285456632728873
18.099999999999973,25.0,0.7296721643746094
18.19999999999997,25.0,0.73111786718409
18.29999999999997,25.0,0.7328817120179968
18.39999999999997,25.0,0.7349505634250286
18.49999999999997,25.0,0.7373104833469956
18.59999999999997,25.0,0.7399471289516271
18.699999999999967,25.0,0.7428457998434721
18.79999999999997,25.0,0.7459914846810265
18.89999999999997,25.0,0.7493689076825134
18.999999999999968,25.0,0.7529625754095898
19.099999999999966,25.0,0.7567568241226151
19.199999999999967,25.0,0.7607358679048178
19.29999999999997,25.0,0.7648838476575199
19.399999999999967,25.0,0.7691848809762021
19.499999999999964,25.0,0.7736231128292055
19.599999999999966,25.0,0.7781827668788093
19.699999999999967,25.0,0.7828481972096596
19.799999999999965,25.0,0.787603940163382
19.899999999999963,25.0,0.7924347659217409
19.999999999999964,25.0,0.797325729434907
20.099999999999966,25.0,0.802262220256936
20.199999999999964,25.0,0.8072300108279604
20.29999999999996,25.0,0.8122153027320567
20.399999999999963,25.0,0.8172047704612673
20.499999999999964,25.0,0.8221856022294802
20.599999999999962,25.0,0.8271455374042386
20.69999999999996,25.0,0.8320729001592244
20.79999999999996,25.0,0.8369566289940302
20.899999999999963,25.0,0.8417863018196349
20.99999999999996,25.0,0.846552156366245
21.09999999999996,25.0,0.8512451057332727
21.19999999999996,25.0,0.8558567489674898
21.29999999999996,25.0,0.860379376623136
21.39999999999996,25.0,0.8648059713252463
21.499999999999957,25.0,0.8691302034230646
21.59999999999996,25.0,0.8733464218826046
21.69999999999996,25.0,0.8774496406248371
21.799999999999958,25.0,0.8814355205674067
21.899999999999956,25.0,0.8853003480594372
21.999999999999957,25.0,0.8890422826625217
22.09999999999996,25.0,0.8926639487021699
22.199999999999957,25.0,0.8961687921101636
22.299999999999955,25.0,0.8995602053457907
22.399999999999956,25.0,0.9028415241747563
22.499999999999957,25.0,0.9060160248709352
22.599999999999955,25.0,0.9090869218134073
22.699999999999953,25.0,0.9120573654520661
22.799999999999955,25.0,0.9149304406160139
22.899999999999956,25.0,0.917709165139931
22.999999999999954,25.0,0.9203964887845999
23.09999999999995,25.0,0.9229952924288134
23.199999999999953,25.0,0.925508387510926
23.299999999999955,25.0,0.9279385156993778
23.399999999999952,25.0,0.9302883487725608
23.49999999999995,25.0,0.9325604886894507
23.59999999999995,25.0,0.9347574678334529
23.699999999999953,25.0,0.9368817494129257
23.79999999999995,25.0,0.9389357280028323
23.89999999999995,25.0,0.9409217302129338
23.99999999999995,25.0,0.942842015468867
24.09999999999995,25.0,0.944698776893355
24.19999999999995,25.0,0.9464941422756592
24.299999999999947,25.0,0.9482301751182205
24.39999999999995,25.0,0.9499088757502268
24.49999999999995,25.0,0.9515321824986076
24.599999999999948,25.0,0.9531019729076813
24.699999999999946,25.0,0.954620064999363
24.799999999999947,25.0,0.9560882185664954
24.89999999999995,25.0,0.9575081364924802
24.999999999999947,25.0,0.9588814660909668
10.0,25.5,0.6233817441881926
10.1,25.5,0.6288533583000151
10.2,25.5,0.6342984245521892
10.299999999999999,25.5,0.639715917065645
10.399999999999999,25.5,0.6451048273636035
10.499999999999998,25.5,0.650464164937545
10.599999999999998,25.5,0.6557929577939718
10.699999999999998,25.5,0.6610902529814742
10.799999999999997,25.5,0.6663551170976263
10.899999999999997,25.5,0.6715866367752785
10.999999999999996,25.5,0.6767839191478398
11.099999999999996,25.5,0.6819447672495464
11.199999999999996,25.5,0.6870617801978369
11.299999999999995,25.5,0.6921264650568435
11.399999999999995,25.5,0.6971305911980683
11.499999999999995,25.5,0.7020661997193502
11.599999999999994,25.5,0.7069256109277442
11.699999999999994,25.5,0.7117014297849139
11.799999999999994,25.5,0.716386549233859
11.899999999999993,25.5,0.720974151346118
11.999999999999993,25.5,0.7254577062486256
12.099999999999993,25.5,0.7298309688088326
12.199999999999992,25.5,0.7340879730751797
12.299999999999992,25.5,0.7382230244872783
12.399999999999991,25.5,0.7422306898859293
12.499999999999991,25.5,0.7461057853672037
12.59999999999999,25.5,0.7498433620370479
12.69999999999999,25.5,0.7534386897331458
12.79999999999999,25.5,0.7568872387890008
12.89999999999999,25.5,0.7601846599213751
12.99999999999999,25.5,0.7633267623263698
13.099999999999989,25.5,0.7663094900716205
13.199999999999989,25.5,0.7691288968724479
13.299999999999988,25.5,0.7717811193385039
13.399999999999988,25.5,0.7742623487746882
13.499999999999988,25.5,0.7765688016161494
13.599999999999987,25.5,0.7786966885722783
13.699999999999987,25.5,0.780642182549111
13.799999999999986,25.5,0.7824013854137939
13.899999999999986,25.5,0.7839702936591731
13.999999999999986,25.5,0.78534476302153
14.099999999999985,25.5,0.7865204721005106
14.199999999999985,25.5,0.7874928850278768
14.299999999999985,25.5,0.7882572132314175
14.399999999999984,25.5,0.7888083763428108
14.499999999999984,25.5,0.7891409623041079
14.599999999999984,25.5,0.7892501008406456
14.699999999999983,25.5,0.7891421130391567
14.799999999999983,25.5,0.7888308997066646
14.899999999999983,25.5,0.788330199411233
14.999999999999982,25.5,0.7876535119027425
15.099999999999982,25.5,0.7868141727093383
15.199999999999982,25.5,0.7858254219638274
15.299999999999981,25.5,0.7847004673351916
15.39999999999998,25.5,0.783452540967646
15.49999999999998,25.5,0.7820949503534156
15.59999999999998,25.5,0.7806411230872914
15.69999999999998,25.5,0.7791046454722576
15.79999999999998,25.5,0.7774992949667618
15.899999999999979,25.5,0.7758390664858477
15.999999999999979,25.5,0.7741381925903615
16.09999999999998,25.5,0.7724111576204159
16.199999999999978,25.5,0.7706727058506383
16.299999999999976,25.5,0.7689378437646411
16.399999999999977,25.5,0.7672218365636412
16.49999999999998,25.5,0.7655401990381456
16.599999999999977,25.5,0.763908680940999
16.699999999999974,25.5,0.7623432470037155
16.799999999999976,25.5,0.7608600517348799
16.899999999999977,25.5,0.7594754091285263
16.999999999999975,25.5,0.7582057573910963
17.099999999999973,25.5,0.7570676187672831
17.199999999999974,25.5,0.7560775545075927
17.299999999999976,25.5,0.7552521149738909
17.399999999999974,25.5,0.7546077848240857
17.49999999999997,25.5,0.7541609231543409
17.599999999999973,25.5,0.7539276984082888
17.699999999999974,25.5,0.7539240177895843
17.799999999999972,25.5,0.7541654508394049
17.89999999999997,25.5,0.7546671467673922
17.99999999999997,25.5,0.7554437450570134
18.099999999999973,25.5,0.7565092788091297
18.19999999999997,25.5,0.7578762892903477
18.29999999999997,25.5,0.7595434390115973
18.39999999999997,25.5,0.7614979116786906
18.49999999999997,25.5,0.763726087557218
18.59999999999997,25.5,0.7662139299584386
18.699999999999967,25.5,0.7689470399385714
18.79999999999997,25.5,0.7719107101701583
18.89999999999997,25.5,0.7750899783678695
18.999999999999968,25.5,0.7784696805666461
19.099999999999966,25.5,0.7820345044631001
19.199999999999967,25.5,0.7857690429436867
19.29999999999997,25.5,0.7896578478372217
19.399999999999967,25.5,0.7936854838466487
19.499999999999964,25.5,0.7978365825372334
19.599999999999966,25.5,0.8020958961870885
19.699999999999967,25.5,0.806448351242492
19.799999999999965,25.5,0.8108791010660397
19.899999999999963,25.5,0.815373577621241
19.999999999999964,25.5,0.8199175417035033
20.099999999999966,25.5,0.8244971313050722
20.199999999999964,25.5,0.8290989076906412
20.29999999999996,25.5,0.833709898761035
20.399999999999963,25.5,0.8383176392942998
20.499999999999964,25.5,0.842910207676157
20.599999999999962,25.5,0.8474762587643112
20.69999999999996,25.5,0.8520050525724625
20.79999999999996,25.5,0.8564864785088813
20.899999999999963,25.5,0.8609110749595774
20.99999999999996,25.5,0.8652700440659651
21.09999999999996,25.5,0.8695552616098142
21.19999999999996,25.5,0.8737592819825651
21.29999999999996,25.5,0.8778753382801292
21.39999999999996,25.5,0.8818973376265126
21.499999999999957,25.5,0.8858198518885291
21.59999999999996,25.5,0.8896381039981849
21.69999999999996,25.5,0.8933479501478792
21.799999999999958,25.5,0.8969458581654305
21.899999999999956,25.5,0.9004288827590311
21.999999999999957,25.5,0.9037957821517681
22.09999999999996,25.5,0.9070493304232001
22.199999999999957,25.5,0.9101930207337705
22.299999999999955,25.5,0.913230276861024
22.399999999999956,25.5,0.9161644510942893
22.499999999999957,25.5,0.9189988225097959
22.599999999999955,25.5,0.9217365955978216
22.699999999999953,25.5,0.9243808992146534
22.799999999999955,25.5,0.9269347858333601
22.899999999999956,25.5,0.929401231068613
22.999999999999954,25.5,0.9317831334520301
23.09999999999995,25.5,0.9340833144357541
23.199999999999953,25.5,0.9363045186032013
23.299999999999955,25.5,0.9384494140671293
23.399999999999952,25.5,0.9405205930363467
23.49999999999995,25.5,0.9425205725335486
23.59999999999995,25.5,0.9444517952478793
23.699999999999953,25.5,0.9463166305069073
23.79999999999995,25.5,0.948117375353746
23.89999999999995,25.5,0.949856255716053
23.99999999999995,25.5,0.9515354276546104
24.09999999999995,25.5,0.9531569786800977
24.19999999999995,25.5,0.9547229291275527
24.299999999999947,25.5,0.956235233578845
24.39999999999995,25.5,0.9576957823242684
24.49999999999995,25.5,0.9591064028551118
24.599999999999948,25.5,0.9604688613797656
24.699999999999946,25.5,0.9617848643565812
24.799999999999947,25.5,0.963056060037325
24.89999999999995,25.5,0.9642840400156454
24.999999999999947,25.5,0.9654703407755187
10.0,26.0,0.6525385148020808
10.1,26.0,0.6578551803975816
10.2,26.0,0.6631399832720747
10.299999999999999,26.0,0.668391997751843
10.399999999999999,26.0,0.673610318381764
10.499999999999998,26.0,0.6787940603823229
10.599999999999998,26.0,0.6839423600851062
10.699999999999998,26.0,0.6890543753464398
10.799999999999997,26.0,0.6941292859388775
10.899999999999997,26.0,0.6991662939202707
10.999999999999996,26.0,0.7041646239801862
11.099999999999996,26.0,0.7091222516235798
11.199999999999996,26.0,0.7140321704624715
11.299999999999995,26.0,0.7188863592512571
11.399999999999995,26.0,0.7236770833769395
11.499999999999995,26.0,0.7283969019792549
11.599999999999994,26.0,0.7330386730571267
11.699999999999994,26.0,0.7375955564890933
11.799999999999994,26.0,0.7420610149152775
11.899999999999993,26.0,0.746428812448048
11.999999999999993,26.0,0.7506930111974595
12.099999999999993,26.0,0.7548479656154986
12.199999999999992,26.0,0.7588883146798371
12.299999999999992,26.0,0.7628089719529333
12.399999999999991,26.0,0.7666051135657405
12.499999999999991,26.0,0.7702721641867786
12.59999999999999,26.0,0.7738057810468084
12.69999999999999,26.0,0.7772018360967287
12.79999999999999,26.0,0.7804563963815624
12.89999999999999,26.0,0.7835657027165431
12.99999999999999,26.0,0.7865261467523994
13.099999999999989,26.0,0.7893342465160823
13.199999999999989,26.0,0.7919866205105215
13.299999999999988,26.0,0.7944799604527188
13.399999999999988,26.0,0.7968110027237991
13.499999999999988,26.0,0.7989764985977924
13.599999999999987,26.0,0.8009731833081931
13.699999999999987,26.0,0.8027977440030309
13.799999999999986,26.0,0.8044467866306482
13.899999999999986,26.0,0.8059168017899505
13.999999999999986,26.0,0.807204129570999
14.099999999999985,26.0,0.8083049234048674
14.199999999999985,26.0,0.8092151129361592
14.299999999999985,26.0,0.8099303659280066
14.399999999999984,26.0,0.8104460492082901
14.499999999999984,26.0,0.8107571886678882
14.599999999999984,26.0,0.8108592834222103
14.699999999999983,26.0,0.8107582651503813
14.799999999999983,26.0,0.8104671210545877
14.899999999999983,26.0,0.8099986581917991
14.999999999999982,26.0,0.8093654386442686
15.099999999999982,26.0,0.808579855538611
15.199999999999982,26.0,0.8076542031621523
15.299999999999981,26.0,0.8066007411113272
15.39999999999998,26.0,0.8054317524178487
15.49999999999998,26.0,0.8041595956072514
15.59999999999998,26.0,0.8027967506528491
15.69999999999998,26.0,0.8013558587972494
15.79999999999998,26.0,0.7998497562240768
15.899999999999979,26.0,0.7982915015747516
15.999999999999979,26.0,0.7966943973190745
16.09999999999998,26.0,0.7950720050036426
16.199999999999978,26.0,0.7934381544182065
16.299999999999976,26.0,0.7918069467362143
16.399999999999977,26.0,0.790192751701025
16.49999999999998,26.0,0.7886101989425838
16.599999999999977,26.0,0.7870741635196201
16.699999999999974,26.0,0.7855997457885973
16.799999999999976,26.0,0.7842022457015985
16.899999999999977,26.0,0.7828971316302262
16.999999999999975,26.0,0.7817000038005936
17.099999999999973,26.0,0.7806265524051117
17.199999999999974,26.0,0.7796925104297462
17.299999999999976,26.0,0.7789136012008517
17.399999999999974,26.0,0.7783054806140571
17.49999999999997,26.0,0.7778836739599306
17.599999999999973,26.0,0.7776635072087151
17.699999999999974,26.0,0.7776600325613052
17.799999999999972,26.0,0.7778879480184161
17.89999999999997,26.0,0.7783615106678239
17.99999999999997,26.0,0.779094443344599
18.099999999999973,26.0,0.7800998342860699
18.19999999999997,26.0,0.7813892928621622
18.29999999999997,26.0,0.7829612647788868
18.39999999999997,26.0,0.7848033159946068
18.49999999999997,26.0,0.7869022165189525
18.59999999999997,26.0,0.7892443142103673
18.699999999999967,26.0,0.7918155953780459
18.79999999999997,26.0,0.7946017443459139
18.89999999999997,26.0,0.7975882022656423
18.999999999999968,26.0,0.8007602253907817
19.099999999999966,26.0,0.804102942946776
19.199999999999967,26.0,0.8076014146540538
19.29999999999997,26.0,0.8112406878856
19.399999999999967,26.0,0.8150058543682137
19.499999999999964,26.0,0.8188821062697478
19.599999999999966,26.0,0.8228547914544873
19.699999999999967,26.0,0.8269094676367373
19.799999999999965,26.0,0.8310319551197696
19.899999999999963,26.0,0.8352083877743073
19.999999999999964,26.0,0.8394252618883397
20.099999999999966,26.0,0.8436694825085773
20.199999999999964,26.0,0.8479284068933013
20.29999999999996,26.0,0.8521898847065641
20.399999999999963,26.0,0.8564422946041321
20.499999999999964,26.0,0.8606745768915245
20.599999999999962,26.0,0.8648762619729985
20.69999999999996,26.0,0.8690374943562189
20.79999999999996,26.0,0.8731490520292556
20.899999999999963,26.0,0.877202361083048
20.99999999999996,26.0,0.8811895055119802
21.09999999999996,26.0,0.8851032321861517
21.19999999999996,26.0,0.8889369510497341
21.29999999999996,26.0,0.8926847306589529
21.39999999999996,26.0,0.8963412892293022
21.499999999999957,26.0,0.8999019814133196
21.59999999999996,26.0,0.903362781076493
21.69999999999996,26.0,0.9067202603787452
21.799999999999958,26.0,0.9099715655017184
21.899999999999956,26.0,0.9131143897016637
21.999999999999957,26.0,0.9161479741958836
22.09999999999996,26.0,0.9190751753643773
22.199999999999957,26.0,0.9218994788788774
22.299999999999955,26.0,0.9246242885447049
22.399999999999956,26.0,0.9272529252093026
22.499999999999957,26.0,0.9297886260042362
22.599999999999955,26.0,0.9322345438923936
22.699999999999953,26.0,0.9345937474935522
22.799999999999955,26.0,0.9368692211629142
22.899999999999956,26.0,0.9390638652986388
22.999999999999954,26.0,0.9411804968557992
23.09999999999995,26.0,0.9432218500455627
23.199999999999953,26.0,0.9451905771997353
23.299999999999955,26.0,0.9470892497821057
23.399999999999952,26.0,0.948920359529287
23.49999999999995,26.0,0.9506863197049567
23.59999999999995,26.0,0.9523894664525634
23.699999999999953,26.0,0.954032060232676
23.79999999999995,26.0,0.9556162873322147
23.89999999999995,26.0,0.9571442614338066
23.99999999999995,26.0,0.9586180252344709
24.09999999999995,26.0,0.9600395521037393
24.19999999999995,26.0,0.9614107477721733
24.299999999999947,26.0,0.9627334520420441
24.39999999999995,26.0,0.9640094405126969
24.49999999999995,26.0,0.965240426313826
24.599999999999948,26.0,0.9664280618405574
24.699999999999946,26.0,0.967573940484844
24.799999999999947,26.0,0.968679598358262
24.89999999999995,26.0,0.9697465160018297
24.999999999999947,26.0,0.9707761200789642
10.0,26.5,0.678511158017733
10.1,26.5,0.6836614201881627
10.2,26.5,0.6887754434611593
10.299999999999999,26.5,0.6938524063995994
10.399999999999999,26.5,0.6988915098320361
10.499999999999998,26.5,0.7038919772003597
10.599999999999998,26.5,0.7088530548846192
10.699999999999998,26.5,0.7137740125048287
10.799999999999997,26.5,0.7186541431996198
10.899999999999997,26.5,0.7234927638816394
10.999999999999996,26.5,0.7282892154696162
11.099999999999996,26.5,0.733041644248837
11.199999999999996,26.5,0.7377434355011767
11.299999999999995,26.5,0.7423870311960694
11.399999999999995,26.5,0.7469651778474999
11.499999999999995,26.5,0.7514709314920978
11.599999999999994,26.5,0.7558976606175559
11.699999999999994,26.5,0.7602390469954614
11.799999999999994,26.5,0.7644890843918184
11.899999999999993,26.5,0.7686420751470631
11.999999999999993,26.5,0.7726926246349154
12.099999999999993,26.5,0.7766356336256689
12.199999999999992,26.5,0.7804662885942601
12.299999999999992,26.5,0.7841800500264524
12.399999999999991,26.5,0.7877726387875381
12.499999999999991,26.5,0.7912400206270115
12.59999999999999,26.5,0.7945783888995659
12.69999999999999,26.5,0.7977841455875263
12.79999999999999,26.5,0.8008538807124247
12.89999999999999,26.5,0.8037843502239185
12.99999999999999,26.5,0.8065724524527218
13.099999999999989,26.5,0.8092152032108066
13.199999999999989,26.5,0.811709709616967
13.299999999999988,26.5,0.8140531427191431
13.399999999999988,26.5,0.8162427089768582
13.499999999999988,26.5,0.8182756206580005
13.599999999999987,26.5,0.8201490651942249
13.699999999999987,26.5,0.8218601735287577
13.799999999999986,26.5,0.823405987479665
13.899999999999986,26.5,0.8247834261310226
13.999999999999986,26.5,0.825989251254277
14.099999999999985,26.5,0.8270200317527676
14.199999999999985,26.5,0.8278721071143653
14.299999999999985,26.5,0.8285415498508719
14.399999999999984,26.5,0.8290241268988043
14.499999999999984,26.5,0.829315259954953
14.599999999999984,26.5,0.829410784779822
14.699999999999983,26.5,0.8293162671777925
14.799999999999983,26.5,0.8290438445681053
14.899999999999983,26.5,0.8286054615896117
14.999999999999982,26.5,0.8280128152352502
15.099999999999982,26.5,0.8272774312798105
15.199999999999982,26.5,0.8264107347537486
15.299999999999981,26.5,0.8254241144497874
15.39999999999998,26.5,0.8243289814459059
15.49999999999998,26.5,0.8231368216244171
15.59999999999998,26.5,0.8218592421636683
15.69999999999998,26.5,0.8205080119775494
15.79999999999998,26.5,0.8190950960791232
15.899999999999979,26.5,0.8176326838486188
15.999999999999979,26.5,0.8161332111927692
16.09999999999998,26.5,0.814609376591739
16.199999999999978,26.5,0.8130741510411637
16.299999999999976,26.5,0.8115407819093956
16.399999999999977,26.5,0.8100227907430568
16.49999999999998,26.5,0.808533965066419
16.599999999999977,26.5,0.8070883442309589
16.699999999999974,26.5,0.8057001993795758
16.799999999999976,26.5,0.8043840075944171
16.899999999999977,26.5,0.8031544202970999
16.999999999999975,26.5,0.8020262259646197
17.099999999999973,26.5,0.8010143072128111
17.199999999999974,26.5,0.8001335922816777
17.299999999999976,26.5,0.7993990009332412
17.399999999999974,26.5,0.7988253847432907
17.49999999999997,26.5,0.7984274617344231
17.599999999999973,26.5,0.7982197452604621
17.699999999999974,26.5,0.7982164670136936
17.799999999999972,26.5,0.7984314939888872
17.89999999999997,26.5,0.7988782392049809
17.99999999999997,26.5,0.7995695659604442
18.099999999999973,26.5,0.8005176853862478
18.19999999999997,26.5,0.80173335279856
18.29999999999997,26.5,0.8032148512209132
18.39999999999997,26.5,0.8049501621007988
18.49999999999997,26.5,0.8069264843352056
18.59999999999997,26.5,0.8091305948107393
18.699999999999967,26.5,0.8115489134600931
18.79999999999997,26.5,0.8141675670983632
18.89999999999997,26.5,0.8169724522390562
18.999999999999968,26.5,0.8199492970244805
19.099999999999966,26.5,0.8230837223377934
19.199999999999967,26.5,0.8263613020965
19.29999999999997,26.5,0.8297676226617015
19.399999999999967,26.5,0.8332883412356986
19.499999999999964,26.5,0.8369092430643368
19.599999999999966,26.5,0.8406162972111214
19.699999999999967,26.5,0.8443957106288678
19.799999999999965,26.5,0.8482339802224114
19.899999999999963,26.5,0.8521179425733896
19.999999999999964,26.5,0.8560348209857442
20.099999999999966,26.5,0.8599722695085419
20.199999999999964,26.5,0.8639184136008444
20.29999999999996,26.5,0.8678618871212869
20.399999999999963,26.5,0.8717918653521157
20.499999999999964,26.5,0.8756980938028122
20.599999999999962,26.5,0.8795709125810084
20.69999999999996,26.5,0.8834012761669384
20.79999999999996,26.5,0.8871807684807713
20.899999999999963,26.5,0.8909016131883885
20.99999999999996,26.5,0.8945566792489531
21.09999999999996,26.5,0.8981394817654887
21.19999999999996,26.5,0.9016441782561464
21.29999999999996,26.5,0.9050655605175274
21.39999999999996,26.5,0.908399042301105
21.499999999999957,26.5,0.9116406430683223
21.59999999999996,26.5,0.9147869681284773
21.69999999999996,26.5,0.9178351854953005
21.799999999999958,26.5,0.9207829998227129
21.899999999999956,26.5,0.9236286240817853
21.999999999999957,26.5,0.92637168021326
22.09999999999996,26.5,0.9290150549909126
22.199999999999957,26.5,0.9315621874888319
22.299999999999955,26.5,0.9340164255408706
22.399999999999956,26.5,0.9363810255347276
22.499999999999957,26.5,0.9386591524918568
22.599999999999955,26.5,0.9408538804057813
22.699999999999953,26.5,0.9429681928129949
22.799999999999955,26.5,0.9450049835722185
22.899999999999956,26.5,0.9469670578293216
22.999999999999954,26.5,0.9488571331467215
23.09999999999995,26.5,0.9506778407775145
23.199999999999953,26.5,0.9524317270660001
23.299999999999955,26.5,0.9541212549575951
23.399999999999952,26.5,0.9557488056024207
23.49999999999995,26.5,0.9573166800380665
23.59999999999995,26.5,0.9588271009382014
23.699999999999953,26.5,0.9602822144148054
23.79999999999995,26.5,0.9616840918628364
23.89999999999995,26.5,0.963034731837132
23.99999999999995,26.5,0.9643360619522725
24.09999999999995,26.5,0.965589940797001
24.19999999999995,26.5,0.9667981598556035
24.299999999999947,26.5,0.9679624454294229
24.39999999999995,26.5,0.9690844605523803
24.49999999999995,26.5,0.970165806895039
24.599999999999948,26.5,0.9712080266523602
24.699999999999946,26.5,0.9722126044108621
24.799999999999947,26.5,0.9731809689914219
24.89999999999995,26.5,0.9741144952644355
24.999999999999947,26.5,0.9750145059345039
10.0,27.0,0.7011969182449472
10.1,27.0,0.7061793558160596
10.2,27.0,0.711122064773541
10.299999999999999,27.0,0.716024325524403
10.399999999999999,27.0,0.7208854421146701
10.499999999999998,27.0,0.7257047424740493
10.599999999999998,27.0,0.7304815786372473
10.699999999999998,27.0,0.7352153269419076
10.799999999999997,27.0,0.7399053882031768
10.899999999999997,27.0,0.7445511878649339
10.999999999999996,27.0,0.7491521761277539
11.099999999999996,27.0,0.7537066605204592
11.199999999999996,27.0,0.7582083982436456
11.299999999999995,27.0,0.762650267544034
11.399999999999995,27.0,0.7670254636711541
11.499999999999995,27.0,0.7713275019373621
11.599999999999994,27.0,0.7755502187236063
11.699999999999994,27.0,0.7796877704081551
11.799999999999994,27.0,0.7837346302137292
11.899999999999993,27.0,0.7876855829857354
11.999999999999993,27.0,0.7915357179303448
12.099999999999993,27.0,0.7952804193556837
12.199999999999992,27.0,0.798915355472239
12.299999999999992,27.0,0.8024364653195042
12.399999999999991,27.0,0.8058399438948035
12.499999999999991,27.0,0.8091222255670196
12.59999999999999,27.0,0.8122799658625746
12.69999999999999,27.0,0.8153100217134732
12.79999999999999,27.0,0.8182094302575433
12.89999999999999,27.0,0.8209753862792644
12.99999999999999,27.0,0.8236052183759005
13.099999999999989,27.0,0.8260963639281349
13.199999999999989,27.0,0.828446342947265
13.299999999999988,27.0,0.8306527308624004
13.399999999999988,27.0,0.8327131303012563
13.499999999999988,27.0,0.834625141907265
13.599999999999987,27.0,0.8363863342240966
13.699999999999987,27.0,0.8379942126665445
13.799999999999986,27.0,0.8394461875843793
13.899999999999986,27.0,0.8407395414135098
13.999999999999986,27.0,0.8418713948969179
14.099999999999985,27.0,0.8428386723467145
14.199999999999985,27.0,0.8436380659086768
14.299999999999985,27.0,0.8442659987821621
14.399999999999984,27.0,0.8447185873418368
14.499999999999984,27.0,0.8449916021037164
14.599999999999984,27.0,0.8450811776985392
14.699999999999983,27.0,0.8449925466085612
14.799999999999983,27.0,0.8447370785392778
14.899999999999983,27.0,0.8443259420495447
14.999999999999982,27.0,0.8437700579583784
15.099999999999982,27.0,0.8430801754513235
15.199999999999982,27.0,0.8422669422412943
15.299999999999981,27.0,0.8413409688144629
15.39999999999998,27.0,0.8403128867768639
15.49999999999998,27.0,0.8391934013028417
15.59999999999998,27.0,0.8379933376736133
15.69999999999998,27.0,0.8367236818841317
15.79999999999998,27.0,0.8353956152896662
15.899999999999979,27.0,0.8340205432604493
15.999999999999979,27.0,0.8326101178133383
16.09999999999998,27.0,0.831176254193501
16.199999999999978,27.0,0.8297311413861737
16.299999999999976,27.0,0.8282872465479002
16.399999999999977,27.0,0.8268573133575513
16.49999999999998,27.0,0.825454354298885
16.599999999999977,27.0,0.8240916368974922
16.699999999999974,27.0,0.8227826639446382
16.799999999999976,27.0,0.821541147747801
16.899999999999977,27.0,0.8203809784517306
16.999999999999975,27.0,0.8193161864738789
17.099999999999973,27.0,0.8183608990935358
17.199999999999974,27.0,0.8175292912246929
17.299999999999976,27.0,0.8168355303885892
17.399999999999974,27.0,0.816293715883514
17.49999999999997,27.0,0.8159178121276088
17.599999999999973,27.0,0.8157215761264862
17.699999999999974,27.0,0.8157184789933385
17.799999999999972,27.0,0.8159216214273244
17.89999999999997,27.0,0.8163436430394401
17.99999999999997,27.0,0.8169966254075391
18.099999999999973,27.0,0.8178919887479761
18.19999999999997,27.0,0.8190397267343394
18.29999999999997,27.0,0.8204380054137718
18.39999999999997,27.0,0.8220752275934273
18.49999999999997,27.0,0.8239390305088192
18.59999999999997,27.0,0.8260166332459946
18.699999999999967,27.0,0.82829490500256
18.79999999999997,27.0,0.8307604319756234
18.89999999999997,27.0,0.8333995829998211
18.999999999999968,27.0,0.836198574002819
19.099999999999966,27.0,0.8391435312878296
19.199999999999967,27.0,0.8422205535949021
19.29999999999997,27.0,0.8454157728371114
19.399999999999967,27.0,0.8487154133560357
19.499999999999964,27.0,0.8521058494946818
19.599999999999966,27.0,0.8555736612466328
19.699999999999967,27.0,0.8591056877087253
19.799999999999965,27.0,0.8626890780418747
19.899999999999963,27.0,0.8663113396312803
19.999999999999964,27.0,0.869960383133466
20.099999999999966,27.0,0.8736245641034428
20.199999999999964,27.0,0.877292720910446
20.29999999999996,27.0,0.8809542086747011
20.399999999999963,27.0,0.8845989289897267
20.499999999999964,27.0,0.8882173552338428
20.599999999999962,27.0,0.8918005533196643
20.69999999999996,27.0,0.8953401977801222
20.79999999999996,27.0,0.8988285831426085
20.899999999999963,27.0,0.9022586305977065
20.99999999999996,27.0,0.9056238900242273
21.09999999999996,27.0,0.908918537486467
21.19999999999996,27.0,0.9121373683714212
21.29999999999996,27.0,0.9152757863818677
21.39999999999996,27.0,0.9183297886447217
21.499999999999957,27.0,0.9212959472319039
21.59999999999996,27.0,0.9241713874224888
21.69999999999996,27.0,0.9269537630595389
21.799999999999958,27.0,0.9296412293725262
21.899999999999956,27.0,0.9322324139052973
21.999999999999957,27.0,0.9347272320375526
22.09999999999996,27.0,0.9371285640303462
22.199999999999957,27.0,0.9394397777902675
22.299999999999955,27.0,0.9416641432680277
22.399999999999956,27.0,0.9438048329988757
22.499999999999957,27.0,0.9458649228835486
22.599999999999955,27.0,0.9478473931836149
22.699999999999953,27.0,0.949755129706799
22.799999999999955,27.0,0.9515909251595334
22.899999999999956,27.0,0.9533574806455996
22.999999999999954,27.0,0.9550574072912672
23.09999999999995,27.0,0.9566932279788137
23.199999999999953,27.0,0.95826737917173
23.299999999999955,27.0,0.9597822128162576
23.399999999999952,27.0,0.961239998305182
23.49999999999995,27.0,0.9626429244910116
23.59999999999995,27.0,0.9639931017368129
23.699999999999953,27.0,0.9652925639940424
23.79999999999995,27.0,0.9665432708977248
23.89999999999995,27.0,0.9677471098702641
23.99999999999995,27.0,0.9689058982260582
24.09999999999995,27.0,0.9700213852699049
24.19999999999995,27.0,0.9710952543829499
24.299999999999947,27.0,0.9721291250906351
24.39999999999995,27.0,0.9731245551077574
24.49999999999995,27.0,0.9740830423563547
24.599999999999948,27.0,0.9750060269526903
24.699999999999946,27.0,0.9758948931601206
24.799999999999947,27.0,0.9767509713050958
24.89999999999995,27.0,0.9775755396539776
24.999999999999947,27.0,0.978369826248745
10.0,27.5,0.7205612474019816
10.1,27.5,0.7253833682278625
10.2,27.5,0.7301630674873266
10.299999999999999,27.5,0.7348997198850142
10.399999999999999,27.5,0.739592724592109
10.499999999999998,27.5,0.7442415053991289
10.599999999999998,27.5,0.7488455108454448
10.699999999999998,27.5,0.7534042143256261
10.799999999999997,27.5,0.7579171141727394
10.899999999999997,27.5,0.7623837337187602
10.999999999999996,27.5,0.7668036213322804
11.099999999999996,27.5,0.7711752302426678
11.199999999999996,27.5,0.7754926562687576
11.299999999999995,27.5,0.779749172411878
11.399999999999995,27.5,0.7839383767590394
11.499999999999995,27.5,0.7880541938894585
11.599999999999994,27.5,0.7920908742435506
11.699999999999994,27.5,0.7960429914511031
11.799999999999994,27.5,0.7999054376324842
11.899999999999993,27.5,0.8036734167027011
11.999999999999993,27.5,0.8073424357226678
12.099999999999993,27.5,0.8109082943549322
12.199999999999992,27.5,0.8143670724921551
12.299999999999992,27.5,0.8177151161357095
12.399999999999991,27.5,0.8209490216087322
12.499999999999991,27.5,0.8240656181928097
12.59999999999999,27.5,0.8270619492801361
12.69999999999999,27.5,0.8299352521335209
12.79999999999999,27.5,0.8326829363450632
12.89999999999999,27.5,0.8353025610807642
12.99999999999999,27.5,0.8377918111929409
13.099999999999989,27.5,0.840148472275154
13.199999999999989,27.5,0.8423704047256826
13.299999999999988,27.5,0.8444555168755206
13.399999999999988,27.5,0.8464017372256618
13.499999999999988,27.5,0.8482069858262915
13.599999999999987,27.5,0.8498691448176516
13.699999999999987,27.5,0.8513860281390278
13.799999999999986,27.5,0.8527553503987868
13.899999999999986,27.5,0.8539746948849263
13.999999999999986,27.5,0.8550414806824875
14.099999999999985,27.5,0.8559529288517114
14.199999999999985,27.5,0.8567060276093421
14.299999999999985,27.5,0.8572974964453465
14.399999999999984,27.5,0.8577237490989442
14.499999999999984,27.5,0.8579808553116917
14.599999999999984,27.5,0.8580652077404229
14.699999999999983,27.5,0.8579817447516098
14.799999999999983,27.5,0.8577411633376233
14.899999999999983,27.5,0.8573539542496839
14.999999999999982,27.5,0.8568303621199085
15.099999999999982,27.5,0.8561804607814297
15.199999999999982,27.5,0.8554142226904728
15.299999999999981,27.5,0.8545415825167729
15.39999999999998,27.5,0.8535724949443093
15.49999999999998,27.5,0.8525169867011663
15.59999999999998,27.5,0.8513852028166776
15.69999999999998,27.5,0.8501874470868059
15.79999999999998,27.5,0.8489342167155369
15.899999999999979,27.5,0.8476362310912349
15.999999999999979,27.5,0.8463044546524416
16.09999999999998,27.5,0.8449501137972941
16.199999999999978,27.5,0.8435847077941694
16.299999999999976,27.5,0.8422200136577562
16.399999999999977,27.5,0.8408680849637185
16.49999999999998,27.5,0.8395412445856449
16.599999999999977,27.5,0.8382520713491011
16.699999999999974,27.5,0.8370133806084004
16.799999999999976,27.5,0.8358381987612347
16.899999999999977,27.5,0.8347397317237262
16.999999999999975,27.5,0.8337313273930586
17.099999999999973,27.5,0.8328264321260954
17.199999999999974,27.5,0.8320385412600355
17.299999999999976,27.5,0.8313811436952132
17.399999999999974,27.5,0.8308676605510392
17.49999999999997,27.5,0.8305113778946148
17.599999999999973,27.5,0.8303253735290139
17.699999999999974,27.5,0.8303224378164397
17.799999999999972,27.5,0.830514988502755
17.89999999999997,27.5,0.8309149795072075
17.99999999999997,27.5,0.831533803648034
18.099999999999973,27.5,0.8323821892951802
18.19999999999997,27.5,0.8334694701977701
18.29999999999997,27.5,0.8347937322083059
18.39999999999997,27.5,0.836343781470727
18.49999999999997,27.5,0.8381076770094318
18.59999999999997,27.5,0.8400730657940989
18.699999999999967,27.5,0.8422272531836488
18.79999999999997,27.5,0.844557271872988
18.89999999999997,27.5,0.8470499494006121
18.999999999999968,27.5,0.8496919742279703
19.099999999999966,27.5,0.8524699603523637
19.199999999999967,27.5,0.8553705103662632
19.29999999999997,27.5,0.8583802768292342
19.399999999999967,27.5,0.8614860217759116
19.499999999999964,27.5,0.864674674146162
19.599999999999966,27.5,0.8679333848929612
19.699999999999967,27.5,0.8712495795005952
19.799999999999965,27.5,0.8746110076312698
19.899999999999963,27.5,0.8780057896125231
19.999999999999964,27.5,0.8814224594811416
20.099999999999966,27.5,0.8848500043114629
20.199999999999964,27.5,0.8882778995766407
20.29999999999996,27.5,0.8916961403200097
20.399999999999963,27.5,0.8950952679493106
20.499999999999964,27.5,0.8984663925081623
20.599999999999962,27.5,0.9018012103256302
20.69999999999996,27.5,0.9050920169947508
20.79999999999996,27.5,0.9083317156830332
20.899999999999963,27.5,0.9115138208309141
20.99999999999996,27.5,0.9146324573464848
21.09999999999996,27.5,0.91768235545522
21.19999999999996,27.5,0.9206588414107154
21.29999999999996,27.5,0.9235578243154599
21.39999999999996,27.5,0.9263757793385254
21.499999999999957,27.5,0.9291097276489733
21.59999999999996,27.5,0.9317572134091978
21.69999999999996,27.5,0.9343162781910239
21.799999999999958,27.5,0.9367854331889237
21.899999999999956,27.5,0.9391636298467763
21.999999999999957,27.5,0.9414510046217948
22.09999999999996,27.5,0.9436504078736105
22.199999999999957,27.5,0.9457651245134491
22.299999999999955,27.5,0.9477983369302772
22.399999999999956,27.5,0.9497531261391274
22.499999999999957,27.5,0.9516324731291399
22.599999999999955,27.5,0.9534392603866897
22.699999999999953,27.5,0.955176273570737
22.799999999999955,27.5,0.9568462033192475
22.899999999999956,27.5,0.9584516471671622
22.999999999999954,27.5,0.9599951115579548
23.09999999999995,27.5,0.9614790139322917
23.199999999999953,27.5,0.9629056848787134
23.299999999999955,27.5,0.9642773703325804
23.399999999999952,27.5,0.9655962338107735
23.49999999999995,27.5,0.9668643586708121
23.59999999999995,27.5,0.9680837503841513
23.699999999999953,27.5,0.9692563388144455
23.79999999999995,27.5,0.9703839804925272
23.89999999999995,27.5,0.9714684608807345
23.99999999999995,27.5,0.9725114966200537
24.09999999999995,27.5,0.9735147377543036
24.19999999999995,27.5,0.9744797699262988
24.299999999999947,27.5,0.9754081165415767
24.39999999999995,27.5,0.9763012408958789
24.49999999999995,27.5,0.9771605482631142
24.599999999999948,27.5,0.9779873879410474
24.699999999999946,27.5,0.9787830552524046
24.799999999999947,27.5,0.9795487934995095
24.89999999999995,27.5,0.9802857958709417
24.999999999999947,27.5,0.9809952072990489
10.0,28.0,0.7366138304855995
10.1,28.0,0.7412907958212267
10.2,28.0,0.745923333562929
10.299999999999999,28.0,0.7505109012903659
10.399999999999999,28.0,0.755052981471391
10.499999999999998,28.0,0.7595490815369952
10.599999999999998,28.0,0.7639987339334282
10.699999999999998,28.0,0.7684014961516907
10.799999999999997,28.0,0.7727569507346304
10.899999999999997,28.0,0.7770647052618846
10.999999999999996,28.0,0.7813243923129575
11.099999999999996,28.0,0.7855345909573025
11.199999999999996,28.0,0.7896896919467129
11.299999999999995,28.0,0.7937833104829852
11.399999999999995,28.0,0.7978093916443725
11.499999999999995,28.0,0.80176221042243
11.599999999999994,28.0,0.8056363697500406
11.699999999999994,28.0,0.8094267965331501
11.799999999999994,28.0,0.813128735714802
11.899999999999993,28.0,0.816737742414797
11.999999999999993,28.0,0.820249672201472
12.099999999999993,28.0,0.8236606695635109
12.199999999999992,28.0,0.8269671546591882
12.299999999999992,28.0,0.8301658084279014
12.399999999999991,28.0,0.8332535561542
12.499999999999991,28.0,0.836227549577716
12.59999999999999,28.0,0.8390851476434705
12.69999999999999,28.0,0.8418238959859998
12.79999999999999,28.0,0.8444415052376941
12.89999999999999,28.0,0.8469358282467778
12.99999999999999,28.0,0.8493048362836184
13.099999999999989,28.0,0.8515465943056642
13.199999999999989,28.0,0.8536592353414858
13.299999999999988,28.0,0.8556409340432785
13.399999999999988,28.0,0.857489879445007
13.499999999999988,28.0,0.8592042469503148
13.599999999999987,28.0,0.8607821695606261
13.699999999999987,28.0,0.8622217083397244
13.799999999999986,28.0,0.8635208220967755
13.899999999999986,28.0,0.8646773362554535
13.999999999999986,28.0,0.8656889108628565
14.099999999999985,28.0,0.8665530076784468
14.199999999999985,28.0,0.8672668562707001
14.299999999999985,28.0,0.8678274190377431
14.399999999999984,28.0,0.8682313550584323
14.499999999999984,28.0,0.8684749826724366
14.599999999999984,28.0,0.8685549100845593
14.699999999999983,28.0,0.8684758254610041
14.799999999999983,28.0,0.8682478567895191
14.899999999999983,28.0,0.8678809230716429
14.999999999999982,28.0,0.8673846997527197
15.099999999999982,28.0,0.8667686930253459
15.199999999999982,28.0,0.8660423083029631
15.299999999999981,28.0,0.8652149129582587
15.39999999999998,28.0,0.8642958933891978
15.49999999999998,28.0,0.8632947064456022
15.59999999999998,28.0,0.8622209252224405
15.69999999999998,28.0,0.8610842792032105
15.79999999999998,28.0,0.8598946887185801
15.899999999999979,28.0,0.8586622936720538
15.999999999999979,28.0,0.857397476475906
16.09999999999998,28.0,0.8561108791368041
16.199999999999978,28.0,0.8548134144310225
16.299999999999976,28.0,0.8535162711134202
16.399999999999977,28.0,0.8522309131116972
16.49999999999998,28.0,0.8509690726670851
16.599999999999977,28.0,0.849742737393682
16.699999999999974,28.0,0.8485641312402381
16.799999999999976,28.0,0.8474456893494322
16.899999999999977,28.0,0.8464000268197684
16.999999999999975,28.0,0.8454399013834657
17.099999999999973,28.0,0.8445781700196138
17.199999999999974,28.0,0.8438277395251572
17.299999999999976,28.0,0.8432015110669643
17.399999999999974,28.0,0.8427123187367129
17.49999999999997,28.0,0.8423728621273725
17.599999999999973,28.0,0.8421956329468687
17.699999999999974,28.0,0.8421928356828381
17.799999999999972,28.0,0.8423763023344352
17.89999999999997,28.0,0.8427574012357377
17.99999999999997,28.0,0.8433469400137534
18.099999999999973,28.0,0.8441550627562714
18.19999999999997,28.0,0.8451905503660757
18.29999999999997,28.0,0.8464514366571301
18.39999999999997,28.0,0.8479268930292171
18.49999999999997,28.0,0.8496053618683073
18.59999999999997,28.0,0.851474880539332
18.699999999999967,28.0,0.8535231532243484
18.79999999999997,28.0,0.8557376211662835
18.89999999999997,28.0,0.8581055313231617
18.999999999999968,28.0,0.8606140033980002
19.099999999999966,28.0,0.8632500951680377
19.199999999999967,28.0,0.8660008659957688
19.29999999999997,28.0,0.8688534383653119
19.399999999999967,28.0,0.8717950572525947
19.499999999999964,28.0,0.8748131471081424
19.599999999999966,28.0,0.8778953662080592
19.699999999999967,28.0,0.8810296581129767
19.799999999999965,28.0,0.8842042999669577
19.899999999999963,28.0,0.8874079473688709
19.999999999999964,28.0,0.8906296755576999
20.099999999999966,28.0,0.893859016670374
20.199999999999964,28.0,0.8970859928555677
20.29999999999996,28.0,0.9003011450588082
20.399999999999963,28.0,0.903495557332269
20.499999999999964,28.0,0.9066608765657496
20.599999999999962,28.0,0.9097893275823461
20.69999999999996,28.0,0.9128737235919402
20.79999999999996,28.0,0.9159074720464985
20.899999999999963,28.0,0.918884575992007
20.99999999999996,28.0,0.9217996310613036
21.09999999999996,28.0,0.9246478182989244
21.19999999999996,28.0,0.9274248930522393
21.29999999999996,28.0,0.9301271702016256
21.39999999999996,28.0,0.9327515060354306
21.499999999999957,28.0,0.9352952771023871
21.59999999999996,28.0,0.9377563563945125
21.69999999999996,28.0,0.9401330872271594
21.799999999999958,28.0,0.9424242551897071
21.899999999999956,28.0,0.9446290587605879
21.999999999999957,28.0,0.9467477968217163
22.09999999999996,28.0,0.9487832779876194
22.199999999999957,28.0,0.9507387029816767
22.299999999999955,28.0,0.9526171670817509
22.399999999999956,28.0,0.9544216617463911
22.499999999999957,28.0,0.956155076405813
22.599999999999955,28.0,0.9578202003945251
22.699999999999953,28.0,0.9594197250042759
22.799999999999955,28.0,0.9609562456377031
22.899999999999956,28.0,0.9624322640447083
22.999999999999954,28.0,0.9638501906251101
23.09999999999995,28.0,0.9652123467826008
23.199999999999953,28.0,0.966520967316395
23.299999999999955,28.0,0.9677782028382529
23.399999999999952,28.0,0.968986122203769
23.49999999999995,28.0,0.9701467149479474
23.59999999999995,28.0,0.9712618937161276
23.699999999999953,28.0,0.9723334966823184
23.79999999999995,28.0,0.9733632899478863
23.89999999999995,28.0,0.9743529699143972
23.99999999999995,28.0,0.9753041656251744
24.09999999999995,28.0,0.9762184410708555
24.19999999999995,28.0,0.9770972974548773
24.299999999999947,28.0,0.9779421754154239
24.39999999999995,28.0,0.9787544572009137
24.49999999999995,28.0,0.9795354687966051
24.599999999999948,28.0,0.9802864820003512
24.699999999999946,28.0,0.981008716445944
24.799999999999947,28.0,0.9817033415728604
24.89999999999995,28.0,0.9823714785415565
24.999999999999947,28.0,0.9830142020937556
10.0,28.5,0.7493839939190544
10.1,28.5,0.7539373362476767
10.2,28.5,0.7584448175870336
10.299999999999999,28.5,0.7629059642119911
10.399999999999999,28.5,0.7673203274369849
10.499999999999998,28.5,0.7716874836286155
10.599999999999998,28.5,0.7760070341960279
10.699999999999998,28.5,0.7802786055593528
10.799999999999997,28.5,0.7845018490965083
10.899999999999997,28.5,0.7886764410686846
10.999999999999996,28.5,0.7928020825248643
11.099999999999996,28.5,0.7968774555698326
11.199999999999996,28.5,0.8008971944748345
11.299999999999995,28.5,0.8048551959790421
11.399999999999995,28.5,0.8087456891990281
11.499999999999995,28.5,0.812563234584045
11.599999999999994,28.5,0.8163027208951674
11.699999999999994,28.5,0.819959360233074
11.799999999999994,28.5,0.823528681154343
11.899999999999993,28.5,0.827006519929791
11.999999999999993,28.5,0.8303890100103937
12.099999999999993,28.5,0.8336725697764964
12.199999999999992,28.5,0.8368538886542344
12.299999999999992,28.5,0.8399299116892238
12.399999999999991,28.5,0.8428978226716268
12.499999999999991,28.5,0.8457550259086001
12.59999999999999,28.5,0.84849912673995
12.69999999999999,28.5,0.8511279108905807
12.79999999999999,28.5,0.8536393227491358
12.89999999999999,28.5,0.8560314426562046
12.99999999999999,28.5,0.8583024632777326
13.099999999999989,28.5,0.8604506651300001
13.199999999999989,28.5,0.8624743913118752
13.299999999999988,28.5,0.8643720214881991
13.399999999999988,28.5,0.8661419451553138
13.499999999999988,28.5,0.8677825342060683
13.599999999999987,28.5,0.869292114797386
13.699999999999987,28.5,0.8706689385087899
13.799999999999986,28.5,0.8719111527654324
13.899999999999986,28.5,0.8730167704843276
13.999999999999986,28.5,0.8739836388879078
14.099999999999985,28.5,0.8748094074149289
14.199999999999985,28.5,0.8754914946454105
14.299999999999985,28.5,0.87602705414401
14.399999999999984,28.5,0.8764129391152992
14.499999999999984,28.5,0.876645665755245
14.599999999999984,28.5,0.8767220146027412
14.699999999999983,28.5,0.8766464708157335
14.799999999999983,28.5,0.8764287028134817
14.899999999999983,28.5,0.8760781688303321
14.999999999999982,28.5,0.8756040863911722
15.099999999999982,28.5,0.8750155055654959
15.199999999999982,28.5,0.8743213764649236
15.299999999999981,28.5,0.8735306111002726
15.39999999999998,28.5,0.8726521396768281
15.49999999999998,28.5,0.8716949613715219
15.59999999999998,28.5,0.87066818960438
15.69999999999998,28.5,0.8695810917896385
15.79999999999998,28.5,0.8684431235298862
15.899999999999979,28.5,0.8672639571997265
15.999999999999979,28.5,0.8660535048538298
16.09999999999998,28.5,0.8648219353876884
16.199999999999978,28.5,0.8635796858775835
16.299999999999976,28.5,0.8623374670286855
16.399999999999977,28.5,0.8611062626662435
16.49999999999998,28.5,0.8598973232136953
16.599999999999977,28.5,0.8587221531124565
16.699999999999974,28.5,0.8575924921502782
16.799999999999976,28.5,0.8565202906775582
16.899999999999977,28.5,0.8555176787030805
16.999999999999975,28.5,0.8545969288717059
17.099999999999973,28.5,0.8537704133360078
17.199999999999974,28.5,0.8530505545415368
17.299999999999976,28.5,0.8524497699512561
17.399999999999974,28.5,0.8519804107391201
17.49999999999997,28.5,0.851654694486457
17.599999999999973,28.5,0.8514846319189693
17.699999999999974,28.5,0.8514819477283802
17.799999999999972,28.5,0.8516579955332041
17.89999999999997,28.5,0.8520236670504341
17.99999999999997,28.5,0.8525892955773211
18.099999999999973,28.5,0.8533645539235604
18.19999999999997,28.5,0.854357780019223
18.29999999999997,28.5,0.8555669760416054
18.39999999999997,28.5,0.8569816242248999
18.49999999999997,28.5,0.8585904940387362
18.59999999999997,28.5,0.8603819568254458
18.699999999999967,28.5,0.8623440584612688
18.79999999999997,28.5,0.8644645903502542
18.89999999999997,28.5,0.8667311587142656
18.999999999999968,28.5,0.8691312521089003
19.099999999999966,28.5,0.8716523070598615
19.199999999999967,28.5,0.8742817716794478
19.29999999999997,28.5,0.8770071670901983
19.399999999999967,28.5,0.8798161464539718
19.499999999999964,28.5,0.8826965513811613
19.599999999999966,28.5,0.8856364654774986
19.699999999999967,28.5,0.8886242647757201
19.799999999999965,28.5,0.891648664796857
19.899999999999963,28.5,0.8946987639912601
19.999999999999964,28.5,0.8977640833227014
20.099999999999966,28.5,0.9008346017797116
20.199999999999964,28.5,0.903900787626191
20.29999999999996,28.5,0.9069536252375379
20.399999999999963,28.5,0.909984637408143
20.499999999999964,28.5,0.9129859030600316
20.599999999999962,28.5,0.9159500703294866
20.69999999999996,28.5,0.9188703650574132
20.79999999999996,28.5,0.9217405947586961
20.899999999999963,28.5,0.9245551481945897
20.99999999999996,28.5,0.9273089907190237
21.09999999999996,28.5,0.9299976556134832
21.19999999999996,28.5,0.9326172316647887
21.29999999999996,28.5,0.9351643472748308
21.39999999999996,28.5,0.9376361514203647
21.499999999999957,28.5,0.9400302918038692
21.59999999999996,28.5,0.9423448905528595
21.69999999999996,28.5,0.9445785178348272
21.799999999999958,28.5,0.9467301637581613
21.899999999999956,28.5,0.9487992091326538
21.999999999999957,28.5,0.9507860683911595
22.09999999999996,28.5,0.9526935059858446
22.199999999999957,28.5,0.9545246457894978
22.299999999999955,28.5,0.9562825044881509
22.399999999999956,28.5,0.9579699935673803
22.499999999999957,28.5,0.9595899214350858
22.599999999999955,28.5,0.9611449956589877
22.699999999999953,28.5,0.9626378252988794
22.799999999999955,28.5,0.9640709233153761
22.899999999999956,28.5,0.9654467090385177
22.999999999999954,28.5,0.9667675106811001
23.09999999999995,28.5,0.9680355678830376
23.199999999999953,28.5,0.969253034274399
23.299999999999955,28.5,0.9704219800460103
23.399999999999952,28.5,0.9715443945176838
23.49999999999995,28.5,0.9726221886952175
23.59999999999995,28.5,0.9736571978083159
23.699999999999953,28.5,0.9746511838225109
23.79999999999995,28.5,0.9756058379190253
23.89999999999995,28.5,0.976522782937306
23.99999999999995,28.5,0.9774035757756862
24.09999999999995,28.5,0.978249709746295
24.19999999999995,28.5,0.9790626168809459
24.299999999999947,28.5,0.9798436701852833
24.39999999999995,28.5,0.9805941858389753
24.49999999999995,28.5,0.9813154253401909
24.599999999999948,28.5,0.9820085975930156
24.699999999999946,28.5,0.9826748609368271
24.799999999999947,28.5,0.9833153251169862
24.89999999999995,28.5,0.9839310531964964
24.999999999999947,28.5,0.9845230634085462
10.0,29.0,0.7588969042846281
10.1,29.0,0.763353351985231
10.2,29.0,0.7677629724196409
10.299999999999999,29.0,0.772125344481202
10.399999999999999,29.0,0.7764400721036109
10.499999999999998,29.0,0.7807067842271598
10.599999999999998,29.0,0.7849251347433732
10.699999999999998,29.0,0.7890948024183615
10.799999999999997,29.0,0.7932154907952474
10.899999999999997,29.0,0.7972869280760372
10.999999999999996,29.0,0.8013088669833391
11.099999999999996,29.0,0.8052800678848515
11.199999999999996,29.0,0.8091953514231698
11.299999999999995,29.0,0.8130488292418292
11.399999999999995,29.0,0.8168349464342008
11.499999999999995,29.0,0.8205484797014102
11.599999999999994,29.0,0.824184533564236
11.699999999999994,29.0,0.8277385346626323
11.799999999999994,29.0,0.8312062241908519
11.899999999999993,29.0,0.8345836485289531
11.999999999999993,29.0,0.837867148142555
12.099999999999993,29.0,0.8410533448319355
12.199999999999992,29.0,0.8441391274187854
12.299999999999992,29.0,0.8471216359640943
12.399999999999991,29.0,0.8499982446137053
12.499999999999991,29.0,0.8527665431690266
12.59999999999999,29.0,0.8554243174792818
12.69999999999999,29.0,0.8579695287485835
12.79999999999999,29.0,0.860400291846099
12.89999999999999,29.0,0.8627148527008124
12.99999999999999,29.0,0.8649115648539595
13.099999999999989,29.0,0.8669888652323229
13.199999999999989,29.0,0.8689452491943641
13.299999999999988,29.0,0.8707792448888341
13.399999999999988,29.0,0.8724893869522098
13.499999999999988,29.0,0.8740741895572596
13.599999999999987,29.0,0.8755321188104108
13.699999999999987,29.0,0.8768615644805899
13.799999999999986,29.0,0.8780608110270158
13.899999999999986,29.0,0.8791280078782449
13.999999999999986,29.0,0.8800611388998026
14.099999999999985,29.0,0.8808579909732227
14.199999999999985,29.0,0.8815161215954521
14.299999999999985,29.0,0.8820328253946845
14.399999999999984,29.0,0.8824050994470028
14.499999999999984,29.0,0.8826296072681243
14.599999999999984,29.0,0.8827032581741405
14.699999999999983,29.0,0.8826303838844376
14.799999999999983,29.0,0.8824203066848986
14.899999999999983,29.0,0.8820821383645067
14.999999999999982,29.0,0.8816247525977827
15.099999999999982,29.0,0.8810568572764093
15.199999999999982,29.0,0.8803870611501032
15.299999999999981,29.0,0.879623934908099
15.39999999999998,29.0,0.8787760667911928
15.49999999999998,29.0,0.877852112785804
15.59999999999998,29.0,0.8768608414169123
15.69999999999998,29.0,0.8758111731268131
15.79999999999998,29.0,0.8747122142018671
15.899999999999979,29.0,0.8735732851900896
15.999999999999979,29.0,0.8724039437385603
16.09999999999998,29.0,0.8712140017711125
16.199999999999978,29.0,0.8700135369232638
16.299999999999976,29.0,0.8688128981524175
16.399999999999977,29.0,0.867622705446384
16.49999999999998,29.0,0.8664538435615661
16.599999999999977,29.0,0.865317449732933
16.699999999999974,29.0,0.8642248953103843
16.799999999999976,29.0,0.8631877612894648
16.899999999999977,29.0,0.8622178077179192
16.999999999999975,29.0,0.8613269369726089
17.099999999999973,29.0,0.8605271509133983
17.199999999999974,29.0,0.8598305019314864
17.299999999999976,29.0,0.8592490379192999
17.399999999999974,29.0,0.858794741197841
17.49999999999997,29.0,0.8584794614459592
17.599999999999973,29.0,0.8583148426855213
17.699999999999974,29.0,0.8583122443884684
17.799999999999972,29.0,0.8584826567883138
17.89999999999997,29.0,0.8588366105022956
17.99999999999997,29.0,0.859384080604225
18.099999999999973,29.0,0.8601343853355721
18.19999999999997,29.0,0.8610955310818823
18.29999999999997,29.0,0.8622655022756802
18.39999999999997,29.0,0.8636340245109033
18.49999999999997,29.0,0.865190123798085
18.59999999999997,29.0,0.8669224339112234
18.699999999999967,29.0,0.8688192694889454
18.79999999999997,29.0,0.8708686974170112
18.89999999999997,29.0,0.8730586064252708
18.999999999999968,29.0,0.8753767748032362
19.099999999999966,29.0,0.8778109361079076
19.199999999999967,29.0,0.8803488427074162
19.29999999999997,29.0,0.8829783269762117
19.399999999999967,29.0,0.8856873599334857
19.499999999999964,29.0,0.8884641070975554
19.599999999999966,29.0,0.8912969813160996
19.699999999999967,29.0,0.8941746923261373
19.799999999999965,29.0,0.897086292798982
19.899999999999963,29.0,0.9000212206342569
19.999999999999964,29.0,0.9029693372833424
20.099999999999966,29.0,0.9059209619060351
20.199999999999964,29.0,0.9088669011941433
20.29999999999996,29.0,0.9117984747314695
20.399999999999963,29.0,0.9147075358001863
20.499999999999964,29.0,0.9175864875879194
20.599999999999962,29.0,0.9204282947967175
20.69999999999996,29.0,0.923226490703286
20.79999999999996,29.0,0.92597517976811
20.899999999999963,29.0,0.928669035938184
20.99999999999996,29.0,0.931303296832817
21.09999999999996,29.0,0.9338737540433084
21.19999999999996,29.0,0.9363767398142911
21.29999999999996,29.0,0.9388091104063724
21.39999999999996,29.0,0.9411682264658048
21.499999999999957,29.0,0.9434519307468138
21.59999999999996,29.0,0.9456585235456756
21.69999999999996,29.0,0.947786736212608
21.799999999999958,29.0,0.9498357031081093
21.899999999999956,29.0,0.9518049325612483
21.999999999999957,29.0,0.9536949171383853
22.09999999999996,29.0,0.9555083820985606
22.199999999999957,29.0,0.9572483884179319
22.299999999999955,29.0,0.9589178889374479
22.399999999999956,29.0,0.9605197306043098
22.499999999999957,29.0,0.9620566568286588
22.599999999999955,29.0,0.9635313099348339
22.699999999999953,29.0,0.9649462336883416
22.799999999999955,29.0,0.9663038758813568
22.899999999999956,29.0,0.9676065909611747
22.999999999999954,29.0,0.9688566426875203
23.09999999999995,29.0,0.9700562068060217
23.199999999999953,29.0,0.9712073737264619
23.299999999999955,29.0,0.9723121511956369
23.399999999999952,29.0,0.9733724669557748
23.49999999999995,29.0,0.9743901713805277
23.59999999999995,29.0,0.9753670400815003
23.699999999999953,29.0,0.9763047764791816
23.79999999999995,29.0,0.977205014332964
23.89999999999995,29.0,0.9780693202256809
23.99999999999995,29.0,0.9788991959987854
24.09999999999995,29.0,0.9796960811349198
24.19999999999995,29.0,0.9804613550851967
24.299999999999947,29.0,0.9811963395390266
24.39999999999995,29.0,0.9819023006347992
24.49999999999995,29.0,0.9825804511101444
24.599999999999948,29.0,0.9832319523908839
24.699999999999946,29.0,0.9838579166181138
24.799999999999947,29.0,0.9844594086131733
24.89999999999995,29.0,0.9850374477805137
24.999999999999947,29.0,0.9855930099487276
10.0,29.5,0.76515128878591
10.1,29.5,0.7695417547796198
10.2,29.5,0.7738848084026523
10.299999999999999,29.5,0.7781800637577861
10.399999999999999,29.5,0.7824271599344832
10.499999999999998,29.5,0.7866257609448314
10.599999999999998,29.5,0.7907755556383516
10.699999999999998,29.5,0.7948762575960202
10.799999999999997,29.5,0.7989276050039023
10.899999999999997,29.5,0.8029293605067954
10.999999999999996,29.5,0.806881311042319
11.099999999999996,29.5,0.810782269067957
11.199999999999996,29.5,0.8146271800107148
11.299999999999995,29.5,0.8184102991470741
11.399999999999995,29.5,0.8221262155274803
11.499999999999995,29.5,0.8257698496152921
11.599999999999994,29.5,0.8293364490022175
11.699999999999994,29.5,0.8328215822395855
11.799999999999994,29.5,0.8362211308385976
11.899999999999993,29.5,0.8395312795049189
11.999999999999993,29.5,0.8427485046834438
12.099999999999993,29.5,0.845869561497648
12.199999999999992,29.5,0.8488914691745078
12.299999999999992,29.5,0.85181149505048
12.399999999999991,29.5,0.8546271372564508
12.499999999999991,29.5,0.8573361061798928
12.59999999999999,29.5,0.8599363048007731
12.69999999999999,29.5,0.8624258079940923
12.79999999999999,29.5,0.8648028408864112
12.89999999999999,29.5,0.8670657563464753
12.99999999999999,29.5,0.8692130116811987
13.099999999999989,29.5,0.8712431445979996
13.199999999999989,29.5,0.8731547484829311
13.299999999999988,29.5,0.8749464470314258
13.399999999999988,29.5,0.8766168682549229
13.499999999999988,29.5,0.8781646178723777
13.599999999999987,29.5,0.8795882520808191
13.699999999999987,29.5,0.88088624968394
13.799999999999986,29.5,0.8820569835423164
13.899999999999986,29.5,0.8830986912934884
13.999999999999986,29.5,0.8840094452749534
14.099999999999985,29.5,0.8847871215683477
14.199999999999985,29.5,0.8854293680689344
14.299999999999985,29.5,0.8859335714712346
14.399999999999984,29.5,0.8862968230494913
14.499999999999984,29.5,0.8865158831009908
14.599999999999984,29.5,0.8865877457603482
14.699999999999983,29.5,0.8865166408638134
14.799999999999983,29.5,0.8863116614341223
14.899999999999983,29.5,0.8859816900672484
14.999999999999982,29.5,0.8855353731748501
15.099999999999982,29.5,0.8849811926431586
15.199999999999982,29.5,0.8843275318496533
15.299999999999981,29.5,0.8835827361785582
15.39999999999998,29.5,0.8827551681323008
15.49999999999998,29.5,0.8818532570953278
15.59999999999998,29.5,0.8808855437700301
15.69999999999998,29.5,0.8798607192727524
15.79999999999998,29.5,0.8787876588513662
15.899999999999979,29.5,0.8776754501649883
15.999999999999979,29.5,0.8765334160511293
16.09999999999998,29.5,0.8753711316957768
16.199999999999978,29.5,0.8741984361173243
16.299999999999976,29.5,0.8730254378754381
16.399999999999977,29.5,0.871862514920318
16.49999999999998,29.5,0.8707203085057007
16.599999999999977,29.5,0.8696097110996139
16.699999999999974,29.5,0.8685418482395698
16.799999999999976,29.5,0.8675280542927919
16.899999999999977,29.5,0.8665798420964809
16.999999999999975,29.5,0.8657088664674564
17.099999999999973,29.5,0.8649268815842501
17.199999999999974,29.5,0.8642456922576505
17.299999999999976,29.5,0.8636770991177934
17.399999999999974,29.5,0.8632328377574703
17.49999999999997,29.5,0.8629245118830707
17.599999999999973,29.5,0.8627635205375603
17.699999999999974,29.5,0.8627609794756536
17.799999999999972,29.5,0.8629276367918521
17.89999999999997,29.5,0.8632737829297845
17.99999999999997,29.5,0.8638091552392193
18.099999999999973,29.5,0.8645428372986836
18.19999999999997,29.5,0.8654826168841652
18.29999999999997,29.5,0.8666264695437201
18.39999999999997,29.5,0.8679642864180583
18.49999999999997,29.5,0.8694852682365105
18.59999999999997,29.5,0.8711782277190716
18.699999999999967,29.5,0.8730316628831903
18.79999999999997,29.5,0.8750338285996471
18.89999999999997,29.5,0.8771728063110538
18.999999999999968,29.5,0.8794365718006494
19.099999999999966,29.5,0.8818130608717046
19.199999999999967,29.5,0.8842902327709586
19.29999999999997,29.5,0.8868561311648578
19.399999999999967,29.5,0.8894989424564518
19.499999999999964,29.5,0.8922070512148748
19.599999999999966,29.5,0.8949690924794027
19.699999999999967,29.5,0.8977740006967991
19.799999999999965,29.5,0.9006110550545068
19.899999999999963,29.5,0.9034699209833343
19.999999999999964,29.5,0.9063406876215236
20.099999999999966,29.5,0.9092139010571103
20.199999999999964,29.5,0.9120805931967033
20.29999999999996,29.5,0.9149323061454359
20.399999999999963,29.5,0.9177611120239162
20.499999999999964,29.5,0.9205596281924531
20.599999999999962,29.5,0.9233210278994766
20.69999999999996,29.5,0.9260390464186742
20.79999999999996,29.5,0.9287079827867232
20.899999999999963,29.5,0.931322697299375
20.99999999999996,29.5,0.933878604966953
21.09999999999996,29.5,0.9363716651700014
21.19999999999996,29.5,0.9387983677910011
21.29999999999996,29.5,0.9411557161279996
21.39999999999996,29.5,0.9434412069201391
21.499999999999957,29.5,0.9456528078330002
21.59999999999996,29.5,0.94778893276325
21.69999999999996,29.5,0.9498484153272332
21.799999999999958,29.5,0.9518304808970605
21.899999999999956,29.5,0.9537347177305947
21.999999999999957,29.5,0.9555616660416736
22.09999999999996,29.5,0.9573140223975785
22.199999999999957,29.5,0.9589948038092175
22.299999999999955,29.5,0.9606069186952017
22.399999999999956,29.5,0.962153169284427
22.499999999999957,29.5,0.9636362541198693
22.599999999999955,29.5,0.9650587706437062
22.699999999999953,29.5,0.966423217845663
22.799999999999955,29.5,0.9677319989581513
22.899999999999956,29.5,0.9689874241833376
22.999999999999954,29.5,0.9701917134387559
23.09999999999995,29.5,0.9713469991094478
23.199999999999953,29.5,0.9724553287959015
23.299999999999955,29.5,0.9735186680482413
23.399999999999952,29.5,0.9745389030782331
23.49999999999995,29.5,0.9755178434416794
23.59999999999995,29.5,0.9764572246847256
23.699999999999953,29.5,0.9773587109484567
23.79999999999995,29.5,0.9782238975269606
23.89999999999995,29.5,0.9790543133747529
23.99999999999995,29.5,0.9798514235601274
24.09999999999995,29.5,0.9806166316615896
24.19999999999995,29.5,0.9813512821050793
24.299999999999947,29.5,0.9820566624401843
24.39999999999995,29.5,0.9827340055539866
24.49999999999995,29.5,0.9833844918215853
24.599999999999948,29.5,0.9840092511926974
24.699999999999946,29.5,0.9846093652140583
24.799999999999947,29.5,0.9851858689876192
24.89999999999995,29.5,0.9857397530648018
24.999999999999947,29.5,0.9862719652772791
10.0,30.0,0.7680988840224372
10.1,30.0,0.7724576193675683
10.2,30.0,0.7767686809597877
10.299999999999999,30.0,0.7810316996533253
10.399999999999999,30.0,0.7852463312485187
10.499999999999998,30.0,0.7894122564135524
10.599999999999998,30.0,0.7935291805852933
10.699999999999998,30.0,0.7975968338496056
10.799999999999997,30.0,0.8016149708015412
10.899999999999997,30.0,0.8055833703858295
10.999999999999996,30.0,0.8095018357181099
11.099999999999996,30.0,0.813369203966703
11.199999999999996,30.0,0.8171804799760314
11.299999999999995,30.0,0.8209299873457817
11.399999999999995,30.0,0.8246123834951076
11.499999999999995,30.0,0.8282226570587106
11.599999999999994,30.0,0.8317561233707645
11.699999999999994,30.0,0.8352084180786801
11.799999999999994,30.0,0.8385754889422431
11.899999999999993,30.0,0.8418535858855933
11.999999999999993,30.0,0.8450392493796872
12.099999999999993,30.0,0.8481292972411568
12.199999999999992,30.0,0.851120809939745
12.299999999999992,30.0,0.854011114510691
12.399999999999991,30.0,0.8567977671705587
12.499999999999991,30.0,0.8594785347350409
12.59999999999999,30.0,0.8620513749352948
12.69999999999999,30.0,0.8645144157254494
12.79999999999999,30.0,0.8668659336681541
12.89999999999999,30.0,0.8691043314775879
12.99999999999999,30.0,0.8712281147902929
13.099999999999989,30.0,0.8732358682237603
13.199999999999989,30.0,0.8751262307710035
13.299999999999988,30.0,0.8768978705665882
13.399999999999988,30.0,0.8785494590459384
13.499999999999988,30.0,0.8800796445053618
13.599999999999987,30.0,0.881487025055328
13.699999999999987,30.0,0.8827701209442617
13.799999999999986,30.0,0.8839273462146571
13.899999999999986,30.0,0.8849569796378673
13.999999999999986,30.0,0.8858571348586484
14.099999999999985,30.0,0.8866257296656523
14.199999999999985,30.0,0.887260454289775
14.299999999999985,30.0,0.8877587386188
14.399999999999984,30.0,0.8881177182044359
14.499999999999984,30.0,0.8883341989269032
14.599999999999984,30.0,0.888405214930207
14.699999999999983,30.0,0.8883349477633857
14.799999999999983,30.0,0.8881323819475264
14.899999999999983,30.0,0.887806291686654
14.999999999999982,30.0,0.8873652159723777
15.099999999999982,30.0,0.8868175299073535
15.199999999999982,30.0,0.8861715104108745
15.299999999999981,30.0,0.8854353964520776
15.39999999999998,30.0,0.8846174439112267
15.49999999999998,30.0,0.8837259751277451
15.59999999999998,30.0,0.8827694231561034
15.69999999999998,30.0,0.8817563707180177
15.79999999999998,30.0,0.8806955838121413
15.899999999999979,30.0,0.8795960399207963
15.999999999999979,30.0,0.878466950737343
16.09999999999998,30.0,0.8773177793274168
16.199999999999978,30.0,0.8761582516321514
16.299999999999976,30.0,0.8749983622212882
16.399999999999977,30.0,0.8738483742081083
16.49999999999998,30.0,0.8727188132458324
16.599999999999977,30.0,0.8716204555357321
16.699999999999974,30.0,0.8705643097899631
16.799999999999976,30.0,0.8695615931062746
16.899999999999977,30.0,0.8686237007265871
16.999999999999975,30.0,0.8677621696663406
17.099999999999973,30.0,0.8669886362160367
17.199999999999974,30.0,0.8663147873302723
17.299999999999976,30.0,0.8657523059328003
17.399999999999974,30.0,0.8653128101790384
17.49999999999997,30.0,0.8650077867306731
17.599999999999973,30.0,0.8648485181116081
17.699999999999974,30.0,0.8648460042320147
17.799999999999972,30.0,0.8650108781895985
17.89999999999997,30.0,0.8653533164868538
17.99999999999997,30.0,0.8658829438429363
18.099999999999973,30.0,0.8666087328322065
18.19999999999997,30.0,0.8675383680469524
18.29999999999997,30.0,0.8686698216270983
18.39999999999997,30.0,0.8699930642689451
18.49999999999997,30.0,0.8714973807201627
18.59999999999997,30.0,0.873171669809265
18.699999999999967,30.0,0.8750045178257255
18.79999999999997,30.0,0.876984270134427
18.89999999999997,30.0,0.8790991009288516
18.999999999999968,30.0,0.8813370810030278
19.099999999999966,30.0,0.88368624339639
19.199999999999967,30.0,0.8861346467403255
19.29999999999997,30.0,0.8886704361120312
19.399999999999967,30.0,0.8912819011818722
19.499999999999964,30.0,0.8939575314259354
19.599999999999966,30.0,0.8966860681668891
19.699999999999967,30.0,0.8994565532042691
19.799999999999965,30.0,0.9022583738003158
19.899999999999963,30.0,0.9050813037996179
19.999999999999964,30.0,0.90791554067996
20.099999999999966,30.0,0.9107517383575314
20.199999999999964,30.0,0.9135810356014419
20.29999999999996,30.0,0.9163950799495133
20.399999999999963,30.0,0.9191860470586056
20.499999999999964,30.0,0.9219466554672221
20.599999999999962,30.0,0.9246701767946441
20.69999999999996,30.0,0.9273504414481492
20.79999999999996,30.0,0.9299818399567638
20.899999999999963,30.0,0.9325593200953016
20.99999999999996,30.0,0.9350783800050286
21.09999999999996,30.0,0.9375350575561854
21.19999999999996,30.0,0.9399259162319042
21.29999999999996,30.0,0.9422480278420919
21.39999999999996,30.0,0.9444989523990464
21.499999999999957,30.0,0.946676715503608
21.59999999999996,30.0,0.9487797836013048
21.69999999999996,30.0,0.950807037472283
21.799999999999958,30.0,0.9527577443169417
21.899999999999956,30.0,0.9546315289783045
21.999999999999957,30.0,0.9564289530970425
22.09999999999996,30.0,0.9581526989152069
22.199999999999957,30.0,0.95980576200754
22.299999999999955,30.0,0.9613910291876431
22.399999999999956,30.0,0.9629112809845666
22.499999999999957,30.0,0.9643691942140001
22.599999999999955,30.0,0.9657673446245618
22.699999999999953,30.0,0.9671082096014396
22.799999999999955,30.0,0.9683941709113203
22.899999999999956,30.0,0.9696275174740872
22.999999999999954,30.0,0.9708104481482387
23.09999999999995,30.0,0.9719450745183399
23.199999999999953,30.0,0.9730334236740843
23.299999999999955,30.0,0.9740774409717254
23.399999999999952,30.0,0.9750789927697218
23.49999999999995,30.0,0.9760398691314495
23.59999999999995,30.0,0.9769617864887545
23.699999999999953,30.0,0.9778463902609776
23.79999999999995,30.0,0.9786952574248522
23.89999999999995,30.0,0.979509899031398
23.99999999999995,30.0,0.9802917626665699
24.09999999999995,30.0,0.9810422348530229
24.19999999999995,30.0,0.9817626433908737
24.299999999999947,30.0,0.9824542596358334
24.39999999999995,30.0,0.9831183007135116
24.49999999999995,30.0,0.9837559316690789
24.599999999999948,30.0,0.9843682675518356
24.699999999999946,30.0,0.9849563754345223
24.799999999999947,30.0,0.9855212763675009
24.89999999999995,30.0,0.986063947268166
24.999999999999947,30.0,0.9865853227461598
10.0,30.5,0.767625545606043
10.1,30.5,0.7719894039724234
10.2,30.5,0.7763056299276905
10.299999999999999,30.5,0.7805738516294751
10.399999999999999,30.5,0.7847937221886991
10.499999999999998,30.5,0.7889649195935917
10.599999999999998,30.5,0.7930871466127638
10.699999999999998,30.5,0.7971601306777192
10.799999999999997,30.5,0.8011836237451976
10.899999999999997,30.5,0.8051574021397695
10.999999999999996,30.5,0.8090812663771256
11.099999999999996,30.5,0.8129540496506941
11.199999999999996,30.5,0.8167707472373318
11.299999999999995,30.5,0.8205256717380809
11.399999999999995,30.5,0.8242134695708248
11.499999999999995,30.5,0.8278291184052919
11.599999999999994,30.5,0.8313679226840442
11.699999999999994,30.5,0.8348255072710276
11.799999999999994,30.5,0.8381978092828348
11.899999999999993,30.5,0.8414810681698122
11.999999999999993,30.5,0.8446718141243632
12.099999999999993,30.5,0.847766854902128
12.199999999999992,30.5,0.8507632611480234
12.299999999999992,30.5,0.8536583503233836
12.399999999999991,30.5,0.8564496693325998
12.499999999999991,30.5,0.8591349759477493
12.59999999999999,30.5,0.8617122191277709
12.69999999999999,30.5,0.8641795183248608
12.79999999999999,30.5,0.8665351418650528
12.89999999999999,30.5,0.8687774844824989
12.99999999999999,30.5,0.8709050440779722
13.099999999999989,30.5,0.8729163977616855
13.199999999999989,30.5,0.8748101772288579
13.299999999999988,30.5,0.8765850435037147
13.399999999999988,30.5,0.8782396610739762
13.499999999999988,30.5,0.8797726714235233
13.599999999999987,30.5,0.881182665956038
13.699999999999987,30.5,0.882468158287156
13.799999999999986,30.5,0.8836275558672246
13.899999999999986,30.5,0.8846591308813176
13.999999999999986,30.5,0.8855609903579014
14.099999999999985,30.5,0.8863310454026795
14.199999999999985,30.5,0.8869669794598751
14.299999999999985,30.5,0.8874662154897694
14.399999999999984,30.5,0.8878258819390102
14.499999999999984,30.5,0.8880427773693021
14.599999999999984,30.5,0.8881139294983409
14.699999999999983,30.5,0.8880435276409674
14.799999999999983,30.5,0.8878405737612941
14.899999999999983,30.5,0.8875138594854264
14.999999999999982,30.5,0.8870719410682806
15.099999999999982,30.5,0.8865232107717081
15.199999999999982,30.5,0.8858759626207735
15.299999999999981,30.5,0.885138452682966
15.39999999999998,30.5,0.8843189539702768
15.49999999999998,30.5,0.8834258060224454
15.59999999999998,30.5,0.8824674591922723
15.69999999999998,30.5,0.8814525136213673
15.79999999999998,30.5,0.8803897528675713
15.899999999999979,30.5,0.8792881721237543
15.999999999999979,30.5,0.8781570009518667
16.09999999999998,30.5,0.8770057204458218
16.199999999999978,30.5,0.8758440747317904
16.299999999999976,30.5,0.8746820767143021
16.399999999999977,30.5,0.8735300079806632
16.49999999999998,30.5,0.8723984127839202
16.599999999999977,30.5,0.8712980860352206
16.699999999999974,30.5,0.8702400552491651
16.799999999999976,30.5,0.8692355563998595
16.899999999999977,30.5,0.8682960036601381
16.999999999999975,30.5,0.8674329530112551
17.099999999999973,30.5,0.8666580597247255
17.199999999999974,30.5,0.8659830297317346
17.299999999999976,30.5,0.8654195649085734
17.399999999999974,30.5,0.8649793023192487
17.49999999999997,30.5,0.8646737474693929
17.599999999999973,30.5,0.8645142016399495
17.699999999999974,30.5,0.8645116833863358
17.799999999999972,30.5,0.864676844310845
17.89999999999997,30.5,0.8650198792454064
17.99999999999997,30.5,0.8655504310213702
18.099999999999973,30.5,0.866277490056115
18.19999999999997,30.5,0.8672087575180432
18.29999999999997,30.5,0.8683422060604524
18.39999999999997,30.5,0.869667793537704
18.49999999999997,30.5,0.8711747911328094
18.59999999999997,30.5,0.8728520837697324
18.699999999999967,30.5,0.8746882434827603
18.79999999999997,30.5,0.8766716010225573
18.89999999999997,30.5,0.8787903156047698
18.999999999999968,30.5,0.881032442682426
19.099999999999966,30.5,0.8833859995972622
19.199999999999967,30.5,0.8858390289394988
19.29999999999997,30.5,0.8883796594221857
19.399999999999967,30.5,0.890996164056566
19.499999999999964,30.5,0.893677015400189
19.599999999999966,30.5,0.8964109376406935
19.699999999999967,30.5,0.8991869552759915
19.799999999999965,30.5,0.9019944381563965
19.899999999999963,30.5,0.9048231426662138
19.999999999999964,30.5,0.9076632488412933
20.099999999999966,30.5,0.9105053932447039
20.199999999999964,30.5,0.9133406974543749
20.29999999999996,30.5,0.9161607920535179
20.399999999999963,30.5,0.9189578360558894
20.499999999999964,30.5,0.9217245317424516
20.599999999999962,30.5,0.9244541349324988
20.69999999999996,30.5,0.9271404607596843
20.79999999999996,30.5,0.9297778850703496
20.899999999999963,30.5,0.932361341606949
20.99999999999996,30.5,0.9348863151820725
21.09999999999996,30.5,0.9373488310875848
21.19999999999996,30.5,0.9397454410178433
21.29999999999996,30.5,0.9420732058151396
21.39999999999996,30.5,0.9443296753688561
21.499999999999957,30.5,0.9465128660170008
21.59999999999996,30.5,0.9486212358096011
21.69999999999996,30.5,0.9506536579978846
21.799999999999958,30.5,0.9526093931114401
21.899999999999956,30.5,0.9544880601652579
21.999999999999957,30.5,0.9562902174037049
22.09999999999996,30.5,0.9580185494039086
22.199999999999957,30.5,0.9596760552137902
22.299999999999955,30.5,0.9612656251452177
22.399999999999956,30.5,0.9627900432387954
22.499999999999957,30.5,0.9642519898243175
22.599999999999955,30.5,0.9656540441573181
22.699999999999953,30.5,0.9669986871139193
22.799999999999955,30.5,0.9682883039278447
22.899999999999956,30.5,0.9695251869550334
22.999999999999954,30.5,0.9707115384527449
23.09999999999995,30.5,0.9718494733614177
23.199999999999953,30.5,0.9729410220788082
23.299999999999955,30.5,0.9739881332171201
23.399999999999952,30.5,0.9749926763349248
23.49999999999995,30.5,0.9759564446366777
23.59999999999995,30.5,0.9768811576335683
23.699999999999953,30.5,0.9777684637602874
23.79999999999995,30.5,0.9786199429430891
23.89999999999995,30.5,0.9794371091152176
23.99999999999995,30.5,0.9802214126764414
24.09999999999995,30.5,0.9809742428940126
24.19999999999995,30.5,0.9816969302429113
24.299999999999947,30.5,0.9823907486837165
24.39999999999995,30.5,0.9830569178768815
24.49999999999995,30.5,0.9836966053325787
24.599999999999948,30.5,0.9843109284956325
24.699999999999946,30.5,0.9849009567653654
24.799999999999947,30.5,0.9854677134504595
24.89999999999995,30.5,0.9860121776591797
24.999999999999947,30.5,0.9865352861255141
10.0,31.0,0.7635415515517072
10.1,31.0,0.767949174075349
10.2,31.0,0.7723095308991837
10.299999999999999,31.0,0.7766222270195957
10.399999999999999,31.0,0.780886892437652
10.499999999999998,31.0,0.7851031821028265
10.599999999999998,31.0,0.78927077583546
10.699999999999998,31.0,0.7933893782283035
10.799999999999997,31.0,0.7974587185275275
10.899999999999997,31.0,0.8014785504935922
10.999999999999996,31.0,0.8054486522424043
11.099999999999996,31.0,0.8093678227792441
11.199999999999996,31.0,0.8132309752459541
11.299999999999995,31.0,0.8170323277762738
11.399999999999995,31.0,0.820766432223877
11.499999999999995,31.0,0.8244281719344404
11.599999999999994,31.0,0.8280127575881975
11.699999999999994,31.0,0.8315157211508701
11.799999999999994,31.0,0.8349329079848083
11.899999999999993,31.0,0.8382604671845302
11.999999999999993,31.0,0.8414948402114946
12.099999999999993,31.0,0.8446327479116779
12.199999999999992,31.0,0.847671176006271
12.299999999999992,31.0,0.8506073591504826
12.399999999999991,31.0,0.8534387636580285
12.499999999999991,31.0,0.8561630689893632
12.59999999999999,31.0,0.858778148100177
12.69999999999999,31.0,0.8612820467431525
12.79999999999999,31.0,0.8636729618105905
12.89999999999999,31.0,0.8659492187983829
12.99999999999999,31.0,0.8681092484630727
13.099999999999989,31.0,0.8701515627335649
13.199999999999989,31.0,0.8720747299275926
13.299999999999988,31.0,0.8738773493104829
13.399999999999988,31.0,0.8755580250202897
13.499999999999988,31.0,0.8771153393691358
13.599999999999987,31.0,0.8785478255158361
13.699999999999987,31.0,0.8798539394897226
13.799999999999986,31.0,0.8810320315302622
13.899999999999986,31.0,0.8820803166917351
13.999999999999986,31.0,0.8829968446471119
14.099999999999985,31.0,0.883779468610559
14.199999999999985,31.0,0.8844258132839223
14.299999999999985,31.0,0.8849332417193446
14.399999999999984,31.0,0.8852988209781532
14.499999999999984,31.0,0.8855192864556304
14.599999999999984,31.0,0.8855916104457553
14.699999999999983,31.0,0.8855200490822764
14.799999999999983,31.0,0.8853137545209047
14.899999999999983,31.0,0.8849816684514734
14.999999999999982,31.0,0.8845324958656083
15.099999999999982,31.0,0.8839747768938178
15.199999999999982,31.0,0.8833169529874738
15.299999999999981,31.0,0.8825674275842581
15.39999999999998,31.0,0.8817346213523831
15.49999999999998,31.0,0.8808270220687198
15.59999999999998,31.0,0.8798532291498523
15.69999999999998,31.0,0.8788219928237593
15.79999999999998,31.0,0.8777422479037812
15.899999999999979,31.0,0.8766231421060218
15.999999999999979,31.0,0.8754740588364116
16.09999999999998,31.0,0.8743046343641904
16.199999999999978,31.0,0.8731247692942653
16.299999999999976,31.0,0.8719446342513006
16.399999999999977,31.0,0.8707746696929318
16.49999999999998,31.0,0.8696255797774926
16.599999999999977,31.0,0.86850832022234
16.699999999999974,31.0,0.8674340801014845
16.799999999999976,31.0,0.8664142575450053
16.899999999999977,31.0,0.8654604293169221
16.999999999999975,31.0,0.8645843142621812
17.099999999999973,31.0,0.8637977306267468
17.199999999999974,31.0,0.8631125472671721
17.299999999999976,31.0,0.8625406287775055
17.399999999999974,31.0,0.8620937745722316
17.49999999999997,31.0,0.8617836519748947
17.599999999999973,31.0,0.8616217233741352
17.699999999999974,31.0,0.8616191675236736
17.799999999999972,31.0,0.86178679508228
17.89999999999997,31.0,0.8621349585164729
17.99999999999997,31.0,0.8626734565255947
18.099999999999973,31.0,0.863411433199418
18.19999999999997,31.0,0.8643567326233657
18.29999999999997,31.0,0.8655073324183717
18.39999999999997,31.0,0.8668530806944803
18.49999999999997,31.0,0.8683831327511281
18.59999999999997,31.0,0.8700862547634637
18.699999999999967,31.0,0.8719508970426724
18.79999999999997,31.0,0.873965265553573
18.89999999999997,31.0,0.8761173916080272
18.999999999999968,31.0,0.8783951996260495
19.099999999999966,31.0,0.8807865728283295
19.199999999999967,31.0,0.8832794166961622
19.29999999999997,31.0,0.88586172000931
19.399999999999967,31.0,0.8885216132506015
19.499999999999964,31.0,0.8912474241493618
19.599999999999966,31.0,0.894027730125085
19.699999999999967,31.0,0.8968514073887872
19.799999999999965,31.0,0.8997076764626779
19.899999999999963,31.0,0.902586143889311
19.999999999999964,31.0,0.9054768399191124
20.099999999999966,31.0,0.9083702519898019
20.199999999999964,31.0,0.9112573538421191
20.29999999999996,31.0,0.9141296301526656
20.399999999999963,31.0,0.9169790966056242
20.499999999999964,31.0,0.9197983153695402
20.599999999999962,31.0,0.9225804059920528
20.69999999999996,31.0,0.9253190517732324
20.79999999999996,31.0,0.9280085017257682
20.899999999999963,31.0,0.9306435682764566
20.99999999999996,31.0,0.93321962090711
21.09999999999996,31.0,0.9357325759731208
21.19999999999996,31.0,0.9381788829735633
21.29999999999996,31.0,0.9405555075771372
21.39999999999996,31.0,0.9428599117328985
21.499999999999957,31.0,0.945090031213168
21.59999999999996,31.0,0.9472442509480552
21.69999999999996,31.0,0.9493213785166554
21.799999999999958,31.0,0.9513206161593206
21.899999999999956,31.0,0.9532415318602927
21.999999999999957,31.0,0.955084653853256
22.09999999999996,31.0,0.9568526863115805
22.199999999999957,31.0,0.9585486577593902
22.299999999999955,31.0,0.9601754882333711
22.399999999999956,31.0,0.9617359916444077
22.499999999999957,31.0,0.9632328782440434
22.599999999999955,31.0,0.964668757175671
22.699999999999953,31.0,0.9660461390921614
22.799999999999955,31.0,0.9673674388232956
22.899999999999956,31.0,0.9686349780779573
22.999999999999954,31.0,0.9698509881675125
23.09999999999995,31.0,0.9710176127381855
23.199999999999953,31.0,0.972136910501532
23.299999999999955,31.0,0.9732108579532989
23.399999999999952,31.0,0.9742413520720803
23.49999999999995,31.0,0.9752302129901949
23.59999999999995,31.0,0.9761791866301659
23.699999999999953,31.0,0.9770899473010473
23.79999999999995,31.0,0.9779641002496482
23.89999999999995,31.0,0.9788031841624298
23.99999999999995,31.0,0.9796086736145267
24.09999999999995,31.0,0.9803819814629408
24.19999999999995,31.0,0.9811244611815217
24.299999999999947,31.0,0.9818374091358371
24.39999999999995,31.0,0.982522066796487
24.49999999999995,31.0,0.983179622889832
24.599999999999948,31.0,0.9838112154854521
24.699999999999946,31.0,0.984417934019996
24.799999999999947,31.0,0.9850008212573488
24.89999999999995,31.0,0.9855608751853191
24.999999999999947,31.0,0.9860990508492613
10.0,31.5,0.7559571231835198
10.1,31.5,0.7604439577088817
10.2,31.5,0.7648842539366125
10.299999999999999,31.5,0.7692775743750495
10.399999999999999,31.5,0.7736235065831255
10.499999999999998,31.5,0.7779216631509103
10.599999999999998,31.5,0.7821716816583446
10.699999999999998,31.5,0.7863732246124748
10.799999999999997,31.5,0.7905259793635248
10.899999999999997,31.5,0.7946296580001679
10.999999999999996,31.5,0.7986839972243797
11.099999999999996,31.5,0.8026877330894261
11.199999999999996,31.5,0.8066356281983482
11.299999999999995,31.5,0.8105217273194721
11.399999999999995,31.5,0.8143404084133421
11.499999999999995,31.5,0.8180863810361074
11.599999999999994,31.5,0.8217546827870517
11.699999999999994,31.5,0.8253406738311959
11.799999999999994,31.5,0.8288400295424748
11.899999999999993,31.5,0.8322487313260647
11.999999999999993,31.5,0.8355630556898115
12.099999999999993,31.5,0.8387795616442273
12.199999999999992,31.5,0.8418950765180578
12.299999999999992,31.5,0.8449066802818826
12.399999999999991,31.5,0.847811688475577
12.499999999999991,31.5,0.8506076338367109
12.59999999999999,31.5,0.8532922467261351
12.69999999999999,31.5,0.8558634344441678
12.79999999999999,31.5,0.8583192595260405
12.89999999999999,31.5,0.8606579170987101
12.99999999999999,31.5,0.8628777113729353
13.099999999999989,31.5,0.8649770313348071
13.199999999999989,31.5,0.8669543256898773
13.299999999999988,31.5,0.8688080771008415
13.399999999999988,31.5,0.8705367757465678
13.499999999999988,31.5,0.8721388922163285
13.599999999999987,31.5,0.8736128497385688
13.699999999999987,31.5,0.8749569957286452
13.799999999999986,31.5,0.8761695726248577
13.899999999999986,31.5,0.8772486879670357
13.999999999999986,31.5,0.8781922836570697
14.099999999999985,31.5,0.8789981043264
14.199999999999985,31.5,0.8796636647217664
14.299999999999985,31.5,0.8801862160078036
14.399999999999984,31.5,0.8805627108736216
14.499999999999984,31.5,0.8807897673206939
14.599999999999984,31.5,0.8808642548370172
14.699999999999983,31.5,0.880790552757351
14.799999999999983,31.5,0.880578090669513
14.899999999999983,31.5,0.8802360877072197
14.999999999999982,31.5,0.8797735240441102
15.099999999999982,31.5,0.8791992135233647
15.199999999999982,31.5,0.878521870575211
15.299999999999981,31.5,0.8777501715490295
15.39999999999998,31.5,0.8768928105465635
15.49999999999998,31.5,0.8759585498053241
15.59999999999998,31.5,0.8749562646476683
15.69999999999998,31.5,0.8738949829820177
15.79999999999998,31.5,0.8727839193187382
15.899999999999979,31.5,0.8716325032446312
15.999999999999979,31.5,0.8704504022867999
16.09999999999998,31.5,0.8692475390887402
16.199999999999978,31.5,0.8680341028185248
16.299999999999976,31.5,0.8668205547304297
16.399999999999977,31.5,0.8656176278066927
16.49999999999998,31.5,0.8644363204145619
16.599999999999977,31.5,0.8632878839246297
16.699999999999974,31.5,0.8621838042488194
16.799999999999976,31.5,0.8611357772694879
16.899999999999977,31.5,0.8601556781442063
16.999999999999975,31.5,0.8592555244831975
17.099999999999973,31.5,0.8584474334077029
17.199999999999974,31.5,0.857743572507439
17.299999999999976,31.5,0.8571561047237882
17.399999999999974,31.5,0.8566971271928056
17.49999999999997,31.5,0.8563786040892019
17.599999999999973,31.5,0.8562122935203191
17.699999999999974,31.5,0.8562096685293559
17.799999999999972,31.5,0.8563818322817731
17.89999999999997,31.5,0.8567394275305436
17.99999999999997,31.5,0.8572925404877554
18.099999999999973,31.5,0.8580505992756338
18.19999999999997,31.5,0.8590217128668761
18.29999999999997,31.5,0.8602038706372891
18.39999999999997,31.5,0.8615867218917929
18.49999999999997,31.5,0.8631592121797211
18.59999999999997,31.5,0.864909892924215
18.699999999999967,31.5,0.8668269944036155
18.79999999999997,31.5,0.8688984970297778
18.89999999999997,31.5,0.8711122008657224
18.999999999999968,31.5,0.8734557932946394
19.099999999999966,31.5,0.8759169147202666
19.199999999999967,31.5,0.8784832221470915
19.29999999999997,31.5,0.8811424504595133
19.399999999999967,31.5,0.8838824711935893
19.499999999999964,31.5,0.8866913485746122
19.599999999999966,31.5,0.8895573925795501
19.699999999999967,31.5,0.8924692087761096
19.799999999999965,31.5,0.895415744690327
19.899999999999963,31.5,0.8983863324623838
19.999999999999964,31.5,0.901370727565685
20.099999999999966,31.5,0.9043591433868764
20.199999999999964,31.5,0.9073422814937856
20.29999999999996,31.5,0.9103113574535597
20.399999999999963,31.5,0.9132581221035483
20.499999999999964,31.5,0.9161748782216896
20.599999999999962,31.5,0.9190544925901143
20.69999999999996,31.5,0.9218904034941072
20.79999999999996,31.5,0.9246766237472325
20.899999999999963,31.5,0.9274077393810514
20.99999999999996,31.5,0.9300789041832787
21.09999999999996,31.5,0.9326858303103174
21.19999999999996,31.5,0.9352247752379425
21.29999999999996,31.5,0.9376925253466457
21.39999999999996,31.5,0.9400863764651591
21.499999999999957,31.5,0.9424041117165027
21.59999999999996,31.5,0.9446439770252695
21.69999999999996,31.5,0.9468046546526817
21.799999999999958,31.5,0.9488852351273345
21.899999999999956,31.5,0.9508851881342053
21.999999999999957,31.5,0.9528049828217162
22.09999999999996,31.5,0.954647357134008
22.199999999999957,31.5,0.9564153919971881
22.299999999999955,31.5,0.9581120604629061
22.399999999999956,31.5,0.959740229872228
22.499999999999957,31.5,0.9613026641413149
22.599999999999955,31.5,0.9628020261479014
22.699999999999953,31.5,0.9642408801993638
22.799999999999955,31.5,0.9656216945648634
22.899999999999956,31.5,0.9669468440556449
22.999999999999954,31.5,0.9682186126390776
23.09999999999995,31.5,0.9694391960734299
23.199999999999953,31.5,0.9706107045516854
23.299999999999955,31.5,0.9717351653439417
23.399999999999952,31.5,0.9728145254290641
23.49999999999995,31.5,0.9738506541073368
23.59999999999995,31.5,0.9748453455868232
23.699999999999953,31.5,0.9758003215370585
23.79999999999995,31.5,0.9767172336045262
23.89999999999995,31.5,0.977597665885134
23.99999999999995,31.5,0.9784431373496064
24.09999999999995,31.5,0.9792551042183482
24.19999999999995,31.5,0.980034962282917
24.299999999999947,31.5,0.9807840491717704
24.39999999999995,31.5,0.9815036465584338
24.49999999999995,31.5,0.9821949823106666
24.599999999999948,31.5,0.9828592325795935
24.699999999999946,31.5,0.9834975238281192
24.799999999999947,31.5,0.9841109347982514
24.89999999999995,31.5,0.9847004984172437
24.999999999999947,31.5,0.9852672036427057
10.0,32.0,0.7455108414453198
10.1,32.0,0.7501024525502344
10.2,32.0,0.7546486213791966
10.299999999999999,32.0,0.759148853128137
10.399999999999999,32.0,0.7636026780045074
10.499999999999998,32.0,0.7680096512587902
10.599999999999998,32.0,0.772369353193584
10.699999999999998,32.0,0.7766813891505198
10.799999999999997,32.0,0.78094538947528
10.899999999999997,32.0,0.7851610094610295
10.999999999999996,32.0,0.7893279292705815
11.099999999999996,32.0,0.793444799502637
11.199999999999996,32.0,0.7975061797532592
11.299999999999995,32.0,0.8015058805196591
11.399999999999995,32.0,0.8054380440443372
11.499999999999995,32.0,0.8092971435972613
11.599999999999994,32.0,0.8130779807710647
11.699999999999994,32.0,0.8167756808103621
11.799999999999994,32.0,0.8203856860116796
11.899999999999993,32.0,0.8239037472444913
11.999999999999993,32.0,0.8273259136562199
12.099999999999993,32.0,0.8306485206346113
12.199999999999992,32.0,0.8338681761094996
12.299999999999992,32.0,0.8369817452825179
12.399999999999991,32.0,0.839986333877751
12.499999999999991,32.0,0.8428792700086254
12.59999999999999,32.0,0.8456580847565187
12.69999999999999,32.0,0.8483204915547014
12.79999999999999,32.0,0.8508643644673725
12.89999999999999,32.0,0.8532877154478418
12.99999999999999,32.0,0.855588670652468
13.099999999999989,32.0,0.857765445877953
13.199999999999989,32.0,0.859816321179171
13.299999999999988,32.0,0.861739614713086
13.399999999999988,32.0,0.8635336558416404
13.499999999999988,32.0,0.8651967575130194
13.599999999999987,32.0,0.8667271879265817
13.699999999999987,32.0,0.8681231414722311
13.799999999999986,32.0,0.8693827089202935
13.899999999999986,32.0,0.8705038468232749
13.999999999999986,32.0,0.8714843460764672
14.099999999999985,32.0,0.8723217995704633
14.199999999999985,32.0,0.8730135688555293
14.299999999999985,32.0,0.8735567497257523
14.399999999999984,32.0,0.8739481366202837
14.499999999999984,32.0,0.8741841857302051
14.599999999999984,32.0,0.874261625255491
14.699999999999983,32.0,0.8741850022895405
14.799999999999983,32.0,0.8739641252639139
14.899999999999983,32.0,0.8736085926951747
14.999999999999982,32.0,0.8731277614504411
15.099999999999982,32.0,0.8725308203424729
15.199999999999982,32.0,0.8718268579441759
15.299999999999981,32.0,0.8710249247322234
15.39999999999998,32.0,0.8701340896337206
15.49999999999998,32.0,0.8691634910163955
15.59999999999998,32.0,0.8681223821328085
15.69999999999998,32.0,0.8670201710033689
15.79999999999998,32.0,0.8658664547020334
15.899999999999979,32.0,0.8646710479927373
15.999999999999979,32.0,0.8634440062539118
16.09999999999998,32.0,0.8621956426227053
16.199999999999978,32.0,0.8609365392894097
16.299999999999976,32.0,0.859677552875572
16.399999999999977,32.0,0.8584298138356944
16.49999999999998,32.0,0.8572047198315533
16.599999999999977,32.0,0.8560139230391256
16.699999999999974,32.0,0.8548693113601011
16.799999999999976,32.0,0.8537829835220723
16.899999999999977,32.0,0.8527672180629976
16.999999999999975,32.0,0.8518344362057331
17.099999999999973,32.0,0.8509971586368363
17.199999999999974,32.0,0.8502679562102049
17.299999999999976,32.0,0.8496593946004224
17.399999999999974,32.0,0.8491839729333155
17.49999999999997,32.0,0.8488540564229151
17.599999999999973,32.0,0.8486818030459491
17.699999999999974,32.0,0.8486790842888368
17.799999999999972,32.0,0.8488574000100666
17.89999999999997,32.0,0.8492277874755434
17.99999999999997,32.0,0.8498007246491863
18.099999999999973,32.0,0.8505860278595463
18.19999999999997,32.0,0.8515921696578557
18.29999999999997,32.0,0.8528171608819473
18.39999999999997,32.0,0.8542503875794437
18.49999999999997,32.0,0.8558805179308493
18.59999999999997,32.0,0.8576958197761713
18.699999999999967,32.0,0.859684233054157
18.79999999999997,32.0,0.8618334405958764
18.89999999999997,32.0,0.8641309372485517
18.999999999999968,32.0,0.8665640972700708
19.099999999999966,32.0,0.8691202398974298
19.199999999999967,32.0,0.871786692955548
19.29999999999997,32.0,0.8745508543383468
19.399999999999967,32.0,0.8774002511632936
19.499999999999964,32.0,0.8803225963751921
19.599999999999966,32.0,0.8833058425559275
19.699999999999967,32.0,0.886338232685003
19.799999999999965,32.0,0.8894083475915942
19.899999999999963,32.0,0.8925051498427535
19.999999999999964,32.0,0.8956180238243489
20.099999999999966,32.0,0.898736811791039
20.199999999999964,32.0,0.9018518456885871
20.29999999999996,32.0,0.9049539745853394
20.399999999999963,32.0,0.908034587588877
20.499999999999964,32.0,0.9110856321675517
20.599999999999962,32.0,0.9140996278437105
20.69999999999996,32.0,0.917069675274573
20.79999999999996,32.0,0.9199894607866714
20.899999999999963,32.0,0.9228532564792051
20.99999999999996,32.0,0.9256559160593126
21.09999999999996,32.0,0.9283928666169999
21.19999999999996,32.0,0.9310600965882074
21.29999999999996,32.0,0.9336541401903702
21.39999999999996,32.0,0.9361720586450872
21.499999999999957,32.0,0.9386114185266281
21.59999999999996,32.0,0.9409702675925964
21.69999999999996,32.0,0.9432471084640102
21.799999999999958,32.0,0.9454408705263305
21.899999999999956,32.0,0.9475508806313202
21.999999999999957,32.0,0.9495775194526491
22.09999999999996,32.0,0.9515235658609207
22.199999999999957,32.0,0.9533921679579935
22.299999999999955,32.0,0.9551863671311012
22.399999999999956,32.0,0.9569090999319748
22.499999999999957,32.0,0.9585632001010633
22.599999999999955,32.0,0.9601514007146575
22.699999999999953,32.0,0.9616763364345297
22.799999999999955,32.0,0.9631405458414066
22.899999999999956,32.0,0.9645464738352171
22.999999999999954,32.0,0.9658964740865794
23.09999999999995,32.0,0.9671928115254349
23.199999999999953,32.0,0.9684376648540833
23.299999999999955,32.0,0.969633129073143
23.399999999999952,32.0,0.970781218010131
23.49999999999995,32.0,0.9718838668414678
23.59999999999995,32.0,0.972942934599722
23.699999999999953,32.0,0.973960206658862
23.79999999999995,32.0,0.9749373971911546
23.89999999999995,32.0,0.9758761515901534
23.99999999999995,32.0,0.9767780488549641
24.09999999999995,32.0,0.9776446039316521
24.19999999999995,32.0,0.9784772700082792
24.299999999999947,32.0,0.9792774407606262
24.39999999999995,32.0,0.9800464525461688
24.49999999999995,32.0,0.9807855865443539
24.599999999999948,32.0,0.9814960708416344
24.699999999999946,32.0,0.9821790824601155
24.799999999999947,32.0,0.9828357493290016
24.89999999999995,32.0,0.9834671521983445
24.999999999999947,32.0,0.9840743264948683
10.0,32.5,0.7329116057746073
10.1,32.5,0.7376230510645629
10.2,32.5,0.742290511940527
10.299999999999999,32.5,0.7469134265121301
10.399999999999999,32.5,0.7514912577022629
10.499999999999998,32.5,0.7560234933400564
10.599999999999998,32.5,0.7605096462309047
10.699999999999998,32.5,0.7649492542037024
10.799999999999997,32.5,0.769341880135504
10.899999999999997,32.5,0.7736871119538323
10.999999999999996,32.5,0.7779845626168982
11.099999999999996,32.5,0.7822327817923098
11.199999999999996,32.5,0.7864260910923043
11.299999999999995,32.5,0.7905580256236393
11.399999999999995,32.5,0.7946224494241496
11.499999999999995,32.5,0.798613555814812
11.599999999999994,32.5,0.8025258657351559
11.699999999999994,32.5,0.806354224070938
11.799999999999994,32.5,0.8100937939993208
11.899999999999993,32.5,0.8137400493918286
11.999999999999993,32.5,0.8172887653288504
12.099999999999993,32.5,0.8207360067912199
12.199999999999992,32.5,0.8240781156042658
12.299999999999992,32.5,0.8273116957175465
12.399999999999991,32.5,0.830433596909222
12.499999999999991,32.5,0.8334408970075804
12.59999999999999,32.5,0.836330882723681
12.69999999999999,32.5,0.8391010291883958
12.79999999999999,32.5,0.8417489782844231
12.89999999999999,32.5,0.8442725158592
12.99999999999999,32.5,0.8466695478981965
13.099999999999989,32.5,0.8489380757299663
13.199999999999989,32.5,0.8510761703247534
13.299999999999988,32.5,0.8530819457375676
13.399999999999988,32.5,0.8549535317346815
13.499999999999988,32.5,0.8566890456296338
13.599999999999987,32.5,0.8582865633413124
13.699999999999987,32.5,0.8597440896727276
13.799999999999986,32.5,0.8610595277949306
13.899999999999986,32.5,0.8622306479064139
13.999999999999986,32.5,0.8632550550245365
14.099999999999985,32.5,0.8641301558522829
14.199999999999985,32.5,0.8648531246513481
14.299999999999985,32.5,0.8654208680414165
14.399999999999984,32.5,0.8658299886360059
14.499999999999984,32.5,0.8660767474177389
14.599999999999984,32.5,0.8661577027635305
14.699999999999983,32.5,0.866077601043509
14.799999999999983,32.5,0.8658467023525552
14.899999999999983,32.5,0.8654750583112982
14.999999999999982,32.5,0.8649724762935409
15.099999999999982,32.5,0.8643485939938782
15.199999999999982,32.5,0.8636129481473842
15.299999999999981,32.5,0.8627750374896352
15.39999999999998,32.5,0.8618443800151694
15.49999999999998,32.5,0.8608305645640979
15.59999999999998,32.5,0.8597432967412025
15.69999999999998,32.5,0.8585924391503323
15.79999999999998,32.5,0.8573880459098318
15.899999999999979,32.5,0.8561403914023732
15.999999999999979,32.5,0.8548599932049596
16.09999999999998,32.5,0.8535576291418459
16.199999999999978,32.5,0.8522443484042874
16.299999999999976,32.5,0.8509314766858211
16.399999999999977,32.5,0.8496306152895188
16.49999999999998,32.5,0.8483536341734853
16.599999999999977,32.5,0.847112658911979
16.699999999999974,32.5,0.8459200515609291
16.799999999999976,32.5,0.844788385427498
16.899999999999977,32.5,0.8437304137528125
16.999999999999975,32.5,0.8427590323244036
17.099999999999973,32.5,0.8418872360397429
17.199999999999974,32.5,0.8411280694442513
17.299999999999976,32.5,0.8404945712663368
17.399999999999974,32.5,0.8399997129687575
17.49999999999997,32.5,0.8396563313306917
17.599999999999973,32.5,0.8394770550695676
17.699999999999974,32.5,0.8394742255077106
17.799999999999972,32.5,0.8396598112884499
17.89999999999997,32.5,0.8400453171523463
17.99999999999997,32.5,0.840641686800012
18.099999999999973,32.5,0.8414591998975942
18.19999999999997,32.5,0.8425067652699876
18.29999999999997,32.5,0.8437824275383579
18.39999999999997,32.5,0.8452752713575888
18.49999999999997,32.5,0.8469736479649205
18.59999999999997,32.5,0.8488655017937747
18.699999999999967,32.5,0.8509384420251571
18.79999999999997,32.5,0.8531798125665387
18.89999999999997,32.5,0.8555767604752964
18.999999999999968,32.5,0.8581163028023315
19.099999999999966,32.5,0.8607853917881794
19.199999999999967,32.5,0.8635709783009375
19.29999999999997,32.5,0.8664600733645769
19.399999999999967,32.5,0.8694398075893701
19.499999999999964,32.5,0.8724974882846992
19.599999999999966,32.5,0.8756206540095917
19.699999999999967,32.5,0.8787971262988907
19.799999999999965,32.5,0.8820150582936157
19.899999999999963,32.5,0.8852629800031964
19.999999999999964,32.5,0.8885298399349151
20.099999999999966,32.5,0.8918050428419225
20.199999999999964,32.5,0.8950784833651096
20.29999999999996,32.5,0.8983405753752951
20.399999999999963,32.5,0.9015822768597063
20.499999999999964,32.5,0.9047951102395548
20.599999999999962,32.5,0.9079711780524446
20.69999999999996,32.5,0.9111031739830904
20.79999999999996,32.5,0.9141843892770558
20.899999999999963,32.5,0.9172087146235695
20.99999999999996,32.5,0.9201706376436233
21.09999999999996,32.5,0.9230652361672751
21.19999999999996,32.5,0.925888167528199
21.29999999999996,32.5,0.9286356541430751
21.39999999999996,32.5,0.9313044656775451
21.499999999999957,32.5,0.9338918981285245
21.59999999999996,32.5,0.9363957501742046
21.69999999999996,32.5,0.9388142971578358
21.799999999999958,32.5,0.9411462630792888
21.899999999999956,32.5,0.9433907911935828
21.999999999999957,32.5,0.9455481446124518
22.09999999999996,32.5,0.9476211429399606
22.199999999999957,32.5,0.9496130075465105
22.299999999999955,32.5,0.9515268549597169
22.399999999999956,32.5,0.9533656983827516
22.499999999999957,32.5,0.955132449385594
22.599999999999955,32.5,0.9568299197456904
22.699999999999953,32.5,0.9584608234163229
22.799999999999955,32.5,0.9600277786027029
22.899999999999956,32.5,0.9615333099274337
22.999999999999954,32.5,0.9629798506685401
23.09999999999995,32.5,0.9643697450547268
23.199999999999953,32.5,0.9657052506039043
23.299999999999955,32.5,0.9669885404923271
23.399999999999952,32.5,0.9682217059429024
23.49999999999995,32.5,0.9694067586223709
23.59999999999995,32.5,0.9705456330381219
23.699999999999953,32.5,0.9716401889263957
23.79999999999995,32.5,0.9726922136245484
23.89999999999995,32.5,0.9737034244209015
23.99999999999995,32.5,0.9746754708764869
24.09999999999995,32.5,0.9756099371137223
24.19999999999995,32.5,0.9765083440677225
24.299999999999947,32.5,0.9773721516965542
24.39999999999995,32.5,0.9782027611473146
24.49999999999995,32.5,0.9790015168754118
24.599999999999948,32.5,0.9797697087148987
24.699999999999946,32.5,0.9805085738981305
24.799999999999947,32.5,0.9812192990233967
24.89999999999995,32.5,0.9819030219695248
24.999999999999947,32.5,0.982560833756765
10.0,33.0,0.7189367560056654
10.1,33.0,0.7237729414752252
10.2,33.0,0.7285669202544529
10.299999999999999,33.0,0.7333180588913888
10.399999999999999,33.0,0.7380257483442266
10.499999999999998,33.0,0.7426894041419134
10.599999999999998,33.0,0.7473084665214552
10.699999999999998,33.0,0.7518824005420114
10.799999999999997,33.0,0.7564106961758953
10.899999999999997,33.0,0.7608928683766338
10.999999999999996,33.0,0.7653284571242559
11.099999999999996,33.0,0.7697159031593658
11.199999999999996,33.0,0.7740492731639596
11.299999999999995,33.0,0.7783218062544486
11.399999999999995,33.0,0.7825270660495945
11.499999999999995,33.0,0.7866589422158965
11.599999999999994,33.0,0.7907116499732971
11.699999999999994,33.0,0.7946797275563011
11.799999999999994,33.0,0.798558031642837
11.899999999999993,33.0,0.8023417307792743
11.999999999999993,33.0,0.806026296844685
12.099999999999993,33.0,0.809607494610466
12.199999999999992,33.0,0.8130813694626506
12.299999999999992,33.0,0.8164442333634495
12.399999999999991,33.0,0.819692649135717
12.499999999999991,33.0,0.8228234131590269
12.59999999999999,33.0,0.8258335365688789
12.69999999999999,33.0,0.828720225051252
12.79999999999999,33.0,0.8314808573233088
12.89999999999999,33.0,0.8341129623876704
12.99999999999999,33.0,0.8366141956423967
13.099999999999989,33.0,0.8389823139218047
13.199999999999989,33.0,0.8412151495346858
13.299999999999988,33.0,0.8433105833565524
13.399999999999988,33.0,0.8452665170214297
13.499999999999988,33.0,0.8470808442466706
13.599999999999987,33.0,0.8487514213115057
13.699999999999987,33.0,0.8502760366968212
13.799999999999986,33.0,0.8516523798802195
13.899999999999986,33.0,0.8528780092670509
13.999999999999986,33.0,0.8539503192250831
14.099999999999985,33.0,0.8548665061781172
14.199999999999985,33.0,0.8556235337024938
14.299999999999985,33.0,0.8562180965604366
14.399999999999984,33.0,0.8566465835959571
14.499999999999984,33.0,0.856905039413079
14.599999999999984,33.0,0.856989834933013
14.699999999999983,33.0,0.8569059335243044
14.799999999999983,33.0,0.8566640892010633
14.899999999999983,33.0,0.8562748500894877
14.999999999999982,33.0,0.8557485179994115
15.099999999999982,33.0,0.8550952238287564
15.199999999999982,33.0,0.8543249970645113
15.299999999999981,33.0,0.8534478294436787
15.39999999999998,33.0,0.8524737328140078
15.49999999999998,33.0,0.8514127912118622
15.59999999999998,33.0,0.8502752071545613
15.69999999999998,33.0,0.8490713421279064
15.79999999999998,33.0,0.8478117512369556
15.899999999999979,33.0,0.8465072119797546
15.999999999999979,33.0,0.8451687470996826
16.09999999999998,33.0,0.8438076414721236
16.199999999999978,33.0,0.8424354529849214
16.299999999999976,33.0,0.8410640173788776
16.399999999999977,33.0,0.8397054470237092
16.49999999999998,33.0,0.8383721236154696
16.599999999999977,33.0,0.8370766847925808
16.699999999999974,33.0,0.8358320046783216
16.799999999999976,33.0,0.8346511683669722
16.899999999999977,33.0,0.833547440377951
16.999999999999975,33.0,0.8325342271065
17.099999999999973,33.0,0.8316250333002513
17.199999999999974,33.0,0.8308334125880663
17.299999999999976,33.0,0.8301729120809221
17.399999999999974,33.0,0.8296570110547334
17.49999999999997,33.0,0.8292990537126641
17.599999999999973,33.0,0.8291121760110038
17.699999999999974,33.0,0.8291092265198514
17.799999999999972,33.0,0.8293026812800512
17.89999999999997,33.0,0.829704552613992
17.99999999999997,33.0,0.8303262918535452
18.099999999999973,33.0,0.8311786859677691
18.19999999999997,33.0,0.8322711243769846
18.29999999999997,33.0,0.8336016989407687
18.39999999999997,33.0,0.8351591804075036
18.49999999999997,33.0,0.8369315907164
18.59999999999997,33.0,0.8389065391406603
18.699999999999967,33.0,0.8410712925688906
18.79999999999997,33.0,0.8434128442994406
18.89999999999997,33.0,0.8459179814111797
18.999999999999968,33.0,0.848573350726294
19.099999999999966,33.0,0.8513655233308242
19.199999999999967,33.0,0.8542810575689962
19.29999999999997,33.0,0.8573065603799459
19.399999999999967,33.0,0.8604287468019144
19.499999999999964,33.0,0.8636344974309327
19.599999999999966,33.0,0.866910913589656
19.699999999999967,33.0,0.8702453699383709
19.799999999999965,33.0,0.8736255642449924
19.899999999999963,33.0,0.8770395640245339
19.999999999999964,33.0,0.8804758497612598
20.099999999999966,33.0,0.8839233544383971
20.199999999999964,33.0,0.8873714991205226
20.29999999999996,33.0,0.890810224361958
20.399999999999963,33.0,0.8942300172498376
20.499999999999964,33.0,0.8976219339319782
20.599999999999962,33.0,0.9009776175260462
20.69999999999996,33.0,0.9042893113565401
20.79999999999996,33.0,0.9075498675183762
20.899999999999963,33.0,0.9107527508189992
20.99999999999996,33.0,0.9138920382035585
21.09999999999996,33.0,0.9169624138184412
21.19999999999996,33.0,0.9199591599161256
21.29999999999996,33.0,0.9228781438477877
21.39999999999996,33.0,0.9257158014284348
21.499999999999957,33.0,0.9284691169917545
21.59999999999996,33.0,0.9311356004778079
21.69999999999996,33.0,0.93371326191579
21.799999999999958,33.0,0.9362005836761234
21.899999999999956,33.0,0.938596491110451
21.999999999999957,33.0,0.9409011031812974
22.09999999999996,33.0,0.943117273616978
22.199999999999957,33.0,0.9452482950735503
22.299999999999955,33.0,0.9472973580249351
22.399999999999956,33.0,0.9492675518614719
22.499999999999957,33.0,0.9511618661916803
22.599999999999955,33.0,0.9529831923224545
22.699999999999953,33.0,0.9547343248946838
22.799999999999955,33.0,0.9564179636530008
22.899999999999956,33.0,0.9580367153299943
22.999999999999954,33.0,0.9595930956267751
23.09999999999995,33.0,0.9610895312732667
23.199999999999953,33.0,0.9625283621529985
23.299999999999955,33.0,0.9639118434785028
23.399999999999952,33.0,0.965242148004668
23.49999999999995,33.0,0.966521368268582
23.59999999999995,33.0,0.9677515188454924
23.699999999999953,33.0,0.968934538611552
23.79999999999995,33.0,0.9700722930049737
23.89999999999995,33.0,0.9711665762781149
23.99999999999995,33.0,0.9722191137338485
24.09999999999995,33.0,0.9732315639403397
24.19999999999995,33.0,0.9742055209190666
24.299999999999947,33.0,0.9751425163015752
24.39999999999995,33.0,0.9760440214510642
24.49999999999995,33.0,0.9769114495454491
24.599999999999948,33.0,0.9777461576190607
24.699999999999946,33.0,0.9785494485606002
24.799999999999947,33.0,0.9793225730653864
24.89999999999995,33.0,0.9800667315403251
24.999999999999947,33.0,0.9807830759603657
10.0,33.5,0.7044388056066623
10.1,33.5,0.7093955120702728
10.2,33.5,0.7143120196786934
10.299999999999999,33.5,0.7191876241696611
10.399999999999999,33.5,0.7240216450815578
10.499999999999998,33.5,0.7288134259829113
10.599999999999998,33.5,0.733562334678522
10.699999999999998,33.5,0.7382677633922115
10.799999999999997,33.5,0.7429291289262188
10.899999999999997,33.5,0.7475458727973037
10.999999999999996,33.5,0.7521174613496451
11.099999999999996,33.5,0.7566422260091973
11.199999999999996,33.5,0.7611139793302439
11.299999999999995,33.5,0.7655256642385706
11.399999999999995,33.5,0.7698705421848494
11.499999999999995,33.5,0.7741421959283958
11.599999999999994,33.5,0.778334530268127
11.699999999999994,33.5,0.7824417707012288
11.799999999999994,33.5,0.7864584600080883
11.899999999999993,33.5,0.7903794527791159
11.999999999999993,33.5,0.7941999079148735
12.099999999999993,33.5,0.7979152791452001
12.199999999999992,33.5,0.8015213036255611
12.299999999999992,33.5,0.8050139886794692
12.399999999999991,33.5,0.8083895967644223
12.499999999999991,33.5,0.8116446287452543
12.59999999999999,33.5,0.8147758055631044
12.69999999999999,33.5,0.8177800483903341
12.79999999999999,33.5,0.8206544573617338
12.89999999999999,33.5,0.8233962889703053
12.99999999999999,33.5,0.8260029322119324
13.099999999999989,33.5,0.8284718835574542
13.199999999999989,33.5,0.8308007208232415
13.299999999999988,33.5,0.8329870760025149
13.399999999999988,33.5,0.8350286071095435
13.499999999999988,33.5,0.8369229690777743
13.599999999999987,33.5,0.8386677837410855
13.699999999999987,33.5,0.8402606089150129
13.799999999999986,33.5,0.8416989065822356
13.899999999999986,33.5,0.8429800101741256
13.999999999999986,33.5,0.8441010909280751
14.099999999999985,33.5,0.8450591232889524
14.199999999999985,33.5,0.8458508493127948
14.299999999999985,33.5,0.8464727420220799
14.399999999999984,33.5,0.8469209676551445
14.499999999999984,33.5,0.847191346747981
14.599999999999984,33.5,0.8472800569576115
14.699999999999983,33.5,0.8471922821296309
14.799999999999983,33.5,0.8469392804304972
14.899999999999983,33.5,0.8465321078937853
14.999999999999982,33.5,0.8459815729741289
15.099999999999982,33.5,0.8452983125551115
15.199999999999982,33.5,0.8444928620169685
15.299999999999981,33.5,0.8435757194007791
15.39999999999998,33.5,0.842557403689306
15.49999999999998,33.5,0.8414485072086024
15.59999999999998,33.5,0.8402597421403399
15.69999999999998,33.5,0.8390019811234795
15.79999999999998,33.5,0.8376862919160671
15.899999999999979,33.5,0.8363239660838725
15.999999999999979,33.5,0.8349265416823352
16.09999999999998,33.5,0.833505819901603
16.199999999999978,33.5,0.8320738756508819
16.299999999999976,33.5,0.8306430620672187
16.399999999999977,33.5,0.8292260089443985
16.49999999999998,33.5,0.8278356150889755
16.599999999999977,33.5,0.826485034621532
16.699999999999974,33.5,0.8251876572511483
16.799999999999976,33.5,0.8239570825587267
16.899999999999977,33.5,0.822807088329433
16.999999999999975,33.5,0.8217515929753055
17.099999999999973,33.5,0.8208046120855521
17.199999999999974,33.5,0.8199802091339111
17.299999999999976,33.5,0.8192924403597499
17.399999999999974,33.5,0.8187552938227535
17.49999999999997,33.5,0.8183826226109632
17.599999999999973,33.5,0.8181880721599089
17.699999999999974,33.5,0.8181850016185123
17.799999999999972,33.5,0.8183863991777681
17.89999999999997,33.5,0.8188047912639767
17.99999999999997,33.5,0.819452145493192
18.099999999999973,33.5,0.8203397672918793
18.19999999999997,33.5,0.8214775404376519
18.29999999999997,33.5,0.8228636162615743
18.39999999999997,33.5,0.8244864622771411
18.49999999999997,33.5,0.8263337832594788
18.59999999999997,33.5,0.8283928666738639
18.699999999999967,33.5,0.8306506513388436
18.79999999999997,33.5,0.8330937946950387
18.89999999999997,33.5,0.8357087387918407
18.999999999999968,33.5,0.8384817750498719
19.099999999999966,33.5,0.8413991078006278
19.199999999999967,33.5,0.8444469165484056
19.29999999999997,33.5,0.8476114168454497
19.399999999999967,33.5,0.8508789196209868
19.499999999999964,33.5,0.8542358887600643
19.599999999999966,33.5,0.8576689966901725
19.699999999999967,33.5,0.8611651777035946
19.799999999999965,33.5,0.8647116787220969
19.899999999999963,33.5,0.8682961071984927
19.999999999999964,33.5,0.8719064758470363
20.099999999999966,33.5,0.8755312439015239
20.199999999999964,33.5,0.8791593546161076
20.29999999999996,33.5,0.8827802687486302
20.399999999999963,33.5,0.8863839937989857
20.499999999999964,33.5,0.8899611088146383
20.599999999999962,33.5,0.8935027846208169
20.69999999999996,33.5,0.8970007993827638
20.79999999999996,33.5,0.9004475494603678
20.899999999999963,33.5,0.9038360555701146
20.99999999999996,33.5,0.9071599643240987
21.09999999999996,33.5,0.910413545269446
21.19999999999996,33.5,0.9135916836025884
21.29999999999996,33.5,0.9166898687801769
21.39999999999996,33.5,0.9197041792909812
21.499999999999957,33.5,0.9226312638899882
21.59999999999996,33.5,0.9254683196264124
21.69999999999996,33.5,0.9282130670209642
21.799999999999958,33.5,0.9308637227641994
21.899999999999956,33.5,0.9334189705722676
21.999999999999957,33.5,0.9358787647368894
22.09999999999996,33.5,0.9382459820742461
22.199999999999957,33.5,0.940523978018419
22.299999999999955,33.5,0.9427160092063186
22.399999999999956,33.5,0.9448252341219764
22.499999999999957,33.5,0.9468547139746573
22.599999999999955,33.5,0.948807413784885
22.699999999999953,33.5,0.9506862036541992
22.799999999999955,33.5,0.9524938601961417
22.899999999999956,33.5,0.9542330681075859
22.999999999999954,33.5,0.9559064218610703
23.09999999999995,33.5,0.9575164275002839
23.199999999999953,33.5,0.9590655045222589
23.299999999999955,33.5,0.9605559878311772
23.399999999999952,33.5,0.9619901297499658
23.49999999999995,33.5,0.9633701020770574
23.59999999999995,33.5,0.9646979981768303
23.699999999999953,33.5,0.9659758350933048
23.79999999999995,33.5,0.9672055556776707
23.89999999999995,33.5,0.9683890307211604
23.99999999999995,33.5,0.9695280610856427
24.09999999999995,33.5,0.9706243798251399
24.19999999999995,33.5,0.9716796542922059
24.299999999999947,33.5,0.9726954882238195
24.39999999999995,33.5,0.9736734238020747
24.49999999999995,33.5,0.9746149436855615
24.599999999999948,33.5,0.9755214730078656
24.699999999999946,33.5,0.9763943813401261
24.799999999999947,33.5,0.9772349846150475
24.89999999999995,33.5,0.9780445470101843
24.999999999999947,33.5,0.9788242827886984
10.0,34.0,0.6899230662401084
10.1,34.0,0.6949915645275486
10.2,34.0,0.7000220262850311
10.299999999999999,34.0,0.7050136800972201
10.399999999999999,34.0,0.7099657775569805
10.499999999999998,34.0,0.714877593561976
10.599999999999998,34.0,0.7197484265880897
10.699999999999998,34.0,0.7245775989395662
10.799999999999997,34.0,0.7293644569758125
10.899999999999997,34.0,0.7341083713148239
10.999999999999996,34.0,0.7388087370132297
11.099999999999996,34.0,0.7434637801311226
11.199999999999996,34.0,0.7480670696375863
11.299999999999995,34.0,0.7526112633620657
11.399999999999995,34.0,0.7570893303340269
11.499999999999995,34.0,0.7614945548001252
11.599999999999994,34.0,0.7658205381861914
11.699999999999994,34.0,0.7700611989697778
11.799999999999994,34.0,0.7742107704477489
11.899999999999993,34.0,0.778263796401329
11.999999999999993,34.0,0.7822151246778317
12.099999999999993,34.0,0.7860598987237231
12.199999999999992,34.0,0.7897935471174677
12.299999999999992,34.0,0.7934117711625799
12.399999999999991,34.0,0.796910530611302
12.499999999999991,34.0,0.8002860275972472
12.59999999999999,34.0,0.8035346888611062
12.69999999999999,34.0,0.8066531463571165
12.79999999999999,34.0,0.8096382163294328
12.89999999999999,34.0,0.8124868769469036
12.99999999999999,34.0,0.8151962445821221
13.099999999999989,34.0,0.8177635488161334
13.199999999999989,34.0,0.8201861062439971
13.299999999999988,34.0,0.8224612931487129
13.399999999999988,34.0,0.8245865171020398
13.499999999999988,34.0,0.8265591875407045
13.599999999999987,34.0,0.8283766853556607
13.699999999999987,34.0,0.8300363315207144
13.799999999999986,34.0,0.8315353547752533
13.899999999999986,34.0,0.8328708583643329
13.999999999999986,34.0,0.8340397858283273
14.099999999999985,34.0,0.8350388858241021
14.199999999999985,34.0,0.8358646759506206
14.299999999999985,34.0,0.8365134055444847
14.399999999999984,34.0,0.8369810174056389
14.499999999999984,34.0,0.8372631084108489
14.599999999999984,34.0,0.8373556641589168
14.699999999999983,34.0,0.8372640843332704
14.799999999999983,34.0,0.8370001230072082
14.899999999999983,34.0,0.8365753369472912
14.999999999999982,34.0,0.8360010349617847
15.099999999999982,34.0,0.835288354246779
15.199999999999982,34.0,0.8344483307763144
15.299999999999981,34.0,0.8334919637455109
15.39999999999998,34.0,0.8324302740665894
15.49999999999998,34.0,0.8312743569083325
15.59999999999998,34.0,0.8300354282614462
15.69999999999998,34.0,0.8287248655064737
15.79999999999998,34.0,0.8273542419580371
15.899999999999979,34.0,0.8259353553595512
15.999999999999979,34.0,0.8244802503061897
16.09999999999998,34.0,0.8230012345805204
16.199999999999978,34.0,0.8215108893943706
16.299999999999976,34.0,0.8200220735414498
16.399999999999977,34.0,0.8185479214772182
16.49999999999998,34.0,0.8171018353544443
16.599999999999977,34.0,0.8156974710538819
16.699999999999974,34.0,0.8143487182584288
16.799999999999976,34.0,0.8130696746250357
16.899999999999977,34.0,0.8118746141106117
16.999999999999975,34.0,0.8107779495054623
17.099999999999973,34.0,0.8097941892198695
17.199999999999974,34.0,0.8089378883560197
17.299999999999976,34.0,0.8082235940786561
17.399999999999974,34.0,0.8076657852740283
17.49999999999997,34.0,0.8072788064588418
17.599999999999973,34.0,0.8070767958703225
17.699999999999974,34.0,0.8070736076371562
17.799999999999972,34.0,0.8072827279014411
17.89999999999997,34.0,0.8077171847370265
17.99999999999997,34.0,0.8083894516934989
18.099999999999973,34.0,0.8093113447920735
18.19999999999997,34.0,0.8104932378830167
18.29999999999997,34.0,0.8119333521224632
18.39999999999997,34.0,0.8136198740633582
18.49999999999997,34.0,0.8155402156287077
18.59999999999997,34.0,0.8176813682341435
18.699999999999967,34.0,0.8200299695403184
18.79999999999997,34.0,0.8225723689073421
18.89999999999997,34.0,0.8252946917125329
18.999999999999968,34.0,0.828182902632224
19.099999999999966,34.0,0.8312228679256586
19.199999999999967,34.0,0.834400416696315
19.29999999999997,34.0,0.8377014010453674
19.399999999999967,34.0,0.8411117549752261
19.499999999999964,34.0,0.8446175518498383
19.599999999999966,34.0,0.8482050601740314
19.699999999999967,34.0,0.8518607974178142
19.799999999999965,34.0,0.8555715815841066
19.899999999999963,34.0,0.8593245802004481
19.999999999999964,34.0,0.8631073564072222
20.099999999999966,34.0,0.8669079118169093
20.199999999999964,34.0,0.8707147258306066
20.29999999999996,34.0,0.874516791119141
20.399999999999963,34.0,0.8783036450057806
20.499999999999964,34.0,0.8820653965249534
20.599999999999962,34.0,0.8857927489753576
20.69999999999996,34.0,0.8894770178351248
20.79999999999996,34.0,0.8931101439599114
20.899999999999963,34.0,0.8966847020404523
20.99999999999996,34.0,0.9001939043527476
21.09999999999996,34.0,0.9036315998901787
21.19999999999996,34.0,0.906992269021075
21.29999999999996,34.0,0.9102710138662506
21.39999999999996,34.0,0.9134635446376457
21.499999999999957,34.0,0.9165661622204295
21.59999999999996,34.0,0.9195757373159392
21.69999999999996,34.0,0.9224896864910361
21.799999999999958,34.0,0.9253059455004556
21.899999999999956,34.0,0.9280229405338278
21.999999999999957,34.0,0.9306404457507973
22.09999999999996,34.0,0.9331613484989418
22.199999999999957,34.0,0.9355890555839652
22.299999999999955,34.0,0.9379268790145541
22.399999999999956,34.0,0.9401780361758423
22.499999999999957,34.0,0.9423456502663019
22.599999999999955,34.0,0.9444327509712163
22.699999999999953,34.0,0.9464422753475663
22.799999999999955,34.0,0.9483770688967919
22.899999999999956,34.0,0.950239886803465
22.999999999999954,34.0,0.9520333953194505
23.09999999999995,34.0,0.9537601732745855
23.199999999999953,34.0,0.9554227136963345
23.299999999999955,34.0,0.957023425522209
23.399999999999952,34.0,0.958564635390038
23.49999999999995,34.0,0.9600485894923839
23.59999999999995,34.0,0.9614774554825584
23.699999999999953,34.0,0.9628533244207806
23.79999999999995,34.0,0.9641782127500486
23.89999999999995,34.0,0.9654540642922598
23.99999999999995,34.0,0.9666827522560199
24.09999999999995,34.0,0.9678660812484253
24.19999999999995,34.0,0.9690057892838991
24.299999999999947,34.0,0.9701035497838848
24.39999999999995,34.0,0.9711609735618987
24.49999999999995,34.0,0.9721796107890599
24.599999999999948,34.0,0.9731609529358156
24.699999999999946,34.0,0.9741064346861054
24.799999999999947,34.0,0.9750174358207203
24.89999999999995,34.0,0.9758952830670538
24.999999999999947,34.0,0.9767412519128705
10.0,34.5,0.6754418466901053
10.1,34.5,0.6806131909199029
10.2,34.5,0.6857487934755297
10.299999999999999,34.5,0.6908478198963826
10.399999999999999,34.5,0.695909457770774
10.499999999999998,34.5,0.7009329170970401
10.599999999999998,34.5,0.7059174306219228
10.699999999999998,34.5,0.7108622541560352
10.799999999999997,34.5,0.715766666866253
10.899999999999997,34.5,0.7206299715449052
10.999999999999996,34.5,0.725451494855676
11.099999999999996,34.5,0.7302293621071394
11.199999999999996,34.5,0.7349569103703958
11.299999999999995,34.5,0.739626524824554
11.399999999999995,34.5,0.7442308932731577
11.499999999999995,34.5,0.7487630113789832
11.599999999999994,34.5,0.7532161858517354
11.699999999999994,34.5,0.7575840355395924
11.799999999999994,34.5,0.7618604903948452
11.899999999999993,34.5,0.7660397883025603
11.999999999999993,34.5,0.7701164697789036
12.099999999999993,34.5,0.7740853705622492
12.199999999999992,34.5,0.7779416121351754
12.299999999999992,34.5,0.7816805902287054
12.399999999999991,34.5,0.7852979613715185
12.499999999999991,34.5,0.788789627556184
12.59999999999999,34.5,0.7921517191016967
12.69999999999999,34.5,0.7953805757966519
12.79999999999999,34.5,0.79847272641031
12.89999999999999,34.5,0.8014248666595944
12.99999999999999,34.5,0.8042338357188541
13.099999999999989,34.5,0.8068965913560835
13.199999999999989,34.5,0.8094101837744295
13.299999999999988,34.5,0.811771728231383
13.399999999999988,34.5,0.8139783765002748
13.499999999999988,34.5,0.8160272872298315
13.599999999999987,34.5,0.8179155952478314
13.699999999999987,34.5,0.819640379844655
13.799999999999986,34.5,0.8211986320620399
13.899999999999986,34.5,0.822587221001974
13.999999999999986,34.5,0.8238028591607556
14.099999999999985,34.5,0.8248420667842044
14.199999999999985,34.5,0.8257011352322616
14.299999999999985,34.5,0.8263760893352311
14.399999999999984,34.5,0.826862648720211
14.499999999999984,34.5,0.8271561880854391
14.599999999999984,34.5,0.8272525030796514
14.699999999999983,34.5,0.8271572036382859
14.799999999999983,34.5,0.8268825292718196
14.899999999999983,34.5,0.8264405280359252
14.999999999999982,34.5,0.8258430005149723
15.099999999999982,34.5,0.8251015762443343
15.199999999999982,34.5,0.8242277841814486
15.299999999999981,34.5,0.823233117206307
15.39999999999998,34.5,0.8221290906305576
15.49999999999998,34.5,0.8209272946919761
15.59999999999998,34.5,0.8196394410092469
15.69999999999998,34.5,0.8182774029718556
15.79999999999998,34.5,0.8168532500421162
15.899999999999979,34.5,0.8153792759512526
15.999999999999979,34.5,0.813868020779029
16.09999999999998,34.5,0.8123322869163987
16.199999999999978,34.5,0.8107851489224936
16.299999999999976,34.5,0.8092399573002746
16.399999999999977,34.5,0.8077103362284382
16.49999999999998,34.5,0.8062101752997259
16.599999999999977,34.5,0.8047536153265411
16.699999999999974,34.5,0.8033550282827131
16.799999999999976,34.5,0.8020289914542911
16.899999999999977,34.5,0.8007902558715309
16.999999999999975,34.5,0.7996537090879627
17.099999999999973,34.5,0.7986343323600829
17.199999999999974,34.5,0.7977471522625246
17.299999999999976,34.5,0.7970071867486133
17.399999999999974,34.5,0.7964293856354685
17.49999999999997,34.5,0.7960285654571839
17.599999999999973,34.5,0.795819338590513
17.699999999999974,34.5,0.7958160365168823
17.799999999999972,34.5,0.7960326270449691
17.89999999999997,34.5,0.7964826252827604
17.99999999999997,34.5,0.7971789981207621
18.099999999999973,34.5,0.7981340619734936
18.19999999999997,34.5,0.7993586741406067
18.29999999999997,34.5,0.8008511353066543
18.39999999999997,34.5,0.8025993741122343
18.49999999999997,34.5,0.8045905347301614
18.59999999999997,34.5,0.8068113390694986
18.699999999999967,34.5,0.8092481513478607
18.79999999999997,34.5,0.8118870414647523
18.89999999999997,34.5,0.8147138473861492
18.999999999999968,34.5,0.8177142366841617
19.099999999999966,34.5,0.8208737673069721
19.199999999999967,34.5,0.8241779475855101
19.29999999999997,34.5,0.827612295416551
19.399999999999967,34.5,0.8311623964989504
19.499999999999964,34.5,0.8348139614421833
19.599999999999966,34.5,0.8385528815156995
19.699999999999967,34.5,0.8423652827650299
19.799999999999965,34.5,0.8462375781870646
19.899999999999963,34.5,0.8501565176331695
19.999999999999964,34.5,0.8541092350952626
20.099999999999966,34.5,0.8580832930268375
20.199999999999964,34.5,0.8620667233580451
20.29999999999996,34.5,0.8660480648810112
20.399999999999963,34.5,0.8700163967079192
20.499999999999964,34.5,0.8739613675391836
20.599999999999962,34.5,0.8778732205212003
20.69999999999996,34.5,0.88174281352145
20.79999999999996,34.5,0.8855616347017723
20.899999999999963,34.5,0.88932181332693
20.99999999999996,34.5,0.8930161258036599
21.09999999999996,34.5,0.896637997003682
21.19999999999996,34.5,0.9001814969811854
21.29999999999996,34.5,0.9036413332496888
21.39999999999996,34.5,0.9070128388336378
21.499999999999957,34.5,0.9102919563555285
21.59999999999996,34.5,0.9134752184587982
21.69999999999996,34.5,0.9165597248994948
21.799999999999958,34.5,0.9195431166652794
21.899999999999956,34.5,0.9224235477862971
21.999999999999957,34.5,0.9252005976829958
22.09999999999996,34.5,0.9278771516438555
22.199999999999957,34.5,0.930456656196932
22.299999999999955,34.5,0.9329424676466864
22.399999999999956,34.5,0.9353378517648522
22.499999999999957,34.5,0.9376459837730149
22.599999999999955,34.5,0.9398699485893414
22.699999999999953,34.5,0.9420127413134921
22.799999999999955,34.5,0.9440772679253141
22.899999999999956,34.5,0.9460663461744468
22.999999999999954,34.5,0.947982706639463
23.09999999999995,34.5,0.9498289939366046
23.199999999999953,34.5,0.9516077680595741
23.299999999999955,34.5,0.9533215058331763
23.399999999999952,34.5,0.9549726024648848
23.49999999999995,34.5,0.9565633731796374
23.59999999999995,34.5,0.9580960549243265
23.699999999999953,34.5,0.9595728081295549
23.79999999999995,34.5,0.9609957185172786
23.89999999999995,34.5,0.9623667989439417
23.99999999999995,34.5,0.9636879912696417
24.09999999999995,34.5,0.9649611682447371
24.19999999999995,34.5,0.9661881354061297
24.299999999999947,34.5,0.9673706329762166
24.39999999999995,34.5,0.9685103377582284
24.49999999999995,34.5,0.9696088650223266
24.599999999999948,34.5,0.9706677703774622
24.699999999999946,34.5,0.9716885516245615
24.799999999999947,34.5,0.9726726505871408
24.89999999999995,34.5,0.9736214549159363
24.999999999999947,34.5,0.9745362998645937
10.0,35.0,0.6610204705733981
10.1,35.0,0.6662857691918808
10.2,35.0,0.6715177353073045
10.299999999999999,35.0,0.6767154757792687
10.399999999999999,35.0,0.6818781184061034
10.499999999999998,35.0,0.687004812347326
10.599999999999998,35.0,0.6920947285240663
10.699999999999998,35.0,0.6971470599971697
10.799999999999997,35.0,0.7021610223227449
10.899999999999997,35.0,0.7071358538849316
10.999999999999996,35.0,0.7120708162057111
11.099999999999996,35.0,0.7169639388561491
11.199999999999996,35.0,0.7218083392633501
11.299999999999995,35.0,0.726596143091458
11.399999999999995,35.0,0.7313197688944494
11.499999999999995,35.0,0.7359719345449092
11.599999999999994,35.0,0.7405456616338593
11.699999999999994,35.0,0.7450342777778849
11.799999999999994,35.0,0.7494314167895331
11.899999999999993,35.0,0.7537310166862481
11.999999999999993,35.0,0.7579273155316155
12.099999999999993,35.0,0.7620148451201246
12.199999999999992,35.0,0.7659884225327287
12.299999999999992,35.0,0.7698431396049474
12.399999999999991,35.0,0.7735743503619315
12.499999999999991,35.0,0.7771776564856119
12.59999999999999,35.0,0.7806488908877163
12.69999999999999,35.0,0.7839840994689576
12.79999999999999,35.0,0.7871795211490761
12.89999999999999,35.0,0.7902315662546832
12.99999999999999,35.0,0.7931367933520895
13.099999999999989,35.0,0.7958918846105708
13.199999999999989,35.0,0.7984936197780415
13.299999999999988,35.0,0.8009388488460064
13.399999999999988,35.0,0.8032244634741761
13.499999999999988,35.0,0.8053473672375082
13.599999999999987,35.0,0.8073044447499502
13.699999999999987,35.0,0.8090925297101044
13.799999999999986,35.0,0.810708371904739
13.899999999999986,35.0,0.8121486031969036
13.999999999999986,35.0,0.813409702516729
14.099999999999985,35.0,0.8144879598652455
14.199999999999985,35.0,0.8153794393351887
14.299999999999985,35.0,0.8160799411482585
14.399999999999984,35.0,0.8165849627062435
14.499999999999984,35.0,0.8168896586543973
14.599999999999984,35.0,0.816989637327856
14.699999999999983,35.0,0.8168907128295664
14.799999999999983,35.0,0.8166055984221088
14.899999999999983,35.0,0.8161468227457425
14.999999999999982,35.0,0.8155266682977487
15.099999999999982,35.0,0.8147572476749722
15.199999999999982,35.0,0.8138505738898709
15.299999999999981,35.0,0.8128186247119799
15.39999999999998,35.0,0.8116734009929853
15.49999999999998,35.0,0.8104269789382534
15.59999999999998,35.0,0.8090915562922495
15.69999999999998,35.0,0.8076794924109432
15.79999999999998,35.0,0.806203342201693
15.899999999999979,35.0,0.8046758839205916
15.999999999999979,35.0,0.8031101408287985
16.09999999999998,35.0,0.8015193967226955
16.199999999999978,35.0,0.7999172053672386
16.299999999999976,35.0,0.7983173938768533
16.399999999999977,35.0,0.7967340601027579
16.49999999999998,35.0,0.7951815640986484
16.599999999999977,35.0,0.7936745137471558
16.699999999999974,35.0,0.7922277446363202
16.799999999999976,35.0,0.7908562942774593
16.899999999999977,35.0,0.7895753707523285
16.999999999999975,35.0,0.7884003158676085
17.099999999999973,35.0,0.7873465628779779
17.199999999999974,35.0,0.7864295888150912
17.299999999999976,35.0,0.7856648614287531
17.399999999999974,35.0,0.7850677807089655
17.49999999999997,35.0,0.784653614914236
17.599999999999973,35.0,0.7844374309840081
17.699999999999974,35.0,0.7844340191633008
17.799999999999972,35.0,0.7846578116181981
17.89999999999997,35.0,0.7851227947749444
17.99999999999997,35.0,0.7858424150770238
18.099999999999973,35.0,0.7868294778283547
18.19999999999997,35.0,0.7880953157853674
18.29999999999997,35.0,0.7896383182670547
18.39999999999997,35.0,0.7914461791134968
18.49999999999997,35.0,0.7935057998890899
18.59999999999997,35.0,0.795803659554946
18.699999999999967,35.0,0.7983258766130455
18.79999999999997,35.0,0.8010582701522679
18.89999999999997,35.0,0.8039864200550022
18.999999999999968,35.0,0.8070957265511718
19.099999999999966,35.0,0.8103714692323034
19.199999999999967,35.0,0.8137988655638626
19.29999999999997,35.0,0.8173631288615295
19.399999999999967,35.0,0.8210495256282013
19.499999999999964,35.0,0.8248434320849967
19.599999999999966,35.0,0.8287303896728263
19.699999999999967,35.0,0.8326961592524977
19.799999999999965,35.0,0.8367267736918305
19.899999999999963,35.0,0.8408085884987082
19.999999999999964,35.0,0.8449283301398818
20.099999999999966,35.0,0.8490731416769757
20.199999999999964,35.0,0.8532306253534947
20.29999999999996,35.0,0.8573888817794374
20.399999999999963,35.0,0.8615365453828332
20.499999999999964,35.0,0.8656628158293762
20.599999999999962,35.0,0.8697574851512909
20.69999999999996,35.0,0.8738109603734597
20.79999999999996,35.0,0.8778142814772896
20.899999999999963,35.0,0.8817591345993461
20.99999999999996,35.0,0.8856378604208677
21.09999999999996,35.0,0.8894434577643491
21.19999999999996,35.0,0.8931695824728915
21.29999999999996,35.0,0.8968105417054866
21.39999999999996,35.0,0.9003612838354786
21.499999999999957,35.0,0.903817384188879
21.59999999999996,35.0,0.907175026902995
21.69999999999996,35.0,0.9104309832230771
21.799999999999958,35.0,0.9135825865848078
21.899999999999956,35.0,0.9166277051575082
21.999999999999957,35.0,0.9195657096857348
22.09999999999996,35.0,0.9223994709216147
22.199999999999957,35.0,0.9251324634368818
22.299999999999955,35.0,0.9277680766864652
22.399999999999956,35.0,0.9303096142089089
22.499999999999957,35.0,0.9327602931452552
22.599999999999955,35.0,0.9351232440483237
22.699999999999953,35.0,0.9374015109558129
22.799999999999955,35.0,0.939598051702148
22.899999999999956,35.0,0.9417157384454584
22.999999999999954,35.0,0.9437573583875107
23.09999999999995,35.0,0.9457256146658277
23.199999999999953,35.0,0.9476231273985771
23.299999999999955,35.0,0.949452434864142
23.399999999999952,35.0,0.9512159947985482
23.49999999999995,35.0,0.952916185795141
23.59999999999995,35.0,0.9545553087920756
23.699999999999953,35.0,0.9561355886342884
23.79999999999995,35.0,0.9576591756976855
23.89999999999995,35.0,0.9591281475642777
23.99999999999995,35.0,0.9605445107379446
24.09999999999995,35.0,0.9619102023914079
24.19999999999995,35.0,0.9632270921358345
24.299999999999947,35.0,0.9644969838052806
24.39999999999995,35.0,0.9657216172489338
24.49999999999995,35.0,0.9669026701248018
24.599999999999948,35.0,0.9680417596891429
24.699999999999946,35.0,0.9691404445765384
24.799999999999947,35.0,0.9702002265660664
24.89999999999995,35.0,0.9712225523295521
24.999999999999947,35.0,0.9722088151583566
10.0,35.5,0.6466815482524475
10.1,35.5,0.6520320172351978
10.2,35.5,0.657351659696771
10.299999999999999,35.5,0.662639528374082
10.399999999999999,35.5,0.6678946956979701
10.499999999999998,35.5,0.673116254273364
10.599999999999998,35.5,0.6783033173383213
10.699999999999998,35.5,0.6834550192015794
10.799999999999997,35.5,0.6885705156582845
10.899999999999997,35.5,0.6936489843835929
10.999999999999996,35.5,0.6986896253038817
11.099999999999996,35.5,0.703690377590751
11.199999999999996,35.5,0.7086441517141671
11.299999999999995,35.5,0.7135428275005694
11.399999999999995,35.5,0.7183785668664169
11.499999999999995,35.5,0.7231438214102937
11.599999999999994,35.5,0.7278313380038476
11.699999999999994,35.5,0.7324341623032914
11.799999999999994,35.5,0.7369456401232347
11.899999999999993,35.5,0.7413594166343794
11.999999999999993,35.5,0.7456694333658084
12.099999999999993,35.5,0.7498699230108776
12.199999999999992,35.5,0.7539554020527779
12.299999999999992,35.5,0.7579206612414422
12.399999999999991,35.5,0.7617607539673752
12.499999999999991,35.5,0.7654709825900277
12.59999999999999,35.5,0.7690468827883774
12.69999999999999,35.5,0.772484206009361
12.79999999999999,35.5,0.7757789000956303
12.89999999999999,35.5,0.7789270881778745
12.99999999999999,35.5,0.7819250459186305
13.099999999999989,35.5,0.7847691771942558
13.199999999999989,35.5,0.7874559882996706
13.299999999999988,35.5,0.789982060756772
13.399999999999988,35.5,0.792344022802306
13.499999999999988,35.5,0.7945385196246858
13.599999999999987,35.5,0.7965621824120578
13.699999999999987,35.5,0.7984115962661469
13.799999999999986,35.5,0.8000832670283973
13.899999999999986,35.5,0.8015735870570431
13.999999999999986,35.5,0.8028787999863873
14.099999999999985,35.5,0.803994964493197
14.199999999999985,35.5,0.8049179170901952
14.299999999999985,35.5,0.8056432339636952
14.399999999999984,35.5,0.8061661918720371
14.499999999999984,35.5,0.8064817281243118
14.599999999999984,35.5,0.806585266856739
14.699999999999983,35.5,0.8064828198288208
14.799999999999983,35.5,0.8061875613089731
14.899999999999983,35.5,0.8057124887070068
14.999999999999982,35.5,0.8050703554300767
15.099999999999982,35.5,0.8042737466970113
15.199999999999982,35.5,0.8033351494702599
15.299999999999981,35.5,0.8022670164283313
15.39999999999998,35.5,0.801081823915797
15.49999999999998,35.5,0.7997921238197537
15.59999999999998,35.5,0.7984105893327536
15.69999999999998,35.5,0.7969500545737231
15.79999999999998,35.5,0.7954235480510516
15.899999999999979,35.5,0.7938443199661072
15.999999999999979,35.5,0.7922258633709778
16.09999999999998,35.5,0.7905819292108542
16.199999999999978,35.5,0.7889265352986323
16.299999999999976,35.5,0.7872739692862263
16.399999999999977,35.5,0.7856387857127951
16.49999999999998,35.5,0.7840357972235599
16.599999999999977,35.5,0.7824800600630022
16.699999999999974,35.5,0.7809868539519135
16.799999999999976,35.5,0.7795716564579149
16.899999999999977,35.5,0.7782501119628124
16.999999999999975,35.5,0.7770379953166848
17.099999999999973,35.5,0.7759511702474275
17.199999999999974,35.5,0.7750055425653223
17.299999999999976,35.5,0.7742170081652118
17.399999999999974,35.5,0.7736013957844556
17.49999999999997,35.5,0.773174404424059
17.599999999999973,35.5,0.7729515352845455
17.699999999999974,35.5,0.7729480180093748
17.799999999999972,35.5,0.7731787309695037
17.89999999999997,35.5,0.7736581152663744
17.99999999999997,35.5,0.7744000820810922
18.099999999999973,35.5,0.7754179129595823
18.19999999999997,35.5,0.7767234068922113
18.29999999999997,35.5,0.7783150503157943
18.39999999999997,35.5,0.7801803252834538
18.49999999999997,35.5,0.7823059157581206
18.59999999999997,35.5,0.7846780841438191
18.699999999999967,35.5,0.7872827307752059
18.79999999999997,35.5,0.7901054524109858
18.89999999999997,35.5,0.7931316000376235
18.999999999999968,35.5,0.7963463362128143
19.099999999999966,35.5,0.79973469209878
19.199999999999967,35.5,0.8032816242557983
19.29999999999997,35.5,0.8069720711883996
19.399999999999967,35.5,0.8107910095622619
19.499999999999964,35.5,0.8147235099406327
19.599999999999966,35.5,0.8187547918266469
19.699999999999967,35.5,0.822870277743472
19.799999999999965,35.5,0.8270556460389185
19.899999999999963,35.5,0.8312968820658637
19.999999999999964,35.5,0.8355803273651712
20.099999999999966,35.5,0.8398927264641316
20.199999999999964,35.5,0.8442212709008793
20.29999999999996,35.5,0.8485536400935768
20.399999999999963,35.5,0.8528780386919825
20.499999999999964,35.5,0.8571832300775948
20.599999999999962,35.5,0.8614585657159913
20.69999999999996,35.5,0.8656940101100725
20.79999999999996,35.5,0.8698801611543905
20.899999999999963,35.5,0.8740082657471017
20.99999999999996,35.5,0.8780702305757968
21.09999999999996,35.5,0.8820586280549273
21.19999999999996,35.5,0.8859666974541753
21.29999999999996,35.5,0.889788341317348
21.39999999999996,35.5,0.8935181173287852
21.499999999999957,35.5,0.8971512258375083
21.59999999999996,35.5,0.9006834932972647
21.69999999999996,35.5,0.9041113519222783
21.799999999999958,35.5,0.9074318158931431
21.899999999999956,35.5,0.9106424547955491
21.999999999999957,35.5,0.9137424174946911
22.09999999999996,35.5,0.9167345479286544
22.199999999999957,35.5,0.9196223370934965
22.299999999999955,35.5,0.9224091964664991
22.399999999999956,35.5,0.925098456712039
22.499999999999957,35.5,0.9276933667309568
22.599999999999955,35.5,0.9301970930250516
22.699999999999953,35.5,0.9326127193497287
22.799999999999955,35.5,0.9349432466292207
22.899999999999956,35.5,0.937191593110198
22.999999999999954,35.5,0.9393605947309482
23.09999999999995,35.5,0.9414530056846621
23.199999999999953,35.5,0.943471499156677
23.299999999999955,35.5,0.9454186682168193
23.399999999999952,35.5,0.9472970268492238
23.49999999999995,35.5,0.9491090111032232
23.59999999999995,35.5,0.9508569803500404
23.699999999999953,35.5,0.9525432186311412
23.79999999999995,35.5,0.9541699360851557
23.89999999999995,35.5,0.9557392704412895
23.99999999999995,35.5,0.957253288568106
24.09999999999995,35.5,0.9587139880674704
24.19999999999995,35.5,0.9601232989043105
24.299999999999947,35.5,0.9614830850636509
24.39999999999995,35.5,0.9627951462271558
24.49999999999995,35.5,0.9640612194621181
24.599999999999948,35.5,0.9652829809165155
24.699999999999946,35.5,0.9664620475143757
24.799999999999947,35.5,0.9675999786462811
24.89999999999995,35.5,0.968698277850391
24.999999999999947,35.5,0.9697583944798629
10.0,36.0,0.6324450087129502
10.1,36.0,0.6378720165157081
10.2,36.0,0.6432707839463467
10.299999999999999,36.0,0.6486403143077715
10.399999999999999,36.0,0.6539796292336841
10.499999999999998,36.0,0.6592877692224173
10.599999999999998,36.0,0.6645637941507576
10.699999999999998,36.0,0.6698067837673106
10.799999999999997,36.0,0.6750158381649899
10.899999999999997,36.0,0.6801900782322443
10.999999999999996,36.0,0.6853286460826717
11.099999999999996,36.0,0.6904293960798172
11.199999999999996,36.0,0.695485044733192
11.299999999999995,36.0,0.7004872401142688
11.399999999999995,36.0,0.7054279006138352
11.499999999999995,36.0,0.7102992236606693
11.599999999999994,36.0,0.7150936924759377
11.699999999999994,36.0,0.719804080770833
11.799999999999994,36.0,0.7244234553151638
11.899999999999993,36.0,0.72894517632474
11.999999999999993,36.0,0.7333628956351567
12.099999999999993,36.0,0.7376705526485865
12.199999999999992,36.0,0.7418623680581562
12.299999999999992,36.0,0.7459328353711221
12.399999999999991,36.0,0.7498767102671328
12.499999999999991,36.0,0.7536889978411823
12.59999999999999,36.0,0.7573649377922544
12.69999999999999,36.0,0.7608999876280353
12.79999999999999,36.0,0.7642898039633914
12.89999999999999,36.0,0.7675302219955251
12.99999999999999,36.0,0.7706172332419169
13.099999999999989,36.0,0.7735469616283845
13.199999999999989,36.0,0.7763156380140046
13.299999999999988,36.0,0.7789195732373753
13.399999999999988,36.0,0.7813551297650138
13.499999999999988,36.0,0.7836186920177787
13.599999999999987,36.0,0.7857066354453948
13.699999999999987,36.0,0.7876152944127497
13.799999999999986,36.0,0.7893409289549757
13.899999999999986,36.0,0.7908796904518085
13.999999999999986,36.0,0.792227586265762
14.099999999999985,36.0,0.7933804433837175
14.199999999999985,36.0,0.7943338710981215
14.299999999999985,36.0,0.7950832227626342
14.399999999999984,36.0,0.7956235566584262
14.499999999999984,36.0,0.7959495960119864
14.599999999999984,36.0,0.7960565843034829
14.699999999999983,36.0,0.7959507240803497
14.799999999999983,36.0,0.7956456369581684
14.899999999999983,36.0,0.7951547763366039
14.999999999999982,36.0,0.7944913545322307
15.099999999999982,36.0,0.7936684179248663
15.199999999999982,36.0,0.792698916284233
15.299999999999981,36.0,0.7915957661707356
15.39999999999998,36.0,0.7903719083262747
15.49999999999998,36.0,0.7890403589901117
15.59999999999998,36.0,0.7876142550924632
15.69999999999998,36.0,0.7861068932959383
15.79999999999998,36.0,0.7845317628728434
15.899999999999979,36.0,0.7829025724250837
15.999999999999979,36.0,0.7812332704728682
16.09999999999998,36.0,0.7795380599583281
16.199999999999978,36.0,0.7778314067298934
16.299999999999976,36.0,0.7761280420920308
16.399999999999977,36.0,0.7744429595217757
16.49999999999998,36.0,0.7727914056672986
16.599999999999977,36.0,0.7711888657534347
16.699999999999974,36.0,0.7696510435235553
16.799999999999976,36.0,0.7681938358453068
16.899999999999977,36.0,0.766833302098679
16.999999999999975,36.0,0.7655856284478258
17.099999999999973,36.0,0.7644670870725216
17.199999999999974,36.0,0.7634939904008795
17.299999999999976,36.0,0.7626826403420894
17.399999999999974,36.0,0.7620492724669365
17.49999999999997,36.0,0.761609995025716
17.599999999999973,36.0,0.7613807226292837
17.699999999999974,36.0,0.7613771043513773
17.799999999999972,36.0,0.7616144459416061
17.89999999999997,36.0,0.7621076257718886
17.99999999999997,36.0,0.7628710040785831
18.099999999999973,36.0,0.763918325012845
18.19999999999997,36.0,0.7652618434837691
18.29999999999997,36.0,0.7669001508927876
18.39999999999997,36.0,0.768820540280998
18.49999999999997,36.0,0.7710095027309345
18.59999999999997,36.0,0.7734531101543893
18.699999999999967,36.0,0.7761370719224545
18.79999999999997,36.0,0.7790467906019388
18.89999999999997,36.0,0.7821674171512703
18.999999999999968,36.0,0.7854839058473158
19.099999999999966,36.0,0.7889810691304134
19.199999999999967,36.0,0.792643632470379
19.29999999999997,36.0,0.7964562892732951
19.399999999999967,36.0,0.80040375576932
19.499999999999964,36.0,0.8044708257472326
19.599999999999966,36.0,0.8086424249335038
19.699999999999967,36.0,0.8129036647536686
19.799999999999965,36.0,0.8172398951628443
19.899999999999963,36.0,0.8216367561913409
19.999999999999964,36.0,0.8260802278211274
20.099999999999966,36.0,0.8305566777899503
20.199999999999964,36.0,0.8350529069122941
20.29999999999996,36.0,0.839556191510108
20.399999999999963,36.0,0.8440543225608894
20.499999999999964,36.0,0.8485356411957656
20.599999999999962,36.0,0.8529890702147427
20.69999999999996,36.0,0.8574041413292323
20.79999999999996,36.0,0.8617710178920446
20.899999999999963,36.0,0.8660805129308172
20.99999999999996,36.0,0.8703241023607711
21.09999999999996,36.0,0.8744939333151556
21.19999999999996,36.0,0.8785828275951124
21.29999999999996,36.0,0.8825842803033563
21.39999999999996,36.0,0.8864924537865084
21.499999999999957,36.0,0.8903021670677107
21.59999999999996,36.0,0.894008881003042
21.69999999999996,36.0,0.8976086794411713
21.799999999999958,36.0,0.9010982467047538
21.899999999999956,36.0,0.90447484208157
21.999999999999957,36.0,0.9077373801342988
22.09999999999996,36.0,0.910888665983165
22.199999999999957,36.0,0.9139321955666757
22.299999999999955,36.0,0.9168713913502945
22.399999999999956,36.0,0.9197096005372144
22.499999999999957,36.0,0.9224500936457767
22.599999999999955,36.0,0.9250960634250782
22.699999999999953,36.0,0.927650624081586
22.799999999999955,36.0,0.9301168107908614
22.899999999999956,36.0,0.9324975794698038
22.999999999999954,36.0,0.9347958067861154
23.09999999999995,36.0,0.9370142903829707
23.199999999999953,36.0,0.9391557492981435
23.299999999999955,36.0,0.9412228245580856
23.399999999999952,36.0,0.9432180799286577
23.49999999999995,36.0,0.9451440028053928
23.59999999999995,36.0,0.9470030052273062
23.699999999999953,36.0,0.9487974249993678
23.79999999999995,36.0,0.9505295269098002
23.89999999999995,36.0,0.9522015040293819
23.99999999999995,36.0,0.9538154790808915
24.09999999999995,36.0,0.9553735058677528
24.19999999999995,36.0,0.9568775707518096
24.299999999999947,36.0,0.9583295941709813
24.39999999999995,36.0,0.9597314321883388
24.49999999999995,36.0,0.9610848780648644
24.599999999999948,36.0,0.9623916638488645
24.699999999999946,36.0,0.9636534619756396
24.799999999999947,36.0,0.9648718868716355
24.89999999999995,36.0,0.9660484965578628
24.999999999999947,36.0,0.967184794247904
10.0,36.5,0.618328163733815
10.1,36.5,0.6238232683578808
10.2,36.5,0.6292927832542807
10.299999999999999,36.5,0.6347356670583527
10.399999999999999,36.5,0.6401508952708362
10.499999999999998,36.5,0.6455374608410309
10.599999999999998,36.5,0.6508943747312383
10.699999999999998,36.5,0.6562206664619559
10.799999999999997,36.5,0.6615153846373358
10.899999999999997,36.5,0.6667775974504384
10.999999999999996,36.5,0.6720063931678473
11.099999999999996,36.5,0.6771995471248778
11.199999999999996,36.5,0.6823495950657743
11.299999999999995,36.5,0.6874479676709833
11.399999999999995,36.5,0.692486353292157
11.499999999999995,36.5,0.6974567077553638
11.599999999999994,36.5,0.7023512622454877
11.699999999999994,36.5,0.707162529165491
11.799999999999994,36.5,0.7118833058844429
11.899999999999993,36.5,0.7165066763086038
11.999999999999993,36.5,0.72102601023004
12.099999999999993,36.5,0.7254349604268837
12.199999999999992,36.5,0.72972745750811
12.299999999999992,36.5,0.7338977025132909
12.399999999999991,36.5,0.7379401572939537
12.499999999999991,36.5,0.7418495327176746
12.59999999999999,36.5,0.7456207747487564
12.69999999999999,36.5,0.7492490484700763
12.79999999999999,36.5,0.7527297201194526
12.89999999999999,36.5,0.7560583372205698
12.99999999999999,36.5,0.7592306068931858
13.099999999999989,36.5,0.7622423724300824
13.199999999999989,36.5,0.7650895882291241
13.299999999999988,36.5,0.7677682931680274
13.399999999999988,36.5,0.7702745825072213
13.499999999999988,36.5,0.7726045784027336
13.599999999999987,36.5,0.7747543991066693
13.699999999999987,36.5,0.7767201269278631
13.799999999999986,36.5,0.7784977750200545
13.899999999999986,36.5,0.7800832530598572
13.999999999999986,36.5,0.7814723318722898
14.099999999999985,36.5,0.7826606070582025
14.199999999999985,36.5,0.7836434616760841
14.299999999999985,36.5,0.7844160280310315
14.399999999999984,36.5,0.7849731486267524
14.499999999999984,36.5,0.7853093363430129
14.599999999999984,36.5,0.7854196579258685
14.699999999999983,36.5,0.7853104995489648
14.799999999999983,36.5,0.7849959157454269
14.899999999999983,36.5,0.7844898022999564
14.999999999999982,36.5,0.7838058175776637
15.099999999999982,36.5,0.7829574567721616
15.199999999999982,36.5,0.7819581204145163
15.299999999999981,36.5,0.7808211770078273
15.39999999999998,36.5,0.779560019682336
15.49999999999998,36.5,0.7781881167923184
15.59999999999998,36.5,0.7767190564002652
15.69999999999998,36.5,0.7751665846172097
15.79999999999998,36.5,0.7735446377912234
15.899999999999979,36.5,0.7718673685593981
15.999999999999979,36.5,0.7701491658020088
16.09999999999998,36.5,0.7684046685606818
16.199999999999978,36.5,0.7666487740046193
16.299999999999976,36.5,0.7648966395494692
16.399999999999977,36.5,0.7631636792512793
16.49999999999998,36.5,0.7614655546120503
16.599999999999977,36.5,0.7598181599425886
16.699999999999974,36.5,0.7582376024315336
16.799999999999976,36.5,0.7567401770655533
16.899999999999977,36.5,0.7553423365338316
16.999999999999975,36.5,0.7540606562293865
17.099999999999973,36.5,0.752911794429946
17.199999999999974,36.5,0.7519124477018448
17.299999999999976,36.5,0.7510793015218139
17.399999999999974,36.5,0.7504289760541276
17.49999999999997,36.5,0.7499779669552968
17.599999999999973,36.5,0.7497425810067728
17.699999999999974,36.5,0.7497388662999613
17.799999999999972,36.5,0.7499825366197942
17.89999999999997,36.5,0.7504888895964036
17.99999999999997,36.5,0.7512727181230521
18.099999999999973,36.5,0.7523482144771075
18.19999999999997,36.5,0.7537280782131517
18.29999999999997,36.5,0.7554110129035622
18.39999999999997,36.5,0.7573841449945273
18.49999999999997,36.5,0.7596337969954141
18.59999999999997,36.5,0.7621458759309105
18.699999999999967,36.5,0.7649059269279321
18.79999999999997,36.5,0.7678991860113402
18.89999999999997,36.5,0.7711106325069716
18.999999999999968,36.5,0.7745250413645148
19.099999999999966,36.5,0.7781270356242957
19.199999999999967,36.5,0.7819011391630768
19.29999999999997,36.5,0.7858318297664557
19.399999999999967,36.5,0.7899035924911137
19.499999999999964,36.5,0.7941009732006981
19.599999999999966,36.5,0.7984086320860551
19.699999999999967,36.5,0.8028113969152102
19.799999999999965,36.5,0.8072943157021539
19.899999999999963,36.5,0.811842708437122
19.999999999999964,36.5,0.8164422174854555
20.099999999999966,36.5,0.8210788562378425
20.199999999999964,36.5,0.8257390555820735
20.29999999999996,36.5,0.8304097077653956
20.399999999999963,36.5,0.8350782072269212
20.499999999999964,36.5,0.8397324880007765
20.599999999999962,36.5,0.8443610573220193
20.69999999999996,36.5,0.8489530251077977
20.79999999999996,36.5,0.8534981290345334
20.899999999999963,36.5,0.8579867549867061
20.99999999999996,36.5,0.8624099527125623
21.09999999999996,36.5,0.8667594465851333
21.19999999999996,36.5,0.8710276414316803
21.29999999999996,36.5,0.8752076234594326
21.39999999999996,36.5,0.8792931563686375
21.499999999999957,36.5,0.8832786728040172
21.59999999999996,36.5,0.8871592613513568
21.69999999999996,36.5,0.8909306493359639
21.799999999999958,36.5,0.8945891817231437
21.899999999999956,36.5,0.898131796811532
21.999999999999957,36.5,0.9015571632508046
22.09999999999996,36.5,0.9048680356757413
22.199999999999957,36.5,0.9080679036903236
22.299999999999955,36.5,0.9111601898747295
22.399999999999956,36.5,0.9141482475037663
22.499999999999957,36.5,0.9170353586530969
22.599999999999955,36.5,0.9198247326649106
22.699999999999953,36.5,0.9225195049458401
22.799999999999955,36.5,0.9251227360710956
22.899999999999956,36.5,0.9276374111699874
22.999999999999954,36.5,0.9300664395692096
23.09999999999995,36.5,0.9324126546714723
23.199999999999953,36.5,0.9346788140482667
23.299999999999955,36.5,0.9368675997267361
23.399999999999952,36.5,0.9389816186517905
23.49999999999995,36.5,0.9410234033057425
23.59999999999995,36.5,0.9429954124688527
23.699999999999953,36.5,0.9449000321052471
23.79999999999995,36.5,0.9467395763597096
23.89999999999995,36.5,0.9485162886518523
23.99999999999995,36.5,0.9502323428551265
24.09999999999995,36.5,0.951889844549052
24.19999999999995,36.5,0.9534908323339311
24.299999999999947,36.5,0.955037279198124
24.39999999999995,36.5,0.9565310939287817
24.49999999999995,36.5,0.9579741225576537
24.599999999999948,36.5,0.9593681498343183
24.699999999999946,36.5,0.9607149007198335
24.799999999999947,36.5,0.9620160418944406
24.89999999999995,36.5,0.9632731832735402
24.999999999999947,36.5,0.9644878795267093
10.0,37.0,0.6043457987519412
10.1,37.0,0.6099007773931744
10.2,37.0,0.6154328668219751
10.299999999999999,37.0,0.6209409858029323
10.399999999999999,37.0,0.6264240684139806
10.499999999999998,37.0,0.6318810646743019
10.599999999999998,37.0,0.6373109411549609
10.699999999999998,37.0,0.6427126815716734
10.799999999999997,37.0,0.648085287359143
10.899999999999997,37.0,0.6534277782264248
10.999999999999996,37.0,0.6587391926928087
11.099999999999996,37.0,0.6640172329748585
11.199999999999996,37.0,0.6692542673461057
11.299999999999995,37.0,0.6744415236296402
11.399999999999995,37.0,0.67957047388574
11.499999999999995,37.0,0.6846328452531284
11.599999999999994,37.0,0.6896206289248886
11.699999999999994,37.0,0.694526087139315
11.799999999999994,37.0,0.699341758086128
11.899999999999993,37.0,0.7040604586489881
11.999999999999993,37.0,0.7086752849257587
12.099999999999993,37.0,0.713179610488113
12.199999999999992,37.0,0.7175670823615279
12.299999999999992,37.0,0.7218316147251558
12.399999999999991,37.0,0.7259673803482283
12.499999999999991,37.0,0.7299687997952911
12.59999999999999,37.0,0.7338305284465103
12.69999999999999,37.0,0.7375474413913885
12.79999999999999,37.0,0.7411146162643643
12.89999999999999,37.0,0.7445273140989379
12.99999999999999,37.0,0.7477809582831362
13.099999999999989,37.0,0.7508711117033732
13.199999999999989,37.0,0.7537934521662033
13.299999999999988,37.0,0.756543746188211
13.399999999999988,37.0,0.759117821243579
13.499999999999988,37.0,0.7615115365569354
13.599999999999987,37.0,0.7637207525261995
13.699999999999987,37.0,0.7657412988566579
13.799999999999986,37.0,0.7675689414837394
13.899999999999986,37.0,0.7691993483583903
13.999999999999986,37.0,0.7706280541659467
14.099999999999985,37.0,0.7718504240475298
14.199999999999985,37.0,0.7728616163927349
14.299999999999985,37.0,0.7736565447743577
14.399999999999984,37.0,0.7742298391007503
14.499999999999984,37.0,0.7745758060698014
14.599999999999984,37.0,0.7746893399470232
14.699999999999983,37.0,0.7745770031372464
14.799999999999983,37.0,0.7742532680231582
14.899999999999983,37.0,0.773732458476185
14.999999999999982,37.0,0.773028665318501
15.099999999999982,37.0,0.772155819452849
15.199999999999982,37.0,0.7711277593507033
15.299999999999981,37.0,0.769958292734788
15.39999999999998,37.0,0.768661252330042
15.49999999999998,37.0,0.7672505455907336
15.59999999999998,37.0,0.7657401983422423
15.69999999999998,37.0,0.7641443923052708
15.79999999999998,37.0,0.7624774964986275
15.899999999999979,37.0,0.7607540925445563
15.999999999999979,37.0,0.7589889939278078
16.09999999999998,37.0,0.757197259285918
16.199999999999978,37.0,0.7553941998328031
16.299999999999976,37.0,0.7535953810400051
16.399999999999977,37.0,0.7518166187187081
16.49999999999998,37.0,0.7500739696599087
16.599999999999977,37.0,0.748383716998752
16.699999999999974,37.0,0.7467623504708976
16.799999999999976,37.0,0.7452265417228493
16.899999999999977,37.0,0.7437931148235313
16.999999999999975,37.0,0.7424790121003264
17.099999999999973,37.0,0.74130125538878
17.199999999999974,37.0,0.7402769027410551
17.299999999999976,37.0,0.7394230005840918
17.399999999999974,37.0,0.7387565312548092
17.49999999999997,37.0,0.7382943557675283
17.599999999999973,37.0,0.7380531515895105
17.699999999999974,37.0,0.7380493451160448
17.799999999999972,37.0,0.7382990384494432
17.89999999999997,37.0,0.7388179299997719
17.99999999999997,37.0,0.7396212283431122
18.099999999999973,37.0,0.7407235587002772
18.19999999999997,37.0,0.7421380531689272
18.29999999999997,37.0,0.7438635340631218
18.39999999999997,37.0,0.7458869831946078
18.49999999999997,37.0,0.7481945782872563
18.59999999999997,37.0,0.7507720865138741
18.699999999999967,37.0,0.7536049148770398
18.79999999999997,37.0,0.7566781599006032
18.89999999999997,37.0,0.7599766570742399
18.999999999999968,37.0,0.763485030403612
19.099999999999966,37.0,0.7671877423263043
19.199999999999967,37.0,0.7710691441607849
19.29999999999997,37.0,0.7751135271639684
19.399999999999967,37.0,0.7793051741842913
19.499999999999964,37.0,0.7836284118131902
19.599999999999966,37.0,0.7880676628599944
19.699999999999967,37.0,0.7926074989049483
19.799999999999965,37.0,0.7972326926235535
19.899999999999963,37.0,0.8019282695237836
19.999999999999964,37.0,0.806679558696804
20.099999999999966,37.0,0.8114722421522872
20.199999999999964,37.0,0.8162924022916365
20.29999999999996,37.0,0.8211265670665493
20.399999999999963,37.0,0.8259617523762174
20.499999999999964,37.0,0.8307855012736849
20.599999999999962,37.0,0.8355859195797628
20.69999999999996,37.0,0.8403517075405071
20.79999999999996,37.0,0.8450721872104707
20.899999999999963,37.0,0.8497373252973627
20.99999999999996,37.0,0.8543377512629081
21.09999999999996,37.0,0.8588647705379724
21.19999999999996,37.0,0.863310372775724
21.29999999999996,37.0,0.867667235133064
21.39999999999996,37.0,0.871928720636096
21.499999999999957,37.0,0.8760888717484699
21.59999999999996,37.0,0.8801423993205602
21.69999999999996,37.0,0.8840846671513567
21.799999999999958,37.0,0.8879116724425516
21.899999999999956,37.0,0.8916200228361046
21.999999999999957,37.0,0.8952081302896919
22.09999999999996,37.0,0.8986786876720656
22.199999999999957,37.0,0.9020351672374113
22.299999999999955,37.0,0.9052809810246271
22.399999999999956,37.0,0.9084194780892532
22.499999999999957,37.0,0.9114539421422256
22.599999999999955,37.0,0.9143875895674223
22.699999999999953,37.0,0.9172235677909688
22.799999999999955,37.0,0.9199649539763188
22.899999999999956,37.0,0.9226147540202064
22.999999999999954,37.0,0.9251759018256807
23.09999999999995,37.0,0.9276512588295479
23.199999999999953,37.0,0.93004361376268
23.299999999999955,37.0,0.9323556826227644
23.399999999999952,37.0,0.9345901088401911
23.49999999999995,37.0,0.9367494636188558
23.59999999999995,37.0,0.9388362464347435
23.699999999999953,37.0,0.9408528856761933
23.79999999999995,37.0,0.9428017394107704
23.89999999999995,37.0,0.9446850962646476
23.99999999999995,37.0,0.9465051764013521
24.09999999999995,37.0,0.9482641325876449
24.19999999999995,37.0,0.9499640513351734
24.299999999999947,37.0,0.9516069541073744
24.39999999999995,37.0,0.9531947985818994
24.49999999999995,37.0,0.9547294799595917
24.599999999999948,37.0,0.9562128323117651
24.699999999999946,37.0,0.9576466299582083
24.799999999999947,37.0,0.9590325888689829
24.89999999999995,37.0,0.9603723680836902
24.999999999999947,37.0,0.9616675711424397
10.0,37.5,0.590510285206751
10.1,37.5,0.5961171570307888
10.2,37.5,0.6017038764949321
10.299999999999999,37.5,0.6072693272791958
10.399999999999999,37.5,0.6128124067531968
10.499999999999998,37.5,0.6183320266440575
10.599999999999998,37.5,0.6238271136886282
10.699999999999998,37.5,0.6292966102693639
10.799999999999997,37.5,0.6347394750332226
10.899999999999997,37.5,0.6401546834929797
10.999999999999996,37.5,0.6455412286103739
11.099999999999996,37.5,0.6508967454699949
11.199999999999996,37.5,0.65621344818176
11.299999999999995,37.5,0.6614823763163818
11.399999999999995,37.5,0.6666947995504189
11.499999999999995,37.5,0.6718422294953913
11.599999999999994,37.5,0.6769164297224427
11.699999999999994,37.5,0.681909423849942
11.799999999999994,37.5,0.6868135015813784
11.899999999999993,37.5,0.6916212226014165
11.999999999999993,37.5,0.6963254182586989
12.099999999999993,37.5,0.7009191909845343
12.199999999999992,37.5,0.7053959114166382
12.299999999999992,37.5,0.7097492132163044
12.399999999999991,37.5,0.7139729855854537
12.499999999999991,37.5,0.7180613635067163
12.59999999999999,37.5,0.7220087157448142
12.69999999999999,37.5,0.7258096306608931
12.79999999999999,37.5,0.729458899902951
12.89999999999999,37.5,0.7329515000451096
12.99999999999999,37.5,0.7362825722561234
13.099999999999989,37.5,0.7394474000832878
13.199999999999989,37.5,0.7424413854418629
13.299999999999988,37.5,0.7452600229024398
13.399999999999988,37.5,0.7478988723695081
13.499999999999988,37.5,0.7503535302440834
13.599999999999987,37.5,0.7526195991619228
13.699999999999987,37.5,0.7546926563968787
13.799999999999986,37.5,0.7565682210167443
13.899999999999986,37.5,0.7582417198768876
13.999999999999986,37.5,0.7597084525355551
14.099999999999985,37.5,0.7609635551744278
14.199999999999985,37.5,0.7620019636094019
14.299999999999985,37.5,0.7628183754802296
14.399999999999984,37.5,0.7634072117142674
14.499999999999984,37.5,0.7637625773698461
14.599999999999984,37.5,0.7638791987719791
14.699999999999983,37.5,0.763763806982946
14.799999999999983,37.5,0.7634312766512528
14.899999999999983,37.5,0.7628963448656889
14.999999999999982,37.5,0.762173520704808
15.099999999999982,37.5,0.7612771570390849
15.199999999999982,37.5,0.7602215168049875
15.299999999999981,37.5,0.759020833558595
15.39999999999998,37.5,0.7576893661623835
15.49999999999998,37.5,0.756241447499585
15.59999999999998,37.5,0.7546915271478741
15.69999999999998,37.5,0.7530542079792091
15.79999999999998,37.5,0.7513442766861862
15.899999999999979,37.5,0.7495767282675609
15.999999999999979,37.5,0.747766784536585
16.09999999999998,37.5,0.7459299067451032
16.199999999999978,37.5,0.7440818024433518
16.299999999999976,37.5,0.7422384267191882
16.399999999999977,37.5,0.7404159779801396
16.49999999999998,37.5,0.7386308884560236
16.599999999999977,37.5,0.7368998096078979
16.699999999999974,37.5,0.735239592629612
16.799999999999976,37.5,0.7336672642202339
16.899999999999977,37.5,0.7321999977882403
16.999999999999975,37.5,0.7308550802208591
17.099999999999973,37.5,0.7296498743138835
17.199999999999974,37.5,0.7286017769084387
17.299999999999976,37.5,0.7277281727217177
17.399999999999974,37.5,0.7270463837891233
17.49999999999997,37.5,0.7265736143564814
17.599999999999973,37.5,0.7263268909744455
17.699999999999974,37.5,0.7263229974547865
17.799999999999972,37.5,0.7265784042524587
17.89999999999997,37.5,0.7271091917413071
17.99999999999997,37.5,0.7279309667588447
18.099999999999973,37.5,0.7290587717113635
18.19999999999997,37.5,0.7305061584298587
18.29999999999997,37.5,0.732272073917497
18.39999999999997,37.5,0.7343433767758536
18.49999999999997,37.5,0.7367061231266876
18.59999999999997,37.5,0.7393459646682979
18.699999999999967,37.5,0.7422481957072935
18.79999999999997,37.5,0.7453977996018519
18.89999999999997,37.5,0.7487794951010662
18.999999999999968,37.5,0.7523777829716527
19.099999999999966,37.5,0.756176993207485
19.199999999999967,37.5,0.7601613330209445
19.29999999999997,37.5,0.7643149357197208
19.399999999999967,37.5,0.7686219104801201
19.499999999999964,37.5,0.773066392939753
19.599999999999966,37.5,0.7776325964501749
19.699999999999967,37.5,0.7823048637550807
19.799999999999965,37.5,0.7870677187932271
19.899999999999963,37.5,0.7919059182685586
19.999999999999964,37.5,0.7968045025839212
20.099999999999966,37.5,0.8017488457000332
20.199999999999964,37.5,0.8067247034585072
20.29999999999996,37.5,0.8117182598969246
20.399999999999963,37.5,0.8167161710852326
20.499999999999964,37.5,0.8217056060257314
20.599999999999962,37.5,0.826674284183093
20.69999999999996,37.5,0.8316105092453501
20.79999999999996,37.5,0.8365031987605234
20.899999999999963,37.5,0.8413419093452665
20.99999999999996,37.5,0.8461168572200886
21.09999999999996,37.5,0.850818933888799
21.19999999999996,37.5,0.8554397168461196
21.29999999999996,37.5,0.8599714752652017
21.39999999999996,37.5,0.8644071706843702
21.499999999999957,37.5,0.8687404527781566
21.59999999999996,37.5,0.8729656503600374
21.69999999999996,37.5,0.8770777578218947
21.799999999999958,37.5,0.8810724172668585
21.899999999999956,37.5,0.8849458970249262
21.999999999999957,37.5,0.8886963424209242
22.09999999999996,37.5,0.8923263737037601
22.199999999999957,37.5,0.895839435070784
22.299999999999955,37.5,0.8992389176281501
22.399999999999956,37.5,0.9025281561448886
22.499999999999957,37.5,0.9057104262306498
22.599999999999955,37.5,0.9087889419095903
22.699999999999953,37.5,0.9117668535637155
22.799999999999955,37.5,0.914647246219909
22.899999999999956,37.5,0.9174331381558403
22.999999999999954,37.5,0.920127479800942
23.09999999999995,37.5,0.9227331529096734
23.199999999999953,37.5,0.9252529699853342
23.299999999999955,37.5,0.927689673933736
23.399999999999952,37.5,0.9300459379270956
23.49999999999995,37.5,0.93232436545955
23.59999999999995,37.5,0.9345274905767258
23.699999999999953,37.5,0.9366577782628007
23.79999999999995,37.5,0.9387176249694872
23.89999999999995,37.5,0.9407093592723241
23.99999999999995,37.5,0.9426352426405947
24.09999999999995,37.5,0.9444974703080904
24.19999999999995,37.5,0.946298172232804
24.299999999999947,37.5,0.9480394141344679
24.39999999999995,37.5,0.94972319859965
24.49999999999995,37.5,0.9513514662448781
24.599999999999948,37.5,0.9529260969289907
24.699999999999946,37.5,0.9544489110065937
24.799999999999947,37.5,0.955921670615161
24.89999999999995,37.5,0.9573460809889254
24.999999999999947,37.5,0.958723791793294
10.0,38.0,0.5768317096031648
10.1,38.0,0.5824827522365247
10.2,38.0,0.588116403274292
10.299999999999999,38.0,0.5937315160525842
10.399999999999999,38.0,0.5993269559159065
10.499999999999998,38.0,0.604901600920217
10.599999999999998,38.0,0.6104543425220117
10.699999999999998,38.0,0.6159840862527007
10.799999999999997,38.0,0.6214897523775924
10.899999999999997,38.0,0.6269702765388119
10.999999999999996,38.0,0.6324246103815047
11.099999999999996,38.0,0.6378503278764782
11.199999999999996,38.0,0.6432395022149728
11.299999999999995,38.0,0.6485829993062009
11.399999999999995,38.0,0.6538719004214855
11.499999999999995,38.0,0.6590975149580502
11.599999999999994,38.0,0.6642513914660721
11.699999999999994,38.0,0.6693253267940786
11.799999999999994,38.0,0.6743113732274262
11.899999999999993,38.0,0.6792018435150109
11.999999999999993,38.0,0.6839893137001736
12.099999999999993,38.0,0.688666623692606
12.199999999999992,38.0,0.6932268755385843
12.299999999999992,38.0,0.6976634293667024
12.399999999999991,38.0,0.7019698970052012
12.499999999999991,38.0,0.7061401332846409
12.59999999999999,38.0,0.7101682250559122
12.69999999999999,38.0,0.7140484779681582
12.79999999999999,38.0,0.7177754010640114
12.89999999999999,38.0,0.7213436892605478
12.99999999999999,38.0,0.7247482037934553
13.099999999999989,38.0,0.7279839507091905
13.199999999999989,38.0,0.731046057495397
13.299999999999988,38.0,0.733929747943709
13.399999999999988,38.0,0.7366303153414733
13.499999999999988,38.0,0.7391430940900948
13.599999999999987,38.0,0.7414634298479446
13.699999999999987,38.0,0.7435866482953706
13.799999999999986,38.0,0.7455080226187303
13.899999999999986,38.0,0.7472227398098895
13.999999999999986,38.0,0.7487258658778124
14.099999999999985,38.0,0.7500123100702031
14.199999999999985,38.0,0.7510767882061937
14.299999999999985,38.0,0.7519137852264564
14.399999999999984,38.0,0.7525175170754844
14.499999999999984,38.0,0.7528818920428881
14.599999999999984,38.0,0.7530014732973253
14.699999999999983,38.0,0.7528831528552269
14.799999999999983,38.0,0.7525421916431986
14.899999999999983,38.0,0.7519937246393303
14.999999999999982,38.0,0.7512526644805572
15.099999999999982,38.0,0.7503337717386602
15.199999999999982,38.0,0.749251719796939
15.299999999999981,38.0,0.7480211541073366
15.39999999999998,38.0,0.74665674566157
15.49999999999998,38.0,0.7451732385577134
15.59999999999998,38.0,0.7435854915874586
15.69999999999998,38.0,0.741908513810107
15.79999999999998,38.0,0.7401574941179481
15.899999999999979,38.0,0.7383478248343334
15.999999999999979,38.0,0.736495119420427
16.09999999999998,38.0,0.7346152243988512
16.199999999999978,38.0,0.7327242256316555
16.299999999999976,38.0,0.7308384491153381
16.399999999999977,38.0,0.7289744564760439
16.49999999999998,38.0,0.7271490353624911
16.599999999999977,38.0,0.7253791849414865
16.699999999999974,38.0,0.723682096700045
16.799999999999976,38.0,0.7220751307480786
16.899999999999977,38.0,0.7205757877955297
16.999999999999975,38.0,0.7192016769469908
17.099999999999973,38.0,0.7179704794148561
17.199999999999974,38.0,0.7168999081986547
17.299999999999976,38.0,0.7160076637136588
17.399999999999974,38.0,0.7153113852765562
17.49999999999997,38.0,0.7148285982709144
17.599999999999973,38.0,0.7145766567216663
17.699999999999974,38.0,0.7145726809077994
17.799999999999972,38.0,0.7148334895382847
17.89999999999997,38.0,0.7153755259110499
17.99999999999997,38.0,0.7162147773723107
18.099999999999973,38.0,0.7173666872983405
18.19999999999997,38.0,0.7188452138499521
18.29999999999997,38.0,0.720649434061928
18.39999999999997,38.0,0.7227661041521425
18.49999999999997,38.0,0.7251811811541434
18.59999999999997,38.0,0.7278802249439403
18.699999999999967,38.0,0.7308484417987513
18.79999999999997,38.0,0.7340707274666673
18.89999999999997,38.0,0.7375317102721598
18.999999999999968,38.0,0.7412157946860127
19.099999999999966,38.0,0.7451072056894295
19.199999999999967,38.0,0.7491900341625047
19.29999999999997,38.0,0.7534482834286551
19.399999999999967,38.0,0.7578659169905416
19.499999999999964,38.0,0.7624269074010817
19.599999999999966,38.0,0.7671152861268151
19.699999999999967,38.0,0.7719151941815703
19.799999999999965,38.0,0.7768109332373465
19.899999999999963,38.0,0.781787016857806
19.999999999999964,38.0,0.7868282214486721
20.099999999999966,38.0,0.7919196364795684
20.199999999999964,38.0,0.797046713503883
20.29999999999996,38.0,0.8021953134875399
20.399999999999963,38.0,0.8073517519540963
20.499999999999964,38.0,0.8125028414622388
20.599999999999962,38.0,0.8176359309519824
20.69999999999996,38.0,0.8227389415269871
20.79999999999996,38.0,0.8278003982813775
20.899999999999963,38.0,0.8328094578290703
20.99999999999996,38.0,0.8377559312504699
21.09999999999996,38.0,0.8426303022338958
21.19999999999996,38.0,0.8474237402556135
21.29999999999996,38.0,0.852128108711095
21.39999999999996,38.0,0.8567359679794032
21.499999999999957,38.0,0.8612405734706903
21.59999999999996,38.0,0.8656358687720904
21.69999999999996,38.0,0.8699164740683409
21.799999999999958,38.0,0.8740776700689414
21.899999999999956,38.0,0.8781153781271295
21.999999999999957,38.0,0.882027467828141
22.09999999999996,38.0,0.8858164764034921
22.199999999999957,38.0,0.8894858096316716
22.299999999999955,38.0,0.893038827596928
22.399999999999956,38.0,0.8964788409766782
22.499999999999957,38.0,0.8998091077672041
22.599999999999955,38.0,0.903032830420782
22.699999999999953,38.0,0.9061531533680824
22.799999999999955,38.0,0.9091731609004503
22.899999999999956,38.0,0.9120958753875017
22.999999999999954,38.0,0.9149242558063683
23.09999999999995,38.0,0.917661196559836
23.199999999999953,38.0,0.9203095265615762
23.299999999999955,38.0,0.9228720085676423
23.399999999999952,38.0,0.9253513387343766
23.49999999999995,38.0,0.9277501463838596
23.59999999999995,38.0,0.9300709939590015
23.699999999999953,38.0,0.9323163771513512
23.79999999999995,38.0,0.9344887251856389
23.89999999999995,38.0,0.9365904012460042
23.99999999999995,38.0,0.9386237030297648
24.09999999999995,38.0,0.9405908634154643
24.19999999999995,38.0,0.9424940512327884
24.299999999999947,38.0,0.9443353721227616
24.39999999999995,38.0,0.9461168694774258
24.49999999999995,38.0,0.9478405254489599
24.599999999999948,38.0,0.9495082620189292
24.699999999999946,38.0,0.9511219421190351
24.799999999999947,38.0,0.9526833707954026
24.89999999999995,38.0,0.9541942964090592
24.999999999999947,38.0,0.9556564118658587
10.0,38.5,0.56331801502685
10.1,38.5,0.5690057753782194
10.2,38.5,0.5746789174861586
10.299999999999999,38.5,0.5803362690090683
10.399999999999999,38.5,0.5859766678884216
10.499999999999998,38.5,0.5915989630821104
10.599999999999998,38.5,0.597202015285599
10.699999999999998,38.5,0.6027846976401154
10.799999999999997,38.5,0.6083458964271355
10.899999999999997,38.5,0.613884511748435
10.999999999999996,38.5,0.6193994581910061
11.099999999999996,38.5,0.6248882546219312
11.199999999999996,38.5,0.6303428464335774
11.299999999999995,38.5,0.6357539403776864
11.399999999999995,38.5,0.6411124432927247
11.499999999999995,38.5,0.6464094757467947
11.599999999999994,38.5,0.6516363840177762
11.699999999999994,38.5,0.6567847502540781
11.799999999999994,38.5,0.6618464006786398
11.899999999999993,38.5,0.6668134117190166
11.999999999999993,38.5,0.6716781139671943
12.099999999999993,38.5,0.6764330938938021
12.199999999999992,38.5,0.6810711932622835
12.299999999999992,38.5,0.6855855062090097
12.399999999999991,38.5,0.6899693739749525
12.499999999999991,38.5,0.6942163772930927
12.59999999999999,38.5,0.6983203264530083
12.69999999999999,38.5,0.7022752490798329
12.79999999999999,38.5,0.706075375678864
12.89999999999999,38.5,0.7097151230094585
12.99999999999999,38.5,0.7131890753623755
13.099999999999989,38.5,0.7164919638235023
13.199999999999989,38.5,0.7196186436139036
13.299999999999988,38.5,0.7225640696015722
13.399999999999988,38.5,0.7253232700842299
13.499999999999988,38.5,0.7278913189452971
13.599999999999987,38.5,0.7302633062869793
13.699999999999987,38.5,0.7324343076456321
13.799999999999986,38.5,0.7343993518955387
13.899999999999986,38.5,0.736153387948384
13.999999999999986,38.5,0.7376912503575256
14.099999999999985,38.5,0.7390076239391212
14.199999999999985,38.5,0.7400970075269133
14.299999999999985,38.5,0.7409536769845373
14.399999999999984,38.5,0.7415716476093606
14.499999999999984,38.5,0.7419446360757556
14.599999999999984,38.5,0.7420670473850507
14.699999999999983,38.5,0.7419459267185449
14.799999999999983,38.5,0.7415969049897133
14.899999999999983,38.5,0.7410354993808042
14.999999999999982,38.5,0.7402770109935486
15.099999999999982,38.5,0.7393365934114724
15.199999999999982,38.5,0.7382293160059437
15.299999999999981,38.5,0.7369702217385092
15.39999999999998,38.5,0.7355743792735012
15.49999999999998,38.5,0.7340569292697814
15.59999999999998,38.5,0.7324331247705853
15.69999999999998,38.5,0.730718365656909
15.79999999999998,38.5,0.7289282271734304
15.899999999999979,38.5,0.7270784825768901
15.999999999999979,38.5,0.7251851199950538
16.09999999999998,38.5,0.7232643536194729
16.199999999999978,38.5,0.7213326293865677
16.299999999999976,38.5,0.7194066253282521
16.399999999999977,38.5,0.7175032467943863
16.49999999999998,38.5,0.7156396167637353
16.599999999999977,38.5,0.7138330614667021
16.699999999999974,38.5,0.7121010915408598
16.799999999999976,38.5,0.7104613789282359
16.899999999999977,38.5,0.7089317297005578
16.999999999999975,38.5,0.7075300529646092
17.099999999999973,38.5,0.7062743259540444
17.199999999999974,38.5,0.7051825553562902
17.299999999999976,38.5,0.7042727348537058
17.399999999999974,38.5,0.7035627987774572
17.49999999999997,38.5,0.7030705716815076
17.599999999999973,38.5,0.7028137135440351
17.699999999999974,38.5,0.7028096601962974
17.799999999999972,38.5,0.7030755584668226
17.89999999999997,38.5,0.7036281954147787
17.99999999999997,38.5,0.7044839209141488
18.099999999999973,38.5,0.7056585627443357
18.19999999999997,38.5,0.7071664715030416
18.29999999999997,38.5,0.7090068590175218
18.39999999999997,38.5,0.7111663993055028
18.49999999999997,38.5,0.7136309721094409
18.59999999999997,38.5,0.7163860683617
18.699999999999967,38.5,0.7194168301643638
18.79999999999997,38.5,0.7227080903776482
18.89999999999997,38.5,0.7262444123801912
18.999999999999968,38.5,0.7300101304655201
19.099999999999966,38.5,0.7339893912375958
19.199999999999967,38.5,0.7381661962661452
19.29999999999997,38.5,0.7425244461610776
19.399999999999967,38.5,0.7470479861261877
19.499999999999964,38.5,0.7517206529570847
19.599999999999966,38.5,0.75652632335829
19.699999999999967,38.5,0.7614489633711459
19.799999999999965,38.5,0.7664726786288583
19.899999999999963,38.5,0.7715817650888843
19.999999999999964,38.5,0.7767607598370062
20.099999999999966,38.5,0.7819944915127253
20.199999999999964,38.5,0.787268129872689
20.29999999999996,38.5,0.7925672339882226
20.399999999999963,38.5,0.7978777985648173
20.499999999999964,38.5,0.8031862978755728
20.599999999999962,38.5,0.8084797268167169
20.69999999999996,38.5,0.8137456386207977
20.79999999999996,38.5,0.8189721788010621
20.899999999999963,38.5,0.8241481149477464
20.99999999999996,38.5,0.8292628620521667
21.09999999999996,38.5,0.8343065030960533
21.19999999999996,38.5,0.8392698047099107
21.29999999999996,38.5,0.8441442277735168
21.39999999999996,38.5,0.8489219329022804
21.499999999999957,38.5,0.853595780833269
21.59999999999996,38.5,0.8581593277926741
21.69999999999996,38.5,0.8626068159906899
21.799999999999958,38.5,0.8669331594489134
21.899999999999956,38.5,0.8711339258392774
21.999999999999957,38.5,0.8752067007216091
22.09999999999996,38.5,0.8791539283888863
22.199999999999957,38.5,0.8829789662114397
22.299999999999955,38.5,0.886685133493829
22.399999999999956,38.5,0.8902757073090726
22.499999999999957,38.5,0.8937539187835168
22.599999999999955,38.5,0.897122949806336
22.699999999999953,38.5,0.9003859301381854
22.799999999999955,38.5,0.9035459348941449
22.899999999999956,38.5,0.906605982376801
22.999999999999954,38.5,0.9095690322360662
23.09999999999995,38.5,0.9124379839331574
23.199999999999953,38.5,0.9152156754869996
23.299999999999955,38.5,0.9179048824822069
23.399999999999952,38.5,0.9205083173186941
23.49999999999995,38.5,0.9230286286838817
23.59999999999995,38.5,0.9254684012293735
23.699999999999953,38.5,0.9278301554349042
23.79999999999995,38.5,0.930116347643255
23.89999999999995,38.5,0.9323293702507343
23.99999999999995,38.5,0.9344715520386881
24.09999999999995,38.5,0.9365451586323739
24.19999999999995,38.5,0.9385523930743489
24.299999999999947,38.5,0.9404953965003455
24.39999999999995,38.5,0.9423762489063762
24.49999999999995,38.5,0.9441969699965631
24.599999999999948,38.5,0.9459595201019151
24.699999999999946,38.5,0.9476658011609556
24.799999999999947,38.5,0.9493176577537713
24.89999999999995,38.5,0.9509168781816784
24.999999999999947,38.5,0.9524651955852983
10.0,39.0,0.5499751513578797
10.1,39.0,0.5556924513900268
10.2,39.0,0.5613979088710256
10.299999999999999,39.0,0.567090330349699
10.399999999999999,39.0,0.572768530900998
10.499999999999998,39.0,0.5784313348847486
10.599999999999998,39.0,0.5840775766940707
10.699999999999998,39.0,0.5897061014926583
10.799999999999997,39.0,0.5953157659401274
10.899999999999997,39.0,0.6009054389046615
10.999999999999996,39.0,0.6064740021621984
11.099999999999996,39.0,0.6120189254445803
11.199999999999996,39.0,0.617532039288148
11.299999999999995,39.0,0.6230039056437662
11.399999999999995,39.0,0.628425270818144
11.499999999999995,39.0,0.6337870799385268
11.599999999999994,39.0,0.6390804898342535
11.699999999999994,39.0,0.644296880167528
11.799999999999994,39.0,0.64942786266449
11.899999999999993,39.0,0.6544652883175724
11.999999999999993,39.0,0.6594012524508256
12.099999999999993,39.0,0.6642280975609862
12.199999999999992,39.0,0.6689384138682468
12.299999999999992,39.0,0.6735250375315562
12.399999999999991,39.0,0.6779810465035574
12.499999999999991,39.0,0.6822997540196412
12.59999999999999,39.0,0.6864746997337954
12.69999999999999,39.0,0.6904996385307931
12.79999999999999,39.0,0.6943685270595411
12.89999999999999,39.0,0.6980755080460828
12.99999999999999,39.0,0.7016148924566782
13.099999999999989,39.0,0.7049811395916008
13.199999999999989,39.0,0.7081688351988326
13.299999999999988,39.0,0.7111726677038177
13.399999999999988,39.0,0.713987402656997
13.499999999999988,39.0,0.7166078555052127
13.599999999999987,39.0,0.7190288627965287
13.699999999999987,39.0,0.7212452519308375
13.799999999999986,39.0,0.72325180957124
13.899999999999986,39.0,0.7250432488339691
13.999999999999986,39.0,0.7266141753780888
14.099999999999985,39.0,0.7279590525208421
14.199999999999985,39.0,0.7290721655109194
14.299999999999985,39.0,0.7299475851007156
14.399999999999984,39.0,0.7305791305705126
14.499999999999984,39.0,0.7309603323731904
14.599999999999984,39.0,0.7310854425008909
14.699999999999983,39.0,0.730961651462499
14.799999999999983,39.0,0.7306049436525097
14.899999999999983,39.0,0.730031202505645
14.999999999999982,39.0,0.7292561021903512
15.099999999999982,39.0,0.7282951742807946
15.199999999999982,39.0,0.7271638693290647
15.299999999999981,39.0,0.7258776130636634
15.39999999999998,39.0,0.7244518570092542
15.49999999999998,39.0,0.7229021233843699
15.59999999999998,39.0,0.7212440441900807
15.69999999999998,39.0,0.719493394454596
15.79999999999998,39.0,0.7176661196471747
15.899999999999979,39.0,0.7157783573197722
15.999999999999979,39.0,0.7138464530764828
16.09999999999998,39.0,0.711886971008634
16.199999999999978,39.0,0.7099166987667037
16.299999999999976,39.0,0.7079526474681964
16.399999999999977,39.0,0.7060120466622781
16.49999999999998,39.0,0.7041123345862463
16.599999999999977,39.0,0.7022711439547429
16.699999999999974,39.0,0.700506283518974
16.799999999999976,39.0,0.6988357156191167
16.899999999999977,39.0,0.6972775299277745
16.999999999999975,39.0,0.6958499135451669
17.099999999999973,39.0,0.6945711175572894
17.199999999999974,39.0,0.6934594201064288
17.299999999999976,39.0,0.6925330859493348
17.399999999999974,39.0,0.6918103223925018
17.49999999999997,39.0,0.6913092313973024
17.599999999999973,39.0,0.6910477575414038
17.699999999999974,39.0,0.6910436314087474
17.799999999999972,39.0,0.6913143078606433
17.89999999999997,39.0,0.6918768985181044
17.99999999999997,39.0,0.6927480976639617
18.099999999999973,39.0,0.693944100656876
18.19999999999997,39.0,0.6954796362436328
18.29999999999997,39.0,0.6973540552501389
18.39999999999997,39.0,0.699553969004411
18.49999999999997,39.0,0.7020652010070194
18.59999999999997,39.0,0.7048731953203783
18.699999999999967,39.0,0.7079630528806624
18.79999999999997,39.0,0.7113195675139963
18.89999999999997,39.0,0.7149272622564311
18.999999999999968,39.0,0.7187704264760386
19.099999999999966,39.0,0.7228331541919167
19.199999999999967,39.0,0.7270993838805024
19.29999999999997,39.0,0.7315529399558282
19.399999999999967,39.0,0.7361775760086443
19.499999999999964,39.0,0.7409570197911671
19.599999999999966,39.0,0.745875019840941
19.699999999999967,39.0,0.750915393550394
19.799999999999965,39.0,0.7560620764093613
19.899999999999963,39.0,0.7612991720774425
19.999999999999964,39.0,0.766611002882623
20.099999999999966,39.0,0.7719821602931031
20.199999999999964,39.0,0.7773975548714871
20.29999999999996,39.0,0.7828424651949348
20.399999999999963,39.0,0.7883025852118656
20.499999999999964,39.0,0.7937640695053528
20.599999999999962,39.0,0.7992135759451987
20.69999999999996,39.0,0.804638305234302
20.79999999999996,39.0,0.8100260368895269
20.899999999999963,39.0,0.8153651612417846
20.99999999999996,39.0,0.8206447070931606
21.09999999999996,39.0,0.8258543647291812
21.19999999999996,39.0,0.8309845040500914
21.29999999999996,39.0,0.8360261876545729
21.39999999999996,39.0,0.8409711787808872
21.499999999999957,39.0,0.8458119440822063
21.59999999999996,39.0,0.8505416512831572
21.69999999999996,39.0,0.8551541618317438
21.799999999999958,39.0,0.8596440187233125
21.899999999999956,39.0,0.8640064301672916
21.999999999999957,39.0,0.8682386902124296
22.09999999999996,39.0,0.8723431407801463
22.199999999999957,39.0,0.8763230812354843
22.299999999999955,39.0,0.8801817806979887
22.399999999999956,39.0,0.8839224734382825
22.499999999999957,39.0,0.8875483547353606
22.599999999999955,39.0,0.8910625771695952
22.699999999999953,39.0,0.8944682473268086
22.799999999999955,39.0,0.8977684228892393
22.899999999999956,39.0,0.9009661100897892
22.999999999999954,39.0,0.9040642615065678
23.09999999999995,39.0,0.9070657741754578
23.199999999999953,39.0,0.9099734879991597
23.299999999999955,39.0,0.9127901844319777
23.399999999999952,39.0,0.9155185854204071
23.49999999999995,39.0,0.9181613525804373
23.59999999999995,39.0,0.9207210865933265
23.699999999999953,39.0,0.9232003268024577
23.79999999999995,39.0,0.9256015509947513
23.89999999999995,39.0,0.9279271753509531
23.99999999999995,39.0,0.9301795545499548
24.09999999999995,39.0,0.9323609820131348
24.19999999999995,39.0,0.9344736902755153
24.299999999999947,39.0,0.9365198514713113
24.39999999999995,39.0,0.9385015779222186
24.49999999999995,39.0,0.9404209228175242
24.599999999999948,39.0,0.9422798809758377
24.699999999999946,39.0,0.9440803896789224
24.799999999999947,39.0,0.9458243295687698
24.89999999999995,39.0,0.9475135255996845
24.999999999999947,39.0,0.949149748037749
10.0,39.5,0.5368072309390135
10.1,39.5,0.5425471690030581
10.2,39.5,0.5482780333357684
10.299999999999999,39.5,0.5539986138279318
10.399999999999999,39.5,0.559707707119438
10.499999999999998,39.5,0.5654041173785902
10.599999999999998,39.5,0.5710866570730099
10.699999999999998,39.5,0.5767541477312861
10.799999999999997,39.5,0.5824054206945433
10.899999999999997,39.5,0.5880393178571046
10.999999999999996,39.5,0.5936546923954612
11.099999999999996,39.5,0.5992489708054832
11.199999999999996,39.5,0.6048138814920052
11.299999999999995,39.5,0.6103398557650547
11.399999999999995,39.5,0.6158174931754701
11.499999999999995,39.5,0.6212375767427392
11.599999999999994,39.5,0.6265910866844663
11.699999999999994,39.5,0.6318692124694507
11.799999999999994,39.5,0.6370633630345226
11.899999999999993,39.5,0.6421651750247729
11.999999999999993,39.5,0.6471665189372923
12.099999999999993,39.5,0.6520595030696159
12.199999999999992,39.5,0.656836475195426
12.299999999999992,39.5,0.6614900219112947
12.399999999999991,39.5,0.6660129656190812
12.499999999999991,39.5,0.6703983591286775
12.59999999999999,39.5,0.6746394778848828
12.69999999999999,39.5,0.6787298098400586
12.79999999999999,39.5,0.6826630430106542
12.89999999999999,39.5,0.6864330507706128
12.99999999999999,39.5,0.6900338749479555
13.099999999999989,39.5,0.6934597068024891
13.199999999999989,39.5,0.6967048659726185
13.299999999999988,39.5,0.699763777487769
13.399999999999988,39.5,0.702630946950061
13.499999999999988,39.5,0.7053009339948669
13.599999999999987,39.5,0.7077683241449422
13.699999999999987,39.5,0.7100276991773125
13.799999999999986,39.5,0.7120736061263314
13.899999999999986,39.5,0.7139005250507975
13.999999999999986,39.5,0.7155028356981128
14.099999999999985,39.5,0.7168747832048
14.199999999999985,39.5,0.7180104429807697
14.299999999999985,39.5,0.7189036849352279
14.399999999999984,39.5,0.7195481372156929
14.499999999999984,39.5,0.7199371496489906
14.599999999999984,39.5,0.7200648265132025
14.699999999999983,39.5,0.7199384957920016
14.799999999999983,39.5,0.7195744787177152
14.899999999999983,39.5,0.7189890088386239
14.999999999999982,39.5,0.7181981177675796
15.099999999999982,39.5,0.7172176997977437
15.199999999999982,39.5,0.7160635715875776
15.299999999999981,39.5,0.7147515266154916
15.39999999999998,39.5,0.7132973841807586
15.49999999999998,39.5,0.7117170327956897
15.59999999999998,39.5,0.7100264678763997
15.69999999999998,39.5,0.7082418236968387
15.79999999999998,39.5,0.7063793996238463
15.899999999999979,39.5,0.7044556807000313
15.999999999999979,39.5,0.7024873526862108
16.09999999999998,39.5,0.7004913117155084
16.199999999999978,39.5,0.6984846687464039
16.299999999999976,39.5,0.6964847490311783
16.399999999999977,39.5,0.6945090868383376
16.49999999999998,39.5,0.6925754156817202
16.599999999999977,39.5,0.6907016543140164
16.699999999999974,39.5,0.6889058887373737
16.799999999999976,39.5,0.6872063504677159
16.899999999999977,39.5,0.6856213912615801
16.999999999999975,39.5,0.6841694544740892
17.099999999999973,39.5,0.6828690431637796
17.199999999999974,39.5,0.6817386849942071
17.299999999999976,39.5,0.6807968939038239
17.399999999999974,39.5,0.6800621284249344
17.49999999999997,39.5,0.6795527464305295
17.599999999999973,39.5,0.6792869559756353
17.699999999999974,39.5,0.6792827617792095
17.799999999999972,39.5,0.6795579067657367
17.89999999999997,39.5,0.6801298079552492
17.99999999999997,39.5,0.6810154858599791
18.099999999999973,39.5,0.6822314864193526
18.19999999999997,39.5,0.6837929019308522
18.29999999999997,39.5,0.685699225900148
18.39999999999997,39.5,0.6879370257859966
18.49999999999997,39.5,0.6904920891316437
18.59999999999997,39.5,0.6933498343820779
18.699999999999967,39.5,0.6964953434549135
18.79999999999997,39.5,0.699913394108991
18.89999999999997,39.5,0.7035884927442317
18.999999999999968,39.5,0.7075049081633176
19.099999999999966,39.5,0.7116467067205121
19.199999999999967,39.5,0.7159977891767805
19.29999999999997,39.5,0.7205419294746703
19.399999999999967,39.5,0.7252628155425453
19.499999999999964,39.5,0.7301440921370882
19.599999999999966,39.5,0.7351694056368714
19.699999999999967,39.5,0.7403224506096141
19.799999999999965,39.5,0.7455870178928139
19.899999999999963,39.5,0.7509470438530046
19.999999999999964,39.5,0.7563866604241353
20.099999999999966,39.5,0.7618902454714862
20.199999999999964,39.5,0.7674424729849874
20.29999999999996,39.5,0.773028362575417
20.399999999999963,39.5,0.7786333277291437
20.499999999999964,39.5,0.78424322227195
20.599999999999962,39.5,0.7898443844999321
20.69999999999996,39.5,0.7954236784550481
20.79999999999996,39.5,0.800968531853925
20.899999999999963,39.5,0.8064669702200307
20.99999999999996,39.5,0.8119076468200893
21.09999999999996,39.5,0.81727986806423
21.19999999999996,39.5,0.8225736140942119
21.29999999999996,39.5,0.8277795543534878
21.39999999999996,39.5,0.8328890580050146
21.499999999999957,39.5,0.8378941991358174
21.59999999999996,39.5,0.8427877567595944
21.69999999999996,39.5,0.8475632096983827
21.799999999999958,39.5,0.8522147264899709
21.899999999999956,39.5,0.8567371509815728
21.999999999999957,39.5,0.8611274789985052
22.09999999999996,39.5,0.8653879411501147
22.199999999999957,39.5,0.8695217696032072
22.299999999999955,39.5,0.8735321742533049
22.399999999999956,39.5,0.8774223377008985
22.499999999999957,39.5,0.8811954106962225
22.599999999999955,39.5,0.8848545080287018
22.699999999999953,39.5,0.8884027048374012
22.799999999999955,39.5,0.8918430333191291
22.899999999999956,39.5,0.8951784798112603
22.999999999999954,39.5,0.898411982226847
23.09999999999995,39.5,0.9015464278201613
23.199999999999953,39.5,0.9045846512614539
23.299999999999955,39.5,0.907529433000399
23.399999999999952,39.5,0.9103834978984253
23.49999999999995,39.5,0.9131495141108883
23.59999999999995,39.5,0.9158300922008152
23.699999999999953,39.5,0.9184277844667553
23.79999999999995,39.5,0.9209450844680555
23.89999999999995,39.5,0.9233844267316991
23.99999999999995,39.5,0.925748186625625
24.09999999999995,39.5,0.9280386803842511
24.19999999999995,39.5,0.9302581652726928
24.299999999999947,39.5,0.9324088398769322
24.39999999999995,39.5,0.9344928445079409
24.49999999999995,39.5,0.9365122617084753
24.599999999999948,39.5,0.9384691168519705
24.699999999999946,39.5,0.9403653788236339
24.799999999999947,39.5,0.9422029607744871
24.89999999999995,39.5,0.9439837209397379
24.999999999999947,39.5,0.9457094635134573
10.0,40.0,0.5238166869476581
10.1,40.0,0.5295726352713316
10.2,40.0,0.5353222635803431
10.299999999999999,40.0,0.5410643494283309
10.399999999999999,40.0,0.5467976753315527
10.499999999999998,40.0,0.5525210295640041
10.599999999999998,40.0,0.5582332069460864
10.699999999999998,40.0,0.5639330096259517
10.799999999999997,40.0,0.5696192478526632
10.899999999999997,40.0,0.575290740740316
10.999999999999996,40.0,0.5809463170222897
11.099999999999996,40.0,0.5865833657662792
11.199999999999996,40.0,0.592193525720099
11.299999999999995,40.0,0.597767111478006
11.399999999999995,40.0,0.603294589442286
11.499999999999995,40.0,0.6087665937547644
11.599999999999994,40.0,0.6141739408192908
11.699999999999994,40.0,0.6195076422275252
11.799999999999994,40.0,0.6247589159178619
11.899999999999993,40.0,0.629919195416317
11.999999999999993,40.0,0.6349801370283745
12.099999999999993,40.0,0.6399336248717638
12.199999999999992,40.0,0.6447717736615565
12.299999999999992,40.0,0.6494869291804877
12.399999999999991,40.0,0.6540716663886772
12.499999999999991,40.0,0.6585187851476414
12.59999999999999,40.0,0.6628213035533732
12.69999999999999,40.0,0.6669724488920644
12.79999999999999,40.0,0.6709656462495889
12.89999999999999,40.0,0.6747945048219713
12.99999999999999,40.0,0.6784528019886668
13.099999999999989,40.0,0.6819344652235134
13.199999999999989,40.0,0.6852335519297356
13.299999999999988,40.0,0.6883442272954051
13.399999999999988,40.0,0.691260740274499
13.499999999999988,40.0,0.6939773978062594
13.599999999999987,40.0,0.6964885373922769
13.699999999999987,40.0,0.6987884981568246
13.799999999999986,40.0,0.7008715905218943
13.899999999999986,40.0,0.7027320646344868
13.999999999999986,40.0,0.7043640776905069
14.099999999999985,40.0,0.7057616603075987
14.199999999999985,40.0,0.7069186821090201
14.299999999999985,40.0,0.7078288166928404
14.399999999999984,40.0,0.7084855061759978
14.499999999999984,40.0,0.7088819255218505
14.599999999999984,40.0,0.7090120366981472
14.699999999999983,40.0,0.7088832973221622
14.799999999999983,40.0,0.7085123487493563
14.899999999999983,40.0,0.7079157583835703
14.999999999999982,40.0,0.7071098995049132
15.099999999999982,40.0,0.7061110136737176
15.199999999999982,40.0,0.7049352683845038
15.299999999999981,40.0,0.7035988096456147
15.39999999999998,40.0,0.7021178092434305
15.49999999999998,40.0,0.7005085065249653
15.59999999999998,40.0,0.6987872446008067
15.69999999999998,40.0,0.6969705009329306
15.79999999999998,40.0,0.6950749123295257
15.899999999999979,40.0,0.6931172944218421
15.999999999999979,40.0,0.6911146557461632
16.09999999999998,40.0,0.6890842065968052
16.199999999999978,40.0,0.6870433628529986
16.299999999999976,40.0,0.6850097450127067
16.399999999999977,40.0,0.6830011726890077
16.49999999999998,40.0,0.6810356548385303
16.599999999999977,40.0,0.6791313759956323
16.699999999999974,40.0,0.6773066787795612
16.799999999999976,40.0,0.6755800429238379
16.899999999999977,40.0,0.6739700610468878
16.999999999999975,40.0,0.6724954113398701
17.099999999999973,40.0,0.6711748272914653
17.199999999999974,40.0,0.6700270644999069
17.299999999999976,40.0,0.6690708645399877
17.399999999999974,40.0,0.6683249157576077
17.49999999999997,40.0,0.6678078107574519
17.599999999999973,40.0,0.6675380002317811
17.699999999999974,40.0,0.6675337426516754
17.799999999999972,40.0,0.6678130492084635
17.89999999999997,40.0,0.6683936232551073
17.99999999999997,40.0,0.6692927933582581
18.099999999999973,40.0,0.670527438935564
18.19999999999997,40.0,0.6721130010001151
18.29999999999997,40.0,0.6740491189246791
18.39999999999997,40.0,0.6763223344240551
18.49999999999997,40.0,0.6789184186000055
18.59999999999997,40.0,0.6818227847084817
18.699999999999967,40.0,0.6850205169310462
18.79999999999997,40.0,0.6884963990350206
18.89999999999997,40.0,0.6922349435876616
18.999999999999968,40.0,0.696220422285301
19.099999999999966,40.0,0.7004368978518247
19.199999999999967,40.0,0.7048682578533689
19.29999999999997,40.0,0.7094982506689259
19.399999999999967,40.0,0.7143105237509297
19.499999999999964,40.0,0.719288664207132
19.599999999999966,40.0,0.724416241636503
19.699999999999967,40.0,0.7296768530588302
19.799999999999965,40.0,0.7350541696914432
19.899999999999963,40.0,0.7405319852483616
19.999999999999964,40.0,0.7460942653683116
20.099999999999966,40.0,0.7517251977195991
20.199999999999964,40.0,0.7574092422826605
20.29999999999996,40.0,0.763131181275965
20.399999999999963,40.0,0.7688761681683481
20.499999999999964,40.0,0.7746297752110234
20.599999999999962,40.0,0.78037803892546
20.69999999999996,40.0,0.7861075029987021
20.79999999999996,40.0,0.7918052580649536
20.899999999999963,40.0,0.797458977890486
20.99999999999996,40.0,0.80305695152705
21.09999999999996,40.0,0.8085881110555803
21.19999999999996,40.0,0.8140420546055877
21.29999999999996,40.0,0.8194090644045288
21.39999999999996,40.0,0.8246801196838207
21.499999999999957,40.0,0.8298469043422605
21.59999999999996,40.0,0.8349018093415379
21.69999999999996,40.0,0.8398379298805978
21.799999999999958,40.0,0.8446490574641441
21.899999999999956,40.0,0.8493296675137796
21.999999999999957,40.0,0.8538764516609567
22.09999999999996,40.0,0.8582915207530017
22.199999999999957,40.0,0.8625780309752265
22.299999999999955,40.0,0.8667391243339195
22.399999999999956,40.0,0.8707779232311843
22.499999999999957,40.0,0.8746975255138607
22.599999999999955,40.0,0.8785009999739546
22.699999999999953,40.0,0.8821913822780237
22.799999999999955,40.0,0.8857716713031267
22.899999999999956,40.0,0.8892448258572058
22.999999999999954,40.0,0.8926137617621477
23.09999999999995,40.0,0.8958813492782112
23.199999999999953,40.0,0.899050410849042
23.299999999999955,40.0,0.9021237191470741
23.399999999999952,40.0,0.9051039953997523
23.49999999999995,40.0,0.9079939079776839
23.59999999999995,40.0,0.910796071226524
23.699999999999953,40.0,0.9135130445251305
23.79999999999995,40.0,0.9161473315532593
23.89999999999995,40.0,0.9187013797528192
23.99999999999995,40.0,0.9211775799674552
24.09999999999995,40.0,0.9235782662459852
24.19999999999995,40.0,0.9259057157959424
24.299999999999947,40.0,0.9281621490742271
24.39999999999995,40.0,0.9303497300025724
24.49999999999995,40.0,0.9324705662962425
24.599999999999948,40.0,0.9345267098950644
24.699999999999946,40.0,0.9365201574865509
24.799999999999947,40.0,0.9384528511115261
24.89999999999995,40.0,0.9403266788432729
24.999999999999947,40.0,0.9421434755318236
10.0,40.5,0.5110044321851841
10.1,40.5,0.5167700310782288
10.2,40.5,0.5225320412588393
10.299999999999999,40.5,0.528289232123672
10.399999999999999,40.5,0.5340403762457837
10.499999999999998,40.5,0.5397842501809019
10.599999999999998,40.5,0.5455196352692266
10.699999999999998,40.5,0.5512453184318657
10.799999999999997,40.5,0.5569600929610183
10.899999999999997,40.5,0.5626627593030293
10.999999999999996,40.5,0.5683521258334474
11.099999999999996,40.5,0.5740255498908139
11.199999999999996,40.5,0.5796745927674891
11.299999999999995,40.5,0.5852894660034629
11.399999999999995,40.5,0.5908605162576996
11.499999999999995,40.5,0.5963782418833841
11.599999999999994,40.5,0.601833308187547
11.699999999999994,40.5,0.607216561178492
11.799999999999994,40.5,0.6125190396211897
11.899999999999993,40.5,0.6177319852392333
11.999999999999993,40.5,0.6228468509217147
12.099999999999993,40.5,0.6278553068141538
12.199999999999992,40.5,0.6327492441940104
12.299999999999992,40.5,0.6375207770530029
12.399999999999991,40.5,0.6421622413300856
12.499999999999991,40.5,0.6466661917601948
12.59999999999999,40.5,0.6510253963244699
12.69999999999999,40.5,0.6552328283073268
12.79999999999999,40.5,0.659281655984312
12.89999999999999,40.5,0.6631652299819163
12.99999999999999,40.5,0.6668770683663838
13.099999999999989,40.5,0.6704108395329458
13.199999999999989,40.5,0.6737603429798438
13.299999999999988,40.5,0.6769194880630587
13.399999999999988,40.5,0.6798822708379256
13.499999999999988,40.5,0.6826427491029893
13.599999999999987,40.5,0.6851950157697886
13.699999999999987,40.5,0.6875331706900121
13.799999999999986,40.5,0.6896512910790442
13.899999999999986,40.5,0.6915434006826939
13.999999999999986,40.5,0.6932034378423648
14.099999999999985,40.5,0.6946252226235743
14.199999999999985,40.5,0.695802423184175
14.299999999999985,40.5,0.6967285215724587
14.399999999999984,40.5,0.6973967791622454
14.499999999999984,40.5,0.6978002019527698
14.599999999999984,40.5,0.6979326150891789
14.699999999999983,40.5,0.6978015980147684
14.799999999999983,40.5,0.6974240954765918
14.899999999999983,40.5,0.696816992414145
14.999999999999982,40.5,0.695996987901494
15.099999999999982,40.5,0.6949806551939255
15.199999999999982,40.5,0.6937844972163035
15.299999999999981,40.5,0.6924249971450008
15.39999999999998,40.5,0.690918663825366
15.49999999999998,40.5,0.6892820718478396
15.59999999999998,40.5,0.6875318961796608
15.69999999999998,40.5,0.6856849413166863
15.79999999999998,40.5,0.6837581649818059
15.899999999999979,40.5,0.6817686964530059
15.999999999999979,40.5,0.6797338496551919
16.09999999999998,40.5,0.6776711311950024
16.199999999999978,40.5,0.6755982435564115
16.299999999999976,40.5,0.6735330837060797
16.399999999999977,40.5,0.6714937373803007
16.49999999999998,40.5,0.6694984693389587
16.599999999999977,40.5,0.6675657098752552
16.699999999999974,40.5,0.6657140378621067
16.799999999999976,40.5,0.6639621605962532
16.899999999999977,40.5,0.6623288906685427
16.999999999999975,40.5,0.6608331200430904
17.099999999999973,40.5,0.6594937914686795
17.199999999999974,40.5,0.6583298672728438
17.299999999999976,40.5,0.6573602955027065
17.399999999999974,40.5,0.6566039732772894
17.49999999999997,40.5,0.6560797071044534
17.599999999999973,40.5,0.655806169792964
17.699999999999974,40.5,0.6558018534579304
17.799999999999972,40.5,0.6560850179779804
17.89999999999997,40.5,0.6566736341174834
17.99999999999997,40.5,0.6575853203800052
18.099999999999973,40.5,0.6588372725138072
18.19999999999997,40.5,0.6604452652392563
18.29999999999997,40.5,0.6624090865218639
18.39999999999997,40.5,0.6647152697676351
18.49999999999997,40.5,0.6673495883908048
18.59999999999997,40.5,0.6702974700710287
18.699999999999967,40.5,0.6735440216804732
18.79999999999997,40.5,0.6770740541880749
18.89999999999997,40.5,0.6808721082357067
18.999999999999968,40.5,0.6849224809756022
19.099999999999966,40.5,0.6892092546509396
19.199999999999967,40.5,0.6937163272930631
19.29999999999997,40.5,0.6984274458005513
19.399999999999967,40.5,0.7033262415583952
19.499999999999964,40.5,0.7083962686511162
19.599999999999966,40.5,0.7136210446230093
19.699999999999967,40.5,0.7189840936431267
19.799999999999965,40.5,0.7244689918434184
19.899999999999963,40.5,0.7300594145169045
19.999999999999964,40.5,0.7357391847900967
20.099999999999966,40.5,0.74149232332126
20.199999999999964,40.5,0.7473030985244726
20.29999999999996,40.5,0.7531560767796662
20.399999999999963,40.5,0.7590361720614699
20.499999999999964,40.5,0.7649286944051439
20.599999999999962,40.5,0.7708193966262323
20.69999999999996,40.5,0.7766945187216139
20.79999999999996,40.5,0.7825408294029079
20.899999999999963,40.5,0.7883456642479243
20.99999999999996,40.5,0.7940969600010204
21.09999999999996,40.5,0.7997832846075363
21.19999999999996,40.5,0.8053938626294859
21.29999999999996,40.5,0.810918595757686
21.39999999999996,40.5,0.816348078207793
21.499999999999957,40.5,0.8216736068624013
21.59999999999996,40.5,0.8268871860966505
21.69999999999996,40.5,0.8319815272988443
21.799999999999958,40.5,0.8369500431687292
21.899999999999956,40.5,0.8417868374282299
21.999999999999957,40.5,0.8464882922518449
22.09999999999996,40.5,0.8510563907583106
22.199999999999957,40.5,0.8554942047777976
22.299999999999955,40.5,0.8598048001378935
22.399999999999956,40.5,0.8639912308573213
22.499999999999957,40.5,0.8680565338170768
22.599999999999955,40.5,0.8720037238878121
22.699999999999953,40.5,0.8758357894921548
22.799999999999955,40.5,0.8795556885806417
22.899999999999956,40.5,0.8831663450000709
22.999999999999954,40.5,0.8866706452333024
23.09999999999995,40.5,0.8900714354898633
23.199999999999953,40.5,0.8933715191271201
23.299999999999955,40.5,0.8965736543822533
23.399999999999952,40.5,0.8996805523958155
23.49999999999995,40.5,0.9026948755082177
23.59999999999995,40.5,0.90561923581113
23.699999999999953,40.5,0.9084561939364195
23.79999999999995,40.5,0.9112082580659286
23.89999999999995,40.5,0.9138778831460852
23.99999999999995,40.5,0.9164674702920357
24.09999999999995,40.5,0.9189793663666914
24.19999999999995,40.5,0.9214158637207883
24.299999999999947,40.5,0.923779200080751
24.39999999999995,40.5,0.9260715585718455
24.49999999999995,40.5,0.9282950678647812
24.599999999999948,40.5,0.9304518024345871
24.699999999999946,40.5,0.9325437829212352
24.799999999999947,40.5,0.9345729765821076
24.89999999999995,40.5,0.936541297827023
24.999999999999947,40.5,0.9384506088271142
10.0,41.0,0.49837001642604895
10.1,41.0,0.5041391657316894
10.2,41.0,0.5099074287514644
10.299999999999999,41.0,0.5156735707579324
10.399999999999999,41.0,0.5214363584229416
10.499999999999998,41.0,0.5271945606305299
10.599999999999998,41.0,0.5329469492873402
10.699999999999998,41.0,0.5386923001296384
10.799999999999997,41.0,0.5444293935260349
10.899999999999997,41.0,0.5501570152750087
10.999999999999996,41.0,0.5558739573963489
11.099999999999996,41.0,0.5615775510768554
11.199999999999996,41.0,0.5672592920671238
11.299999999999995,41.0,0.5729093022311543
11.399999999999995,41.0,0.5785178216632453
11.499999999999995,41.0,0.5840752258468805
11.599999999999994,41.0,0.5895720415949928
11.699999999999994,41.0,0.5949989615668505
11.799999999999994,41.0,0.6003468571727519
11.899999999999993,41.0,0.6056067896954747
11.999999999999993,41.0,0.610770019476727
12.099999999999993,41.0,0.6158280130373159
12.199999999999992,41.0,0.6207724480210414
12.299999999999992,41.0,0.6255952158741022
12.399999999999991,41.0,0.6302884221936957
12.499999999999991,41.0,0.6348443847012126
12.59999999999999,41.0,0.6392556288166354
12.69999999999999,41.0,0.6435148808312352
12.79999999999999,41.0,0.6476150586951304
12.89999999999999,41.0,0.6515492604546178
12.99999999999999,41.0,0.655310750391235
13.099999999999989,41.0,0.6588929429302138
13.199999999999989,41.0,0.6622893844003166
13.299999999999988,41.0,0.6654937327400681
13.399999999999988,41.0,0.6684997352571896
13.499999999999988,41.0,0.6713012045587948
13.599999999999987,41.0,0.6738919927798537
13.699999999999987,41.0,0.6762659642468183
13.799999999999986,41.0,0.6784169667225428
13.899999999999986,41.0,0.6803388013880557
13.999999999999986,41.0,0.6820251917268743
14.099999999999985,41.0,0.6834697514888692
14.199999999999985,41.0,0.6846659519237676
14.299999999999985,41.0,0.6856070884898539
14.399999999999984,41.0,0.6862862472619606
14.499999999999984,41.0,0.6866962712851219
14.599999999999984,41.0,0.6868308544328072
14.699999999999983,41.0,0.6866976902174683
14.799999999999983,41.0,0.6863140100732925
14.899999999999983,41.0,0.685697000140188
14.999999999999982,41.0,0.6848636693649433
15.099999999999982,41.0,0.6838309070546463
15.199999999999982,41.0,0.682615536073661
15.299999999999981,41.0,0.681234361313285
15.39999999999998,41.0,0.679704213159871
15.49999999999998,41.0,0.678041985774387
15.59999999999998,41.0,0.6762646700756707
15.69999999999998,41.0,0.6743893813920301
15.79999999999998,41.0,0.6724333818119899
15.899999999999979,41.0,0.6704140973250502
15.999999999999979,41.0,0.6683491298972122
16.09999999999998,41.0,0.6662562646733143
16.199999999999978,41.0,0.6641534725382634
16.299999999999976,41.0,0.6620589083012737
16.399999999999977,41.0,0.6599909047903288
16.49999999999998,41.0,0.6579679631573188
16.599999999999977,41.0,0.656008739696742
16.699999999999974,41.0,0.6541320294716371
16.799999999999976,41.0,0.6523567470187108
16.899999999999977,41.0,0.6507019043698332
16.999999999999975,41.0,0.6491865865787034
17.099999999999973,41.0,0.6478299248792493
17.199999999999974,41.0,0.6466510675261676
17.299999999999976,41.0,0.6456691482781122
17.399999999999974,41.0,0.6449032523808227
17.49999999999997,41.0,0.6443723797917134
17.599999999999973,41.0,0.6440954052601342
17.699999999999974,41.0,0.6440910347400879
17.799999999999972,41.0,0.6443777574664944
17.89999999999997,41.0,0.6449737928744057
17.99999999999997,41.0,0.6458970313858585
18.099999999999973,41.0,0.6471649679348727
18.19999999999997,41.0,0.6487936958206952
18.29999999999997,41.0,0.6507831538976727
18.39999999999997,41.0,0.6531198840216985
18.49999999999997,41.0,0.6557896799276722
18.59999999999997,41.0,0.6587780025341947
18.699999999999967,41.0,0.6620700009939343
18.79999999999997,41.0,0.6656505338069262
18.89999999999997,41.0,0.6695041907185981
18.999999999999968,41.0,0.6736153160183105
19.099999999999966,41.0,0.6779680337462255
19.199999999999967,41.0,0.682546275207383
19.29999999999997,41.0,0.6873338090829184
19.399999999999967,41.0,0.6923142743204899
19.499999999999964,41.0,0.6974712158802799
19.599999999999966,41.0,0.7027881233106229
19.699999999999967,41.0,0.7082484720295947
19.799999999999965,41.0,0.7138357670971005
19.899999999999963,41.0,0.7195335891773652
19.999999999999964,41.0,0.725325642315539
20.099999999999966,41.0,0.7311958030855654
20.199999999999964,41.0,0.7371281706105532
20.29999999999996,41.0,0.7431071169125903
20.399999999999963,41.0,0.7491173370169102
20.499999999999964,41.0,0.7551438982160559
20.599999999999962,41.0,0.7611722878933957
20.69999999999996,41.0,0.7671884593119425
20.79999999999996,41.0,0.7731788747935584
20.899999999999963,41.0,0.7791305457446474
20.99999999999996,41.0,0.785031069026392
21.09999999999996,41.0,0.7908686592193113
21.19999999999996,41.0,0.7966321763919723
21.29999999999996,41.0,0.8023111490504908
21.39999999999996,41.0,0.8078957920172596
21.499999999999957,41.0,0.8133770190623063
21.59999999999996,41.0,0.8187464501869739
21.69999999999996,41.0,0.8239964135353612
21.799999999999958,41.0,0.8291199419824214
21.899999999999956,41.0,0.8341107650182558
21.999999999999957,41.0,0.8389649507682279
22.09999999999996,41.0,0.843684347127853
22.199999999999957,41.0,0.8482719336033571
22.299999999999955,41.0,0.8527306919271798
22.399999999999956,41.0,0.8570635998920569
22.499999999999957,41.0,0.8612736256636749
22.599999999999955,41.0,0.8653637225522445
22.699999999999953,41.0,0.8693368242230252
22.799999999999955,41.0,0.873195840325675
22.899999999999956,41.0,0.8769436525222625
22.999999999999954,41.0,0.8805831108938814
23.09999999999995,41.0,0.8841170307059856
23.199999999999953,41.0,0.8875481895128663
23.299999999999955,41.0,0.8908793245820417
23.399999999999952,41.0,0.894113130619777
23.49999999999995,41.0,0.8972522577794323
23.59999999999995,41.0,0.9002993099348726
23.699999999999953,41.0,0.9032568432017556
23.79999999999995,41.0,0.9061273646901097
23.89999999999995,41.0,0.9089133314722444
23.99999999999995,41.0,0.9116171497506793
24.09999999999995,41.0,0.9142411742114296
24.19999999999995,41.0,0.916787707548645
24.299999999999947,41.0,0.9192590001472608
24.39999999999995,41.0,0.9216572499109708
24.49999999999995,41.0,0.9239846022234846
24.599999999999948,41.0,0.9262431500316717
24.699999999999946,41.0,0.9284349340398173
24.799999999999947,41.0,0.9305619430048298
24.89999999999995,41.0,0.932626114122836
24.999999999999947,41.0,0.9346293334981736
10.0,41.5,0.4859117808574679
10.1,41.5,0.4916786291411537
10.2,41.5,0.4974472590049404
10.299999999999999,41.5,0.5032164354793313
10.399999999999999,41.5,0.5089849232341395
10.499999999999998,41.5,0.5147514873936375
10.599999999999998,41.5,0.5205148943511972
10.699999999999998,41.5,0.5262739125825033
10.799999999999997,41.5,0.5320273134564261
10.899999999999997,41.5,0.5377738720426442
10.999999999999996,41.5,0.5435123679151135
11.099999999999996,41.5,0.5492401115558443
11.199999999999996,41.5,0.5549485447915692
11.299999999999995,41.5,0.5606277128936883
11.399999999999995,41.5,0.5662677623275973
11.499999999999995,41.5,0.5718589584352386
11.599999999999994,41.5,0.5773917019991478
11.699999999999994,41.5,0.5828565444758301
11.799999999999994,41.5,0.5882442017013514
11.899999999999993,41.5,0.5935455658890727
11.999999999999993,41.5,0.5987517157581969
12.099999999999993,41.5,0.6038539246518879
12.199999999999992,41.5,0.6088436665248194
12.299999999999992,41.5,0.61371261970178
12.399999999999991,41.5,0.6184526683310512
12.499999999999991,41.5,0.6230559014783352
12.59999999999999,41.5,0.6275146098287983
12.69999999999999,41.5,0.6318212799859486
12.79999999999999,41.5,0.6359685863764486
12.89999999999999,41.5,0.6399493807892888
12.99999999999999,41.5,0.6437566795959597
13.099999999999989,41.5,0.6473836487151996
13.199999999999989,41.5,0.6508235864015958
13.299999999999988,41.5,0.6540699039517537
13.399999999999988,41.5,0.6571161044350616
13.499999999999988,41.5,0.6599557595683772
13.599999999999987,41.5,0.6625824848655039
13.699999999999987,41.5,0.6649899132033441
13.799999999999986,41.5,0.6671716669574901
13.899999999999986,41.5,0.6691213288710915
13.999999999999986,41.5,0.6708324118326303
14.099999999999985,41.5,0.6722983277511754
14.199999999999985,41.5,0.6735123557324219
14.299999999999985,41.5,0.6744676097758737
14.399999999999984,41.5,0.6751570062336332
14.499999999999984,41.5,0.6755732312950623
14.599999999999984,41.5,0.675709853158966
14.699999999999983,41.5,0.6755746717133315
14.799999999999983,41.5,0.675185188435794
14.899999999999983,41.5,0.6745588743524529
14.999999999999982,41.5,0.6737130323518055
15.099999999999982,41.5,0.672664852118094
15.199999999999982,41.5,0.6714314609195084
15.299999999999981,41.5,0.670029969858701
15.39999999999998,41.5,0.6684775152960365
15.49999999999998,41.5,0.666791295248977
15.59999999999998,41.5,0.6649886006555138
15.69999999999998,41.5,0.663086841466572
15.79999999999998,41.5,0.6611035676024377
15.899999999999979,41.5,0.6590564848716585
15.999999999999979,41.5,0.6569634660074173
16.09999999999998,41.5,0.6548425570256771
16.199999999999978,41.5,0.6527119791507902
16.299999999999976,41.5,0.6505901265870462
16.399999999999977,41.5,0.6484955604378698
16.49999999999998,41.5,0.6464469990872177
16.599999999999977,41.5,0.6444633053592668
16.699999999999974,41.5,0.6425634707618751
16.799999999999976,41.5,0.6407665970958494
16.899999999999977,41.5,0.6390918756751224
16.999999999999975,41.5,0.637558564352134
17.099999999999973,41.5,0.6361859624777522
17.199999999999974,41.5,0.6349933838459234
17.299999999999976,41.5,0.6340001275800994
17.399999999999974,41.5,0.6332254468117529
17.49999999999997,41.5,0.6326885148816725
17.599999999999973,41.5,0.6324083886631812
17.699999999999974,41.5,0.6324039684642685
17.799999999999972,41.5,0.6326939538145709
17.89999999999997,41.5,0.6332967942853062
17.99999999999997,41.5,0.6342306343284234
18.099999999999973,41.5,0.6355132509587265
18.19999999999997,41.5,0.637161040849048
18.29999999999997,41.5,0.639174095640611
18.39999999999997,41.5,0.6415389817422928
18.49999999999997,41.5,0.644241530495903
18.59999999999997,41.5,0.6472672541028912
18.699999999999967,41.5,0.6506013627770187
18.79999999999997,41.5,0.6542287820429643
18.89999999999997,41.5,0.6581341709273192
18.999999999999968,41.5,0.6623019416821507
19.099999999999966,41.5,0.6667162815732128
19.199999999999967,41.5,0.6713611771558097
19.29999999999997,41.5,0.6762204413520972
19.399999999999967,41.5,0.6812777435352266
19.499999999999964,41.5,0.6865166427191447
19.599999999999966,41.5,0.6919206238492749
19.699999999999967,41.5,0.697473137089819
19.799999999999965,41.5,0.7031576399093612
19.899999999999963,41.5,0.7089576416790575
19.999999999999964,41.5,0.7148567504182558
20.099999999999966,41.5,0.7208387212521274
20.199999999999964,41.5,0.7268875060859158
20.29999999999996,41.5,0.732987303951711
20.399999999999963,41.5,0.7391226114470535
20.499999999999964,41.5,0.7452782726607068
20.599999999999962,41.5,0.7514395279699789
20.69999999999996,41.5,0.7575920610960234
20.79999999999996,41.5,0.7637220438184
20.899999999999963,41.5,0.7698161777772695
20.99999999999996,41.5,0.7758617328301047
21.09999999999996,41.5,0.7818465814786353
21.19999999999996,41.5,0.7877592289395509
21.29999999999996,41.5,0.7935888384977365
21.39999999999996,41.5,0.7993252518517995
21.499999999999957,41.5,0.804959004236535
21.59999999999996,41.5,0.8104813341839214
21.69999999999996,41.5,0.8158841878613587
21.799999999999958,41.5,0.8211602180013333
21.899999999999956,41.5,0.8263027780253378
21.999999999999957,41.5,0.831307618051247
22.09999999999996,41.5,0.8361764437139507
22.199999999999957,41.5,0.8409121346232098
22.299999999999955,41.5,0.8455175808663238
22.399999999999956,41.5,0.8499956765050833
22.499999999999957,41.5,0.8543493135503206
22.599999999999955,41.5,0.8585813763960117
22.699999999999953,41.5,0.86269473669442
22.799999999999955,41.5,0.8666922486534409
22.899999999999956,41.5,0.8705767447371322
22.999999999999954,41.5,0.8743510317503691
23.09999999999995,41.5,0.8780178872886226
23.199999999999953,41.5,0.8815800565340245
23.299999999999955,41.5,0.8850402493791362
23.399999999999952,41.5,0.8884011378601664
23.49999999999995,41.5,0.8916653538817727
23.59999999999995,41.5,0.894835487216032
23.699999999999953,41.5,0.897914083758659
23.79999999999995,41.5,0.9009036440260844
23.89999999999995,41.5,0.9038066218775574
23.99999999999995,41.5,0.9066254234470348
24.09999999999995,41.5,0.9093624062702006
24.19999999999995,41.5,0.9120198785925904
24.299999999999947,41.5,0.9146000988453951
24.39999999999995,41.5,0.9171052752761478
24.49999999999995,41.5,0.9195375657221099
24.599999999999948,41.5,0.9218990775147825
24.699999999999946,41.5,0.9241918675045793
24.799999999999947,41.5,0.926417942195273
24.89999999999995,41.5,0.9285792579784268
24.999999999999947,41.5,0.9306777214585671
10.0,42.0,0.4736270084858575
10.1,42.0,0.47938594041302796
10.2,42.0,0.4851492822405208
10.299999999999999,42.0,0.49091580248696803
10.399999999999999,42.0,0.49668426757471007
10.499999999999998,42.0,0.5024534426429756
10.599999999999998,42.0,0.5082220923625057
10.699999999999998,42.0,0.5139889817507022
10.799999999999997,42.0,0.519752876986387
10.899999999999997,42.0,0.5255125462232588
10.999999999999996,42.0,0.5312667604011247
11.099999999999996,42.0,0.5370128146083403
11.199999999999996,42.0,0.5427421080681487
11.299999999999995,42.0,0.5484446222432654
11.399999999999995,42.0,0.554110422654065
11.499999999999995,42.0,0.559729677025138
11.599999999999994,42.0,0.5652926724161611
11.699999999999994,42.0,0.5707898311182564
11.799999999999994,42.0,0.5762117251111313
11.899999999999993,42.0,0.5815490888925472
11.999999999999993,42.0,0.5867928305097713
12.099999999999993,42.0,0.5919340406422956
12.199999999999992,42.0,0.5969639996059413
12.299999999999992,42.0,0.6018741821701272
12.399999999999991,42.0,0.606656260102272
12.499999999999991,42.0,0.6113021023756497
12.59999999999999,42.0,0.6158037729992478
12.69999999999999,42.0,0.6201535264499878
12.79999999999999,42.0,0.6243438007088152
12.89999999999999,42.0,0.6283672079224659
12.99999999999999,42.0,0.6322165227319771
13.099999999999989,42.0,0.6358846683271756
13.199999999999989,42.0,0.6393647003033611
13.299999999999988,42.0,0.6426497884122486
13.399999999999988,42.0,0.6457331963140034
13.499999999999988,42.0,0.6486082594510393
13.599999999999987,42.0,0.6512683611773566
13.699999999999987,42.0,0.6537069072898269
13.799999999999986,42.0,0.6559172991203244
13.899999999999986,42.0,0.6578929053603297
13.999999999999986,42.0,0.6596270328030389
14.099999999999985,42.0,0.6611128962025927
14.199999999999985,42.0,0.6623435874663567
14.299999999999985,42.0,0.6633120444148167
14.399999999999984,42.0,0.6640110193652623
14.499999999999984,42.0,0.6644330478207009
14.599999999999984,42.0,0.6645715779348923
14.699999999999983,42.0,0.6644345083492303
14.799999999999983,42.0,0.6640395940259078
14.899999999999983,42.0,0.6634045746106991
14.999999999999982,42.0,0.6625470310215367
15.099999999999982,42.0,0.6614844376435289
15.199999999999982,42.0,0.6602342105988972
15.299999999999981,42.0,0.6588137516787531
15.39999999999998,42.0,0.6572404876326123
15.49999999999998,42.0,0.6555319046100695
15.59999999999998,42.0,0.6537055776385364
15.69999999999998,42.0,0.6517791951023852
15.79999999999998,42.0,0.6497705782627206
15.899999999999979,42.0,0.6476976959235655
15.999999999999979,42.0,0.6455786744092764
16.09999999999998,42.0,0.6434318030691588
16.199999999999978,42.0,0.641275535567885
16.299999999999976,42.0,0.6391284872537195
16.399999999999977,42.0,0.6370094289198623
16.49999999999998,42.0,0.6349372772866133
16.599999999999977,42.0,0.6329310825326695
16.699999999999974,42.0,0.6310100131919293
16.799999999999976,42.0,0.6291933387070121
16.899999999999977,42.0,0.6275004098917624
16.999999999999975,42.0,0.6259506375019035
17.099999999999973,42.0,0.6245634690455331
17.199999999999974,42.0,0.6233583638832518
17.299999999999976,42.0,0.6223547665716386
17.399999999999974,42.0,0.6215720782938458
17.49999999999997,42.0,0.6210296260980033
17.599999999999973,42.0,0.6207466295287503
17.699999999999974,42.0,0.6207421640907635
17.799999999999972,42.0,0.6210351208272149
17.89999999999997,42.0,0.6216441611325935
17.99999999999997,42.0,0.6225876657508538
18.099999999999973,42.0,0.6238836767395042
18.19999999999997,42.0,0.6255488788962806
18.29999999999997,42.0,0.6275835181795874
18.39999999999997,42.0,0.6299742010255722
18.49999999999997,42.0,0.6327068129773279
18.59999999999997,42.0,0.635766934824324
18.699999999999967,42.0,0.6391398558468544
18.79999999999997,42.0,0.6428105872865992
18.89999999999997,42.0,0.6467638768120042
18.999999999999968,42.0,0.6509842246409792
19.099999999999966,42.0,0.6554559018755581
19.199999999999967,42.0,0.660162971494324
19.29999999999997,42.0,0.665089312339298
19.399999999999967,42.0,0.6702186463254647
19.499999999999964,42.0,0.67553456899404
19.599999999999966,42.0,0.681020583426081
19.699999999999967,42.0,0.6866601374321625
19.799999999999965,42.0,0.6924366638378707
19.899999999999963,42.0,0.6983336235950348
19.999999999999964,42.0,0.7043345513662168
20.099999999999966,42.0,0.7104231031562742
20.199999999999964,42.0,0.7165831055009738
20.29999999999996,42.0,0.7227986056697131
20.399999999999963,42.0,0.7290539222983108
20.499999999999964,42.0,0.7353336958392389
20.599999999999962,42.0,0.7416229382010017
20.69999999999996,42.0,0.7479070809458312
20.79999999999996,42.0,0.7541720214252874
20.899999999999963,42.0,0.7604041662563612
20.99999999999996,42.0,0.7665904715755094
21.09999999999996,42.0,0.7727184795537313
21.19999999999996,42.0,0.7787763507110641
21.29999999999996,42.0,0.7847528916322449
21.39999999999996,42.0,0.7906375777551137
21.499999999999957,42.0,0.7964205709777978
21.59999999999996,42.0,0.8020927319079838
21.69999999999996,42.0,0.807645626655739
21.799999999999958,42.0,0.8130715281485352
21.899999999999956,42.0,0.8183634125532657
21.999999999999957,42.0,0.8235167086191744
22.09999999999996,42.0,0.8285329731233062
22.199999999999957,42.0,0.8334149785912077
22.299999999999955,42.0,0.8381655162719043
22.399999999999956,42.0,0.8427873893211062
22.499999999999957,42.0,0.847283406458954
22.599999999999955,42.0,0.8516563760859703
22.699999999999953,42.0,0.8559091008402376
22.799999999999955,42.0,0.8600443725783498
22.899999999999956,42.0,0.8640649677623605
22.999999999999954,42.0,0.8679736432347649
23.09999999999995,42.0,0.8717731323634799
23.199999999999953,42.0,0.8754661415388316
23.299999999999955,42.0,0.8790553470047011
23.399999999999952,42.0,0.88254339200619
23.49999999999995,42.0,0.8859328842364715
23.59999999999995,42.0,0.8892263935658432
23.699999999999953,42.0,0.8924264500364101
23.79999999999995,42.0,0.8955355421062815
23.89999999999995,42.0,0.8985561151276553
23.99999999999995,42.0,0.9014905700436837
24.09999999999995,42.0,0.9043412622895568
24.19999999999995,42.0,0.9071105008838057
24.299999999999947,42.0,0.909800547696386
24.39999999999995,42.0,0.9124136168806952
24.49999999999995,42.0,0.9149518744572465
24.599999999999948,42.0,0.9174174380373064
24.699999999999946,42.0,0.9198123766753789
24.799999999999947,42.0,0.9221387108399848
24.89999999999995,42.0,0.9243984124927415
24.999999999999947,42.0,0.9265934052663038
10.0,42.5,0.4615120696884323
10.1,42.5,0.4672576920033741
10.2,42.5,0.4730103086302314
10.299999999999999,42.5,0.47876869515514986
10.399999999999999,42.5,0.4845316233633088
10.499999999999998,42.5,0.4902978620460768
10.599999999999998,42.5,0.4960661778115305
10.699999999999998,42.5,0.5018353358974252
10.799999999999997,42.5,0.5076041009857084
10.899999999999997,42.5,0.5133712380176556
10.999999999999996,42.5,0.5191355130087155
11.099999999999996,42.5,0.5248942108265744
11.199999999999996,42.5,0.5306386991174218
11.299999999999995,42.5,0.5363589080213208
11.399999999999995,42.5,0.542044834543105
11.499999999999995,42.5,0.5476865611037685
11.599999999999994,42.5,0.553274273181282
11.699999999999994,42.5,0.5587982758161124
11.799999999999994,42.5,0.5642490087698548
11.899999999999993,42.5,0.5696170601407927
11.999999999999993,42.5,0.5748931782576165
12.099999999999993,42.5,0.5800682816916168
12.199999999999992,42.5,0.5851334672481527
12.299999999999992,42.5,0.5900800158196788
12.399999999999991,42.5,0.5948993960048172
12.499999999999991,42.5,0.5995832654205029
12.59999999999999,42.5,0.6041234696568434
12.69999999999999,42.5,0.6085120388466898
12.79999999999999,42.5,0.612741181843792
12.89999999999999,42.5,0.6168032780245671
12.99999999999999,42.5,0.620690866748809
13.099999999999989,42.5,0.6243966345339469
13.199999999999989,42.5,0.6279134000157236
13.299999999999988,42.5,0.6312340967853385
13.399999999999988,42.5,0.6343517542093201
13.499999999999988,42.5,0.6372594763537058
13.599999999999987,42.5,0.6399504191487726
13.699999999999987,42.5,0.6424177659447678
13.799999999999986,42.5,0.6446547016231848
13.899999999999986,42.5,0.6466543854424738
13.999999999999986,42.5,0.6484099228120865
14.099999999999985,42.5,0.6499143362049432
14.199999999999985,42.5,0.6511605354362817
14.299999999999985,42.5,0.6521412875570118
14.399999999999984,42.5,0.6528491866327779
14.499999999999984,42.5,0.6532766237065768
14.599999999999984,42.5,0.6534169325393533
14.699999999999983,42.5,0.6532781029795725
14.799999999999983,42.5,0.6528781270148611
14.899999999999983,42.5,0.6522349967094058
14.999999999999982,42.5,0.6513665551364415
15.099999999999982,42.5,0.650290545724746
15.199999999999982,42.5,0.6490246579082414
15.299999999999981,42.5,0.647586568646261
15.39999999999998,42.5,0.6459939794967263
15.49999999999998,42.5,0.6442646490282669
15.59999999999998,42.5,0.6424164204515479
15.69999999999998,42.5,0.6404672444356707
15.79999999999998,42.5,0.6384351971529779
15.899999999999979,42.5,0.6363384936650945
15.999999999999979,42.5,0.6341954968243985
16.09999999999998,42.5,0.6320247219179584
16.199999999999978,42.5,0.6298448373247134
16.299999999999976,42.5,0.6276746614905863
16.399999999999977,42.5,0.6255331565495235
16.49999999999998,42.5,0.6234394189303453
16.599999999999977,42.5,0.6214126672889584
16.699999999999974,42.5,0.6194722280922427
16.799999999999976,42.5,0.6176375191531118
16.899999999999977,42.5,0.6159280313754087
16.999999999999975,42.5,0.614363308912059
17.099999999999973,42.5,0.6129629278701039
17.199999999999974,42.5,0.6117464736118563
17.299999999999976,42.5,0.6107335166026713
17.399999999999974,42.5,0.6099435866430304
17.49999999999997,42.5,0.6093961451964668
17.599999999999973,42.5,0.6091105553860656
17.699999999999974,42.5,0.609106049081988
17.799999999999972,42.5,0.609401690342104
17.89999999999997,42.5,0.6100163342991682
17.99999999999997,42.5,0.6109685804133369
18.099999999999973,42.5,0.6122767188311533
18.19999999999997,42.5,0.6139577072074808
18.29999999999997,42.5,0.6160119470091017
18.39999999999997,42.5,0.6184260995763499
18.49999999999997,42.5,0.621186120591055
18.59999999999997,42.5,0.6242776760347581
18.699999999999967,42.5,0.6276861515239228
18.79999999999997,42.5,0.631396661948594
18.89999999999997,42.5,0.6353940622030219
18.999999999999968,42.5,0.6396629596909857
19.099999999999966,42.5,0.6441877291812854
19.199999999999967,42.5,0.6489525304806243
19.29999999999997,42.5,0.6539413292824887
19.399999999999967,42.5,0.6591379214423363
19.499999999999964,42.5,0.6645259608222331
19.599999999999966,42.5,0.6700889907430362
19.699999999999967,42.5,0.6758104789803067
19.799999999999965,42.5,0.681673856142615
19.899999999999963,42.5,0.6876625571789431
19.999999999999964,42.5,0.6937600656768379
20.099999999999966,42.5,0.6999499605360887
20.199999999999964,42.5,0.7062159645352137
20.29999999999996,42.5,0.7125419942510806
20.399999999999963,42.5,0.7189122107465227
20.499999999999964,42.5,0.7253110704076577
20.599999999999962,42.5,0.7317233752922714
20.69999999999996,42.5,0.7381343223434307
20.79999999999996,42.5,0.7445295508284102
20.899999999999963,42.5,0.7508951873817521
20.99999999999996,42.5,0.7572178880622475
21.09999999999996,42.5,0.7634848768759019
21.19999999999996,42.5,0.7696839802693847
21.29999999999996,42.5,0.7758036571596558
21.39999999999996,42.5,0.781833024133787
21.499999999999957,42.5,0.7877618755267085
21.59999999999996,42.5,0.7935806981618603
21.69999999999996,42.5,0.7992806806185799
21.799999999999958,42.5,0.8048537169686688
21.899999999999956,42.5,0.810292405547667
21.999999999999957,42.5,0.8155918509371404
22.09999999999996,42.5,0.8207534548807487
22.199999999999957,42.5,0.8257798760032077
22.299999999999955,42.5,0.8306737998671461
22.399999999999956,42.5,0.8354379318666905
22.499999999999957,42.5,0.8400749905905198
22.599999999999955,42.5,0.8445877016398327
22.699999999999953,42.5,0.848978791885869
22.799999999999955,42.5,0.8532509841510034
22.899999999999956,42.5,0.8574069922969543
22.999999999999954,42.5,0.8614495167033299
23.09999999999995,42.5,0.8653812401195334
23.199999999999953,42.5,0.8692048238729702
23.299999999999955,42.5,0.8729229044165161
23.399999999999952,42.5,0.8765380901983315
23.49999999999995,42.5,0.880052958837282
23.59999999999995,42.5,0.8834700545875064
23.699999999999953,42.5,0.8867918860759832
23.79999999999995,42.5,0.890020924297334
23.89999999999995,42.5,0.8931596008505109
23.99999999999995,42.5,0.8962103064024726
24.09999999999995,42.5,0.8991753893644403
24.19999999999995,42.5,0.9020571547668254
24.299999999999947,42.5,0.9048578633194417
24.39999999999995,42.5,0.9075797306441599
24.49999999999995,42.5,0.910224926667685
24.599999999999948,42.5,0.912795575162702
24.699999999999946,42.5,0.9152937534261673
24.799999999999947,42.5,0.9177214920840644
24.89999999999995,42.5,0.9200807750124875
24.999999999999947,42.5,0.9223735393654335
10.0,43.0,0.44956256234799163
10.1,43.0,0.4552896888271095
10.2,43.0,0.4610263463031583
10.299999999999999,43.0,0.4667713208611089
10.399999999999999,43.0,0.47252339311712854
10.499999999999998,43.0,0.47828133901582975
10.599999999999998,43.0,0.48404393063275486
10.699999999999998,43.0,0.4898099369812068
10.799999999999997,43.0,0.49557812482251895
10.899999999999997,43.0,0.5013472594788531
10.999999999999996,43.0,0.5071161056476168
11.099999999999996,43.0,0.5128819430108966
11.199999999999996,43.0,0.5186361183784345
11.299999999999995,43.0,0.5243685227626999
11.399999999999995,43.0,0.5300690968311892
11.499999999999995,43.0,0.535727849804094
11.599999999999994,43.0,0.5413348775484188
11.699999999999994,43.0,0.5468803796386907
11.799999999999994,43.0,0.5523546751665109
11.899999999999993,43.0,0.5577482170956904
11.999999999999993,43.0,0.5630516049763743
12.099999999999993,43.0,0.5682555958500383
12.199999999999992,43.0,0.5733511131972905
12.299999999999992,43.0,0.5783292538016422
12.399999999999991,43.0,0.5831812924245372
12.499999999999991,43.0,0.587898684209592
12.59999999999999,43.0,0.5924730647568979
12.69999999999999,43.0,0.5968962478310689
12.79999999999999,43.0,0.6011602206892386
12.89999999999999,43.0,0.6052571370371609
12.99999999999999,43.0,0.6091793076428178
13.099999999999989,43.0,0.6129191886573014
13.199999999999989,43.0,0.6164693677121944
13.299999999999988,43.0,0.6198225478811487
13.399999999999988,43.0,0.6229715296109686
13.499999999999988,43.0,0.6259091907442856
13.599999999999987,43.0,0.6286284647720717
13.699999999999987,43.0,0.631122317470012
13.799999999999986,43.0,0.6333837220884291
13.899999999999986,43.0,0.63540563328137
13.999999999999986,43.0,0.637180959977081
14.099999999999985,43.0,0.6387025374098272
14.199999999999985,43.0,0.6399630985524316
14.299999999999985,43.0,0.6409552452105471
14.399999999999984,43.0,0.6416714190641598
14.499999999999984,43.0,0.6421038729697961
14.599999999999984,43.0,0.6422458319637689
14.699999999999983,43.0,0.6421053696317538
14.799999999999983,43.0,0.6417006986340145
14.899999999999983,43.0,0.6410500473261491
14.999999999999982,43.0,0.6401715051115389
15.099999999999982,43.0,0.6390830688366568
15.199999999999982,43.0,0.6378026857252096
15.299999999999981,43.0,0.6363482924005085
15.39999999999998,43.0,0.6347378496655501
15.49999999999998,43.0,0.6329893728190653
15.59999999999998,43.0,0.6311209573845133
15.69999999999998,43.0,0.6291508002185358
15.79999999999998,43.0,0.6270972160462142
15.899999999999979,43.0,0.624978649542719
15.999999999999979,43.0,0.6228136831444506
16.09999999999998,43.0,0.6206210408271591
16.199999999999978,43.0,0.6184195881332261
16.299999999999976,43.0,0.6162283287646315
16.399999999999977,43.0,0.6140663980813335
16.49999999999998,43.0,0.611953053856144
16.599999999999977,43.0,0.6099076646359041
16.699999999999974,43.0,0.6079496960442421
16.799999999999976,43.0,0.606098695332822
16.899999999999977,43.0,0.6043742744453567
16.999999999999975,43.0,0.6027960918014552
17.099999999999973,43.0,0.6013838329354494
17.199999999999974,43.0,0.6001571900387335
17.299999999999976,43.0,0.5991358403530123
17.399999999999974,43.0,0.5983394232465664
17.49999999999997,43.0,0.5977875156767294
17.599999999999973,43.0,0.5974996055999905
17.699999999999974,43.0,0.5974950627374519
17.799999999999972,43.0,0.5977931059390529
17.89999999999997,43.0,0.5984127662166534
17.99999999999997,43.0,0.5993728443358042
18.099999999999973,43.0,0.6006918616715027
18.19999999999997,43.0,0.6023870334644266
18.29999999999997,43.0,0.6044589175683684
18.39999999999997,43.0,0.6068942445423364
18.49999999999997,43.0,0.6096790555260313
18.59999999999997,43.0,0.6127991176372798
18.699999999999967,43.0,0.6162399294056917
18.79999999999997,43.0,0.6199867265842263
18.89999999999997,43.0,0.6240244891445721
18.999999999999968,43.0,0.62833795015721
19.099999999999966,43.0,0.6329116071506711
19.199999999999967,43.0,0.6377297364372193
19.29999999999997,43.0,0.6427764107844056
19.399999999999967,43.0,0.6480355207042426
19.499999999999964,43.0,0.653490799524849
19.599999999999966,43.0,0.6591258523041741
19.699999999999967,43.0,0.664924188542858
19.799999999999965,43.0,0.6708692585545201
19.899999999999963,43.0,0.67694449325804
19.999999999999964,43.0,0.6831333470689829
20.099999999999966,43.0,0.6894193434875395
20.199999999999964,43.0,0.6957861229094422
20.29999999999996,43.0,0.7022174921255093
20.399999999999963,43.0,0.7086974749257842
20.499999999999964,43.0,0.7152103631865915
20.599999999999962,43.0,0.7217407677938477
20.69999999999996,43.0,0.7282736687440845
20.79999999999996,43.0,0.7347944637659624
20.899999999999963,43.0,0.7412890148193962
20.99999999999996,43.0,0.7477436918563227
21.09999999999996,43.0,0.7541454132657744
21.19999999999996,43.0,0.7604816824752743
21.29999999999996,43.0,0.7667406202392641
21.39999999999996,43.0,0.772910992211798
21.499999999999957,43.0,0.7789822314733543
21.59999999999996,43.0,0.7849444557585037
21.69999999999996,43.0,0.7907884792104086
21.799999999999958,43.0,0.7965058185678242
21.899999999999956,43.0,0.8020886943297775
21.999999999999957,43.0,0.8075318846404933
22.09999999999996,43.0,0.8128366304372453
22.199999999999957,43.0,0.81800546998344
22.299999999999955,43.0,0.8230409766388367
22.399999999999956,43.0,0.8279457514882811
22.499999999999957,43.0,0.8327224164328779
22.599999999999955,43.0,0.837373607730897
22.699999999999953,43.0,0.8419019699747422
22.799999999999955,43.0,0.8463101504895445
22.899999999999956,43.0,0.8506007941383271
22.999999999999954,43.0,0.8547765385182247
23.09999999999995,43.0,0.8588400095319169
23.199999999999953,43.0,0.8627938173182305
23.299999999999955,43.0,0.8666405525257708
23.399999999999952,43.0,0.8703827829134506
23.49999999999995,43.0,0.8740230502618721
23.59999999999995,43.0,0.8775638675796902
23.699999999999953,43.0,0.8810077165893186
23.79999999999995,43.0,0.8843570454766367
23.89999999999995,43.0,0.8876142668896918
23.99999999999995,43.0,0.890781756171788
24.09999999999995,43.0,0.8938618498147597
24.19999999999995,43.0,0.896856844118686
24.299999999999947,43.0,0.899768994044768
24.39999999999995,43.0,0.9026005122485787
24.49999999999995,43.0,0.9053535682813965
24.599999999999948,43.0,0.9080302879478359
24.699999999999946,43.0,0.9106327528085092
24.799999999999947,43.0,0.9131629998169526
24.89999999999995,43.0,0.9156230210805704
24.999999999999947,43.0,0.91801476373585
10.0,43.5,0.4377734462277802
10.1,43.5,0.4434770819436904
10.2,43.5,0.4491927342658888
10.299999999999999,43.5,0.45491920306540934
10.399999999999999,43.5,0.4606552811188289
10.499999999999998,43.5,0.46639975489189645
10.599999999999998,43.5,0.47215140533022804
10.699999999999998,43.5,0.477909008656184
10.799999999999997,43.5,0.4836713371710437
10.899999999999997,43.5,0.489437160061583
10.999999999999996,43.5,0.4952052442101473
11.099999999999996,43.5,0.5009728690127402
11.199999999999996,43.5,0.506731370909298
11.299999999999995,43.5,0.5124706137001722
11.399999999999995,43.5,0.5181804936504308
11.499999999999995,43.5,0.5238509586759472
11.599999999999994,43.5,0.5294720268345217
11.699999999999994,43.5,0.5350338038878063
11.799999999999994,43.5,0.5405264997108365
11.899999999999993,43.5,0.5459404433395242
11.999999999999993,43.5,0.5512660964622965
12.099999999999993,43.5,0.5564940651798818
12.199999999999992,43.5,0.5616151098767843
12.299999999999992,43.5,0.566620153068889
12.399999999999991,43.5,0.5715002851136122
12.499999999999991,43.5,0.5762467676917015
12.59999999999999,43.5,0.5808510349929126
12.69999999999999,43.5,0.5853046925610011
12.79999999999999,43.5,0.58959951377656
12.89999999999999,43.5,0.5937274339789118
12.99999999999999,43.5,0.5976805422503881
13.099999999999989,43.5,0.6014510709077111
13.199999999999989,43.5,0.6050313827657847
13.299999999999988,43.5,0.6084139562589442
13.399999999999988,43.5,0.6115913685236365
13.499999999999988,43.5,0.6145562765647141
13.599999999999987,43.5,0.6173013966451661
13.699999999999987,43.5,0.6198194820563923
13.799999999999986,43.5,0.6221032994433435
13.899999999999986,43.5,0.6241456038763384
13.999999999999986,43.5,0.6259391128795166
14.099999999999985,43.5,0.6274764796451627
14.199999999999985,43.5,0.6287502656840362
14.299999999999985,43.5,0.6297529131849127
14.399999999999984,43.5,0.630476717382386
14.499999999999984,43.5,0.6309137992611946
14.599999999999984,43.5,0.6310572808136656
14.699999999999983,43.5,0.6309153119666915
14.799999999999983,43.5,0.6305063098055073
14.899999999999983,43.5,0.6298487229254691
14.999999999999982,43.5,0.6289608712867573
15.099999999999982,43.5,0.627860989562868
15.199999999999982,43.5,0.626567267270652
15.299999999999981,43.5,0.625097885214352
15.39999999999998,43.5,0.6234710479012824
15.49999999999998,43.5,0.621705011700249
15.59999999999998,43.5,0.6198181086167546
15.69999999999998,43.5,0.617828765652275
15.79999999999998,43.5,0.6157555197988522
15.899999999999979,43.5,0.6136170287950482
15.999999999999979,43.5,0.6114320778347753
16.09999999999998,43.5,0.6092195824763006
16.199999999999978,43.5,0.6069985880442412
16.299999999999976,43.5,0.6047882658520172
16.399999999999977,43.5,0.6026079065952776
16.49999999999998,43.5,0.6004769112775818
16.599999999999977,43.5,0.5984147800273892
16.699999999999974,43.5,0.5964410991496489
16.799999999999976,43.5,0.5945755267254116
16.899999999999977,43.5,0.592837777028584
16.999999999999975,43.5,0.591247603969925
17.099999999999973,43.5,0.5898247837045598
17.199999999999974,43.5,0.5885890964506664
17.299999999999976,43.5,0.5875603074637963
17.399999999999974,43.5,0.5867581469938004
17.49999999999997,43.5,0.5862022889200893
17.599999999999973,43.5,0.5859123276165761
17.699999999999974,43.5,0.5859077524410116
17.799999999999972,43.5,0.5862079190756431
17.89999999999997,43.5,0.5868320167686163
17.99999999999997,43.5,0.5877990303401602
18.099999999999973,43.5,0.5891276956267445
18.19999999999997,43.5,0.5908354701873553
18.29999999999997,43.5,0.5929230688529836
18.39999999999997,43.5,0.5953773051907824
18.49999999999997,43.5,0.5981843205402276
18.59999999999997,43.5,0.6013299984835621
18.699999999999967,43.5,0.6047999663935111
18.79999999999997,43.5,0.608579597430507
18.89999999999997,43.5,0.6126540138102854
18.999999999999968,43.5,0.6170080920587238
19.099999999999966,43.5,0.6216264708657023
19.199999999999967,43.5,0.6264935620437555
19.29999999999997,43.5,0.631593564990686
19.399999999999967,43.5,0.6369104849485683
19.499999999999964,43.5,0.6424281552452853
19.599999999999966,43.5,0.6481302635996843
19.699999999999967,43.5,0.6540003824685686
19.799999999999965,43.5,0.6600220033141032
19.899999999999963,43.5,0.6661785745750315
19.999999999999964,43.5,0.6724535430356343
20.099999999999966,43.5,0.6788303982039519
20.199999999999964,43.5,0.6852927192367132
20.29999999999996,43.5,0.6918242238839498
20.399999999999963,43.5,0.6984088188725202
20.499999999999964,43.5,0.7050306511057413
20.599999999999962,43.5,0.7116741590267551
20.69999999999996,43.5,0.7183241234766788
20.79999999999996,43.5,0.7249657173752515
20.899999999999963,43.5,0.7315845535615332
20.99999999999996,43.5,0.7381667301548709
21.09999999999996,43.5,0.7446988728311481
21.19999999999996,43.5,0.7511681734553269
21.29999999999996,43.5,0.7575624245672128
21.39999999999996,43.5,0.763870049281774
21.499999999999957,43.5,0.7700801262365515
21.59999999999996,43.5,0.7761824092948753
21.69999999999996,43.5,0.7821673417929107
21.799999999999958,43.5,0.7880260651989996
21.899999999999956,43.5,0.7937504227091359
21.999999999999957,43.5,0.7993348642604462
22.09999999999996,43.5,0.8047804645943356
22.199999999999957,43.5,0.8100896354929348
22.299999999999955,43.5,0.8152648319141433
22.399999999999956,43.5,0.8203085443808316
22.499999999999957,43.5,0.8252232918235609
22.599999999999955,43.5,0.8300116148660157
22.699999999999953,43.5,0.8346760695412341
22.799999999999955,43.5,0.8392192214258076
22.899999999999956,43.5,0.8436436401784704
22.999999999999954,43.5,0.8479518944688953
23.09999999999995,43.5,0.8521465472820687
23.199999999999953,43.5,0.8562301515832842
23.299999999999955,43.5,0.8602052463285909
23.399999999999952,43.5,0.8640743528054282
23.49999999999995,43.5,0.867839971288169
23.59999999999995,43.5,0.8715045779933595
23.699999999999953,43.5,0.8750706223196036
23.79999999999995,43.5,0.8785405243572383
23.89999999999995,43.5,0.8819166726532162
23.99999999999995,43.5,0.8852014222169275
24.09999999999995,43.5,0.8883970927530452
24.19999999999995,43.5,0.8915059671078691
24.299999999999947,43.5,0.8945302899160525
24.39999999999995,43.5,0.8974722664350439
24.49999999999995,43.5,0.9003340615550217
24.599999999999948,43.5,0.9031177989725683
24.699999999999946,43.5,0.9058255605168136
24.799999999999947,43.5,0.9084593856172412
24.89999999999995,43.5,0.9110212709028497
24.999999999999947,43.5,0.9135131699228268
10.0,44.0,0.42613917142379787
10.1,44.0,0.43181449662223526
10.2,44.0,0.4375042700064634
10.299999999999999,44.0,0.4432073083816656
10.399999999999999,44.0,0.44892241987994275
10.499999999999998,44.0,0.45464840472679563
10.599999999999998,44.0,0.4603840560164304
10.699999999999998,44.0,0.46612816049503475
10.799999999999997,44.0,0.4718794993511568
10.899999999999997,44.0,0.47763684901230963
10.999999999999996,44.0,0.48339898194691877
11.099999999999996,44.0,0.48916318203293896
11.199999999999996,44.0,0.49492078554807695
11.299999999999995,44.0,0.5006616407315525
11.399999999999995,44.0,0.5063756111496839
11.499999999999995,44.0,0.5120525951132961
11.599999999999994,44.0,0.5176825445099755
11.699999999999994,44.0,0.5232554828133202
11.799999999999994,44.0,0.528761522041278
11.899999999999993,44.0,0.5341908784482097
11.999999999999993,44.0,0.5395338867502693
12.099999999999993,44.0,0.544781012700793
12.199999999999992,44.0,0.549922863851332
12.299999999999992,44.0,0.5549501983544752
12.399999999999991,44.0,0.5598539316863467
12.499999999999991,44.0,0.5646251411892995
12.59999999999999,44.0,0.5692550683585816
12.69999999999999,44.0,0.5737351188202839
12.79999999999999,44.0,0.5780568599714453
12.89999999999999,44.0,0.5822120162765276
12.99999999999999,44.0,0.5861924622374048
13.099999999999989,44.0,0.5899902130763384
13.199999999999989,44.0,0.5935974131930954
13.299999999999988,44.0,0.5970063224782817
13.399999999999988,44.0,0.6002093005851932
13.499999999999988,44.0,0.6031987892820654
13.599999999999987,44.0,0.6059672930256705
13.699999999999987,44.0,0.6085073579159813
13.799999999999986,44.0,0.6108115492103494
13.899999999999986,44.0,0.6128724275946453
13.999999999999986,44.0,0.6146825244284836
14.099999999999985,44.0,0.6162343162024118
14.199999999999985,44.0,0.6175201984672933
14.299999999999985,44.0,0.6185324595205661
14.399999999999984,44.0,0.6192632541611908
14.499999999999984,44.0,0.6197045778554935
14.599999999999984,44.0,0.6198494552444278
14.699999999999983,44.0,0.6197061052684081
14.799999999999983,44.0,0.6192931332868109
14.899999999999983,44.0,0.6186291921522215
14.999999999999982,44.0,0.6177328166555069
15.099999999999982,44.0,0.6166224637384142
15.199999999999982,44.0,0.615316549736883
15.299999999999981,44.0,0.6138334841718678
15.39999999999998,44.0,0.6121916997343834
15.49999999999998,44.0,0.610409678229349
15.59999999999998,44.0,0.608505972349709
15.69999999999998,44.0,0.6064992232489888
15.79999999999998,44.0,0.6044081739673233
15.899999999999979,44.0,0.602251678843135
15.999999999999979,44.0,0.6000487091098999
16.09999999999998,44.0,0.5978183549344378
16.199999999999978,44.0,0.595579824199389
16.299999999999976,44.0,0.593352438367395
16.399999999999977,44.0,0.5911556257873166
16.49999999999998,44.0,0.5890089128129563
16.599999999999977,44.0,0.5869319131015929
16.699999999999974,44.0,0.5849443154426484
16.799999999999976,44.0,0.5830658704355394
16.899999999999977,44.0,0.5813163762899038
16.999999999999975,44.0,0.5797156639607374
17.099999999999973,44.0,0.5782835817554358
17.199999999999974,44.0,0.5770399794593897
17.299999999999976,44.0,0.5760046919217865
17.399999999999974,44.0,0.575197521923955
17.49999999999997,44.0,0.5746382220193553
17.599999999999973,44.0,0.5743464748877646
17.699999999999974,44.0,0.5743418715870663
17.799999999999972,44.0,0.57464388691526
17.89999999999997,44.0,0.5752718509141297
17.99999999999997,44.0,0.5762449153560172
18.099999999999973,44.0,0.5775820138584977
18.19999999999997,44.0,0.5793008310348532
18.29999999999997,44.0,0.581402239016437
18.39999999999997,44.0,0.583873147681917
18.49999999999997,44.0,0.5866998127777703
18.59999999999997,44.0,0.5898682491078036
18.699999999999967,44.0,0.5933642282178251
18.79999999999997,44.0,0.5971732765985699
18.89999999999997,44.0,0.6012806752402762
18.999999999999968,44.0,0.6056714612696653
19.099999999999966,44.0,0.6103304322965535
19.199999999999967,44.0,0.6152421539929094
19.29999999999997,44.0,0.6203909713220934
19.399999999999967,44.0,0.6257610237305637
19.499999999999964,44.0,0.6313362645090022
19.599999999999966,44.0,0.6371004844253051
19.699999999999967,44.0,0.643037339629024
19.799999999999965,44.0,0.6491303837266932
19.899999999999963,44.0,0.6553631038311479
19.999999999999964,44.0,0.6617189602967486
20.099999999999966,44.0,0.6681814297676594
20.199999999999964,44.0,0.674734051089338
20.29999999999996,44.0,0.6813604735654754
20.399999999999963,44.0,0.6880445069849886
20.499999999999964,44.0,0.6947701727973634
20.599999999999962,44.0,0.7015217557805566
20.69999999999996,44.0,0.7082838555244155
20.79999999999996,44.0,0.7150414370445265
20.899999999999963,44.0,0.7217798798466489
20.99999999999996,44.0,0.7284850247801573
21.09999999999996,44.0,0.735143218049684
21.19999999999996,44.0,0.7417413517965386
21.29999999999996,44.0,0.7482669007143615
21.39999999999996,44.0,0.75470795422545
21.499999999999957,44.0,0.7610532438136388
21.59999999999996,44.0,0.767292165184807
21.69999999999996,44.0,0.7734147950050761
21.799999999999958,44.0,0.7794119020476806
21.899999999999956,44.0,0.7852749532501236
21.999999999999957,44.0,0.7909980690470597
22.09999999999996,44.0,0.7965821529598563
22.199999999999957,44.0,0.8020294844943241
22.299999999999955,44.0,0.8073423943106707
22.399999999999956,44.0,0.8125232563989728
22.499999999999957,44.0,0.8175744806974119
22.599999999999955,44.0,0.8224985061444187
22.699999999999953,44.0,0.827297794154626
22.799999999999955,44.0,0.8319748225074641
22.899999999999956,44.0,0.83653207963635
22.999999999999954,44.0,0.8409720593057017
23.09999999999995,44.0,0.8452972556624136
23.199999999999953,44.0,0.8495101586480005
23.299999999999955,44.0,0.8536132497572855
23.399999999999952,44.0,0.857608998129298
23.49999999999995,44.0,0.8614998569559391
23.59999999999995,44.0,0.8652882601939396
23.699999999999953,44.0,0.8689766195657037
23.79999999999995,44.0,0.8725673218347489
23.89999999999995,44.0,0.8760627263416428
23.99999999999995,44.0,0.8794651627865773
24.09999999999995,44.0,0.8827769292450098
24.19999999999995,44.0,0.8860002904031262
24.299999999999947,44.0,0.8891374760002355
24.39999999999995,44.0,0.8921906794655965
24.49999999999995,44.0,0.8951620567375803
24.599999999999948,44.0,0.8980537252535012
24.699999999999946,44.0,0.9008677630988784
24.799999999999947,44.0,0.90360620830534
24.89999999999995,44.0,0.906271058286832
24.999999999999947,44.0,0.9088642694042424
10.0,44.5,0.41465380087678577
10.1,44.5,0.42029615473685233
10.2,44.5,0.42595533170177025
10.299999999999999,44.5,0.43163016852532987
10.399999999999999,44.5,0.4373194917610593
10.499999999999998,44.5,0.44302211850820516
10.599999999999998,44.5,0.4487368571682253
10.699999999999998,44.5,0.45446250821097206
10.799999999999997,44.5,0.46019786494972414
10.899999999999997,44.5,0.4659417143242174
10.999999999999996,44.5,0.4716928376908076
11.099999999999996,44.5,0.4774485280513374
11.199999999999996,44.5,0.48320013148703533
11.299999999999995,44.5,0.48893749208053855
11.399999999999995,44.5,0.4946504521872898
11.499999999999995,44.5,0.5003288720279523
11.599999999999994,44.5,0.5059626488063989
11.699999999999994,44.5,0.5115417351125631
11.799999999999994,44.5,0.5170561563782521
11.899999999999993,44.5,0.5224960271655301
11.999999999999993,44.5,0.5278515660813148
12.099999999999993,44.5,0.5331131091281309
12.199999999999992,44.5,0.5382711213192813
12.299999999999992,44.5,0.543316206406721
12.399999999999991,44.5,0.5482391145913494
12.499999999999991,44.5,0.5530307481079613
12.59999999999999,44.5,0.5576821646003827
12.69999999999999,44.5,0.5621845782261039
12.79999999999999,44.5,0.5665293584536787
12.89999999999999,44.5,0.5707080265400891
12.99999999999999,44.5,0.5747122496989223
13.099999999999989,44.5,0.5785338329934429
13.199999999999989,44.5,0.5821647090113113
13.299999999999988,44.5,0.585596925399785
13.399999999999988,44.5,0.5888226303616768
13.499999999999988,44.5,0.591834056233263
13.599999999999987,44.5,0.5946235012857845
13.699999999999987,44.5,0.5971833099123954
13.799999999999986,44.5,0.599505851382609
13.899999999999986,44.5,0.6015834973667775
13.999999999999986,44.5,0.6034085984542886
14.099999999999985,44.5,0.6049734599113692
14.199999999999985,44.5,0.606270316948128
14.299999999999985,44.5,0.6072913097902582
14.399999999999984,44.5,0.6080284588791693
14.499999999999984,44.5,0.608473640555816
14.599999999999984,44.5,0.6086197878166589
14.699999999999983,44.5,0.608475181348026
14.799999999999983,44.5,0.6080585987147118
14.899999999999983,44.5,0.6073888811002137
14.999999999999982,44.5,0.6064847624358238
15.099999999999982,44.5,0.6053649063943383
15.199999999999982,44.5,0.6040479406696564
15.299999999999981,44.5,0.6025524880446604
15.39999999999998,44.5,0.6008971938841231
15.49999999999998,44.5,0.5991007498113302
15.59999999999998,44.5,0.5971819134376841
15.69999999999998,44.5,0.5951595241144317
15.79999999999998,44.5,0.5930525147652171
15.899999999999979,44.5,0.5908799199374405
15.999999999999979,44.5,0.588660880279261
16.09999999999998,44.5,0.5864146437071465
16.199999999999978,44.5,0.5841605635756744
16.299999999999976,44.5,0.5819180941962316
16.399999999999977,44.5,0.5797067840737904
16.49999999999998,44.5,0.5775462672404001
16.599999999999977,44.5,0.5754562530599356
16.699999999999974,44.5,0.5734565148604867
16.799999999999976,44.5,0.571566877718174
16.899999999999977,44.5,0.5698072056688972
16.999999999999975,44.5,0.5681973885623702
17.099999999999973,44.5,0.5667573286957824
17.199999999999974,44.5,0.5655069272725761
17.299999999999976,44.5,0.5644660706253515
17.399999999999974,44.5,0.5636546160210716
17.49999999999997,44.5,0.5630923767319099
17.599999999999973,44.5,0.5627991059067637
17.699999999999974,44.5,0.5627944786172314
17.799999999999972,44.5,0.5630980712785578
17.89999999999997,44.5,0.5637293374616683
17.99999999999997,44.5,0.5647075789183565
18.099999999999973,44.5,0.5660519104397657
18.19999999999997,44.5,0.5677802284255302
18.29999999999997,44.5,0.5698935623820105
18.39999999999997,44.5,0.5723789313562226
18.49999999999997,44.5,0.5752227192172453
18.59999999999997,44.5,0.5784110862220783
18.699999999999967,44.5,0.5819299628668735
18.79999999999997,44.5,0.5857650443223421
18.89999999999997,44.5,0.5899017862968398
18.999999999999968,44.5,0.5943254030696508
19.099999999999966,44.5,0.5990208683352968
19.199999999999967,44.5,0.6039729193972211
19.29999999999997,44.5,0.6091660651459376
19.399999999999967,44.5,0.6145845981529054
19.499999999999964,44.5,0.6202126111073586
19.599999999999966,44.5,0.6260340177196817
19.699999999999967,44.5,0.6320325781124365
19.799999999999965,44.5,0.638191928619793
19.899999999999963,44.5,0.6444956158189974
19.999999999999964,44.5,0.6509271345248759
20.099999999999966,44.5,0.6574699693915553
20.199999999999964,44.5,0.6641076396859281
20.29999999999996,44.5,0.6708237467262519
20.399999999999963,44.5,0.6776020234179125
20.499999999999964,44.5,0.6844263852679572
20.599999999999962,44.5,0.6912809822214667
20.69999999999996,44.5,0.6981502506369407
20.79999999999996,44.5,0.7050189647051028
20.899999999999963,44.5,0.7118722866160834
20.99999999999996,44.5,0.7186958147936995
21.09999999999996,44.5,0.7254756295420839
21.19999999999996,44.5,0.7321983354884889
21.29999999999996,44.5,0.7388511002556544
21.39999999999996,44.5,0.7454216888563883
21.499999999999957,44.5,0.7518984933704069
21.59999999999996,44.5,0.758270557537312
21.69999999999996,44.5,0.7645275959779717
21.799999999999958,44.5,0.7706600078376105
21.899999999999956,44.5,0.7766588853292313
21.999999999999957,44.5,0.7825180185431075
22.09999999999996,44.5,0.7882381351049547
22.199999999999957,44.5,0.79382137675921
22.299999999999955,44.5,0.7992699442618518
22.399999999999956,44.5,0.8045860893683539
22.499999999999957,44.5,0.8097721072518925
22.599999999999955,44.5,0.8148303293449364
22.699999999999953,44.5,0.8197631165959676
22.799999999999955,44.5,0.824572853131889
22.899999999999956,44.5,0.8292619403156591
22.999999999999954,44.5,0.83383279118784
23.09999999999995,44.5,0.8382878252800434
23.199999999999953,44.5,0.842629463787697
23.299999999999955,44.5,0.8468601250891142
23.399999999999952,44.5,0.8509822205975424
23.49999999999995,44.5,0.8549981509326351
23.59999999999995,44.5,0.858910302397688
23.699999999999953,44.5,0.8627210437489337
23.79999999999995,44.5,0.866432723243242
23.89999999999995,44.5,0.8700476659506665
23.99999999999995,44.5,0.8735681713184572
24.09999999999995,44.5,0.8769965109733688
24.19999999999995,44.5,0.8803349267493601
24.299999999999947,44.5,0.8835856289280761
24.39999999999995,44.5,0.8867507946798374
24.49999999999995,44.5,0.8898325666932201
24.599999999999948,44.5,0.8928330519816843
24.699999999999946,44.5,0.8957543208561098
24.799999999999947,44.5,0.8985984060525009
24.89999999999995,44.5,0.9013673020045382
24.999999999999947,44.5,0.904062964251085
10.0,45.0,0.40331112703837135
10.1,45.0,0.4089159915583967
10.2,45.0,0.41453999506684136
10.299999999999999,45.0,0.4201819971527656
10.399999999999999,45.0,0.4258408457332815
10.499999999999998,45.0,0.43151537777585625
10.599999999999998,45.0,0.4372044200327382
10.699999999999998,45.0,0.4429067897867168
10.799999999999997,45.0,0.44862129560741165
10.899999999999997,45.0,0.454346738117268
10.999999999999996,45.0,0.4600819107664173
11.099999999999996,45.0,0.46582412020275954
11.199999999999996,45.0,0.47156473205392957
11.299999999999995,45.0,0.47729359742439503
11.399999999999995,45.0,0.4830005487488851
11.499999999999995,45.0,0.48867541950429116
11.599999999999994,45.0,0.4943080635584914
11.699999999999994,45.0,0.499888373913279
11.799999999999994,45.0,0.505406300606224
11.899999999999993,45.0,0.5108518675467443
11.999999999999993,45.0,0.5162151880747134
12.099999999999993,45.0,0.5214864790454075
12.199999999999992,45.0,0.5266560732621961
12.299999999999992,45.0,0.5317144300978667
12.399999999999991,45.0,0.5366521441665244
12.499999999999991,45.0,0.5414599519303273
12.59999999999999,45.0,0.5461287361485788
12.69999999999999,45.0,0.5506495281006412
12.79999999999999,45.0,0.5550135075384117
12.89999999999999,45.0,0.5592120003485446
12.99999999999999,45.0,0.5632364739289022
13.099999999999989,45.0,0.5670785303077692
13.199999999999989,45.0,0.5707298970579876
13.299999999999988,45.0,0.5741824160813165
13.399999999999988,45.0,0.5774280303609596
13.499999999999988,45.0,0.5804587688023618
13.599999999999987,45.0,0.5832667293041978
13.699999999999987,45.0,0.5858440602230564
13.799999999999986,45.0,0.5881829404169596
13.899999999999986,45.0,0.5902755580747748
13.999999999999986,45.0,0.5921140885611584
14.099999999999985,45.0,0.5936906715302716
14.199999999999985,45.0,0.594997387586609
14.299999999999985,45.0,0.5960262347983265
14.399999999999984,45.0,0.5967691053979692
14.499999999999984,45.0,0.5972177630380232
14.599999999999984,45.0,0.5973650547965214
14.699999999999983,45.0,0.5972193158876442
14.799999999999983,45.0,0.5967994800744479
14.899999999999983,45.0,0.5961245609822726
14.999999999999982,45.0,0.5952134760108035
15.099999999999982,45.0,0.594085080031603
15.199999999999982,45.0,0.592758196632243
15.299999999999981,45.0,0.5912516463963409
15.39999999999998,45.0,0.5895842718472387
15.49999999999998,45.0,0.587774958808769
15.59999999999998,45.0,0.5858426540505197
15.69999999999998,45.0,0.5838063791878325
15.79999999999998,45.0,0.5816852408987578
15.899999999999979,45.0,0.5794984376014142
15.999999999999979,45.0,0.5772652628054494
16.09999999999998,45.0,0.575005105410294
16.199999999999978,45.0,0.5727374472701151
16.299999999999976,45.0,0.5704818583803428
16.399999999999977,45.0,0.5682579900627864
16.49999999999998,45.0,0.5660855665351359
16.599999999999977,45.0,0.5639843752456032
16.699999999999974,45.0,0.5619742563341782
16.799999999999976,45.0,0.5600750915481297
16.899999999999977,45.0,0.5583067928908048
16.999999999999975,45.0,0.556689291219318
17.099999999999973,45.0,0.5552425249284177
17.199999999999974,45.0,0.5539864287647345
17.299999999999976,45.0,0.5529409227079374
17.399999999999974,45.0,0.5521259007332999
17.49999999999997,45.0,0.5515612191341207
17.599999999999973,45.0,0.5512666839327531
17.699999999999974,45.0,0.5512620367461534
17.799999999999972,45.0,0.5515669382965032
17.89999999999997,45.0,0.5522009485704062
17.99999999999997,45.0,0.5531835024325357
18.099999999999973,45.0,0.5545338792929627
18.19999999999997,45.0,0.5562701720518525
18.29999999999997,45.0,0.5583935674321137
18.39999999999997,45.0,0.5608912060988143
18.49999999999997,45.0,0.5637496133103245
18.59999999999997,45.0,0.5669551085278489
18.699999999999967,45.0,0.5704937954690654
18.79999999999997,45.0,0.5743515528090615
18.89999999999997,45.0,0.5785140263797777
18.999999999999968,45.0,0.5829666236200963
19.099999999999966,45.0,0.587694510929173
19.199999999999967,45.0,0.5926826144753329
19.29999999999997,45.0,0.5979156249117299
19.399999999999967,45.0,0.6033780063480815
19.499999999999964,45.0,0.6090540098253754
19.599999999999966,45.0,0.6149276914380123
19.699999999999967,45.0,0.6209829351460691
19.799999999999965,45.0,0.627203480220152
19.899999999999963,45.0,0.6335729531637111
19.999999999999964,45.0,0.6400749038639345
20.099999999999966,45.0,0.6466928456337628
20.199999999999964,45.0,0.6534102987255088
20.29999999999996,45.0,0.6602108368224426
20.399999999999963,45.0,0.6670781359498237
20.499999999999964,45.0,0.6739960251924513
20.599999999999962,45.0,0.6809485385629286
20.69999999999996,45.0,0.6879199673343461
20.79999999999996,45.0,0.6948949121335849
20.899999999999963,45.0,0.701858334087247
20.99999999999996,45.0,0.7087956043213621
21.09999999999996,45.0,0.7156925511381469
21.19999999999996,45.0,0.7225355042276493
21.29999999999996,45.0,0.7293113353181067
21.39999999999996,45.0,0.736007494725099
21.499999999999957,45.0,0.7426120433246212
21.59999999999996,45.0,0.7491136795473494
21.69999999999996,45.0,0.7555017610688362
21.799999999999958,45.0,0.7617663209511909
21.899999999999956,45.0,0.7678980786912222
21.999999999999957,45.0,0.7738904936306374
22.09999999999996,45.0,0.7797441131577106
22.199999999999957,45.0,0.7854609360667423
22.299999999999955,45.0,0.7910430278793882
22.399999999999956,45.0,0.79649251267168
22.499999999999957,45.0,0.8018115653170955
22.599999999999955,45.0,0.8070024041408224
22.699999999999953,45.0,0.8120672839788431
22.799999999999955,45.0,0.8170084896341621
22.899999999999956,45.0,0.8218283297213456
22.999999999999954,45.0,0.8265291308895756
23.09999999999995,45.0,0.8311132324135977
23.199999999999953,45.0,0.8355829811412598
23.299999999999955,45.0,0.839940726785805
23.399999999999952,45.0,0.8441888175506383
23.49999999999995,45.0,0.8483295960739935
23.59999999999995,45.0,0.8523653956806905
23.699999999999953,45.0,0.8562985369280609
23.79999999999995,45.0,0.8601313244330726
23.89999999999995,45.0,0.8638660439677082
23.99999999999995,45.0,0.8675049598097433
24.09999999999995,45.0,0.8710503123362208
24.19999999999995,45.0,0.8745043158471142
24.299999999999947,45.0,0.8778691566069043
24.39999999999995,45.0,0.8811469910920766
24.49999999999995,45.0,0.884339944432848
24.599999999999948,45.0,0.8874501090377633
24.699999999999946,45.0,0.8904795433901553
24.799999999999947,45.0,0.8934302710058283
24.89999999999995,45.0,0.8963042795417067
24.999999999999947,45.0,0.8991035200455808
10.0,45.5,0.39210478286850553
10.1,45.5,0.39766776709486334
10.2,45.5,0.4032521449737039
10.299999999999999,45.5,0.40885680169409816
10.399999999999999,45.5,0.41448060936072556
10.499999999999998,45.5,0.4201224276894978
10.599999999999998,45.5,0.4257811047168303
10.699999999999998,45.5,0.431455477521815
10.799999999999997,45.5,0.4371443729605214
10.899999999999997,45.5,0.4428466084116418
10.999999999999996,45.5,0.44856099253267406
11.099999999999996,45.5,0.4542848500269061
11.199999999999996,45.5,0.4600095756084681
11.299999999999995,45.5,0.4657250383778363
11.399999999999995,45.5,0.4714210719615797
11.499999999999995,45.5,0.4770874942890042
11.599999999999994,45.5,0.48271412711742107
11.699999999999994,45.5,0.48829081506185024
11.799999999999994,45.5,0.4938074438914479
11.899999999999993,45.5,0.4992539578642855
11.999999999999993,45.5,0.5046203758841639
12.099999999999993,45.5,0.509896806277707
12.199999999999992,45.5,0.5150734600068447
12.299999999999992,45.5,0.5201406621506512
12.399999999999991,45.5,0.5250888615111218
12.499999999999991,45.5,0.5299086382194986
12.59999999999999,45.5,0.5345907092429281
12.69999999999999,45.5,0.5391259317152342
12.79999999999999,45.5,0.5435053040401359
12.89999999999999,45.5,0.5477199647400866
12.99999999999999,45.5,0.5517611890488131
13.099999999999989,45.5,0.5556203832704107
13.199999999999989,45.5,0.5592890769523668
13.299999999999988,45.5,0.5627589129440351
13.399999999999988,45.5,0.5660216354358382
13.499999999999988,45.5,0.5690690760978607
13.599999999999987,45.5,0.5718931384595878
13.699999999999987,45.5,0.5744857806954805
13.799999999999986,45.5,0.5768389970040888
13.899999999999986,45.5,0.578944797791714
13.999999999999986,45.5,0.5807951888955919
14.099999999999985,45.5,0.5823821501065314
14.199999999999985,45.5,0.5836976132773217
14.299999999999985,45.5,0.5847334403314861
14.399999999999984,45.5,0.5854814015175613
14.499999999999984,45.5,0.5859331542875481
14.599999999999984,45.5,0.5860814655536304
14.699999999999983,45.5,0.5859347178767582
14.799999999999983,45.5,0.5855119852469718
14.899999999999983,45.5,0.5848324378551976
14.999999999999982,45.5,0.583915160892472
15.099999999999982,45.5,0.5827791848793336
15.199999999999982,45.5,0.5814435138076526
15.299999999999981,45.5,0.5799271505724479
15.39999999999998,45.5,0.5782491193133834
15.49999999999998,45.5,0.5764284844148031
15.59999999999998,45.5,0.5744843660302276
15.69999999999998,45.5,0.572435952102726
15.79999999999998,45.5,0.5703025069467775
15.899999999999979,45.5,0.5681033765401631
15.999999999999979,45.5,0.5658579907459192
16.09999999999998,45.5,0.563585862744109
16.199999999999978,45.5,0.561306586000698
16.299999999999976,45.5,0.5590398291356933
16.399999999999977,45.5,0.5568053290743974
16.49999999999998,45.5,0.5546228828737059
16.599999999999977,45.5,0.5525123386093884
16.699999999999974,45.5,0.5504935856899444
16.799999999999976,45.5,0.5485865449276247
16.899999999999977,45.5,0.5468111586474559
16.999999999999975,45.5,0.5451873810505087
17.099999999999973,45.5,0.5437351689682699
17.199999999999974,45.5,0.5424744730509063
17.299999999999976,45.5,0.5414252293236288
17.399999999999974,45.5,0.5406073509224845
17.49999999999997,45.5,0.540040719683982
17.599999999999973,45.5,0.5397451771123076
17.699999999999974,45.5,0.5397405140838577
17.799999999999972,45.5,0.5400464584718746
17.89999999999997,45.5,0.5406826596847418
17.99999999999997,45.5,0.5416686689108361
18.099999999999973,45.5,0.5430239136520205
18.19999999999997,45.5,0.5447666679853773
18.29999999999997,45.5,0.5468982754709983
18.39999999999997,45.5,0.5494060104731268
18.49999999999997,45.5,0.5522765524987839
18.59999999999997,45.5,0.5554963935272976
18.699999999999967,45.5,0.5590518243080599
18.79999999999997,45.5,0.5629289213659443
18.89999999999997,45.5,0.5671135355708941
18.999999999999968,45.5,0.571591283031317
19.099999999999966,45.5,0.576347538973781
19.199999999999967,45.5,0.5813674351737335
19.29999999999997,45.5,0.5866358614032661
19.399999999999967,45.5,0.5921374712623102
19.499999999999964,45.5,0.5978566926591565
19.599999999999966,45.5,0.6037777431053026
19.699999999999967,45.5,0.6098846498888711
19.799999999999965,45.5,0.6161612750911007
19.899999999999963,45.5,0.6225913453126561
19.999999999999964,45.5,0.6291584858819508
20.099999999999966,45.5,0.6358462592276225
20.199999999999964,45.5,0.6426382070131316
20.29999999999996,45.5,0.6495178955545743
20.399999999999963,45.5,0.6564689639746114
20.499999999999964,45.5,0.6634751744871822
20.599999999999962,45.5,0.670520464160572
20.69999999999996,45.5,0.6775889974713764
20.79999999999996,45.5,0.6846652189396825
20.899999999999963,45.5,0.6917339051268017
20.99999999999996,45.5,0.698780215281305
21.09999999999996,45.5,0.7057897399367061
21.19999999999996,45.5,0.7127485467944652
21.29999999999996,45.5,0.7196432232681795
21.39999999999996,45.5,0.7264609151178125
21.499999999999957,45.5,0.7331893606651811
21.59999999999996,45.5,0.7398169201520904
21.69999999999996,45.5,0.746332599878688
21.799999999999958,45.5,0.7527260708399144
21.899999999999956,45.5,0.7589876822907939
21.999999999999957,45.5,0.7651105628479646
22.09999999999996,45.5,0.7710950756421252
22.199999999999957,45.5,0.7769430716130254
22.299999999999955,45.5,0.7826564759830473
22.399999999999956,45.5,0.7882372799502094
22.499999999999957,45.5,0.793687532781399
22.599999999999955,45.5,0.7990093343029958
22.699999999999953,45.5,0.8042048277844354
22.799999999999955,45.5,0.8092761932088167
22.899999999999956,45.5,0.8142256409234021
22.999999999999954,45.5,0.8190554056617676
23.09999999999995,45.5,0.8237677409284235
23.199999999999953,45.5,0.8283649137359388
23.299999999999955,45.5,0.8328491996839488
23.399999999999952,45.5,0.8372228783688953
23.49999999999995,45.5,0.8414882291129356
23.59999999999995,45.5,0.8456475270001393
23.699999999999953,45.5,0.8497030392078845
23.79999999999995,45.5,0.8536570216212307
23.89999999999995,45.5,0.8575117157179865
23.99999999999995,45.5,0.8612693457122165
24.09999999999995,45.5,0.8649321159439943
24.19999999999995,45.5,0.8685022085033509
24.299999999999947,45.5,0.8719817810765308
24.39999999999995,45.5,0.8753729650028992
24.49999999999995,45.5,0.8786778635310808
24.599999999999948,45.5,0.8818985502632065
24.699999999999946,45.5,0.8850370677764393
24.799999999999947,45.5,0.8880954264112851
24.89999999999995,45.5,0.891075603216534
24.999999999999947,45.5,0.8939795410410325
10.0,46.0,0.3810283473973105
10.1,46.0,0.3865451721919382
10.2,46.0,0.39208558202999183
10.299999999999999,46.0,0.3976484903490488
10.399999999999999,46.0,0.4032327961525958
10.499999999999998,46.0,0.4088373846761466
10.599999999999998,46.0,0.4144611280684413
10.699999999999998,46.0,0.4201028860870226
10.799999999999997,46.0,0.42576150680746205
10.899999999999997,46.0,0.43143582734548774
10.999999999999996,46.0,0.43712467459124627
11.099999999999996,46.0,0.44282539560712414
11.199999999999996,46.0,0.44852942355167574
11.299999999999995,46.0,0.4542266563142089
11.399999999999995,46.0,0.45990693966956653
11.499999999999995,46.0,0.46556008706553625
11.599999999999994,46.0,0.47117589927066467
11.699999999999994,46.0,0.4767441836376568
11.799999999999994,46.0,0.4822547727428391
11.899999999999993,46.0,0.48769754217035954
11.999999999999993,46.0,0.49306242722082017
12.099999999999993,46.0,0.4983394383376571
12.199999999999992,46.0,0.503518675060628
12.299999999999992,46.0,0.5085903383339594
12.399999999999991,46.0,0.5135447410168001
12.499999999999991,46.0,0.5183723164653062
12.59999999999999,46.0,0.5230636250786744
12.69999999999999,46.0,0.5276093587254387
12.79999999999999,46.0,0.532000342991066
12.89999999999999,46.0,0.5362275372130699
12.99999999999999,46.0,0.5402820322952855
13.099999999999989,46.0,0.5441550463183813
13.199999999999989,46.0,0.5478379179890184
13.299999999999988,46.0,0.5513220979951572
13.399999999999988,46.0,0.5545991383598237
13.499999999999988,46.0,0.5576606799101846
13.599999999999987,46.0,0.5604984380031063
13.699999999999987,46.0,0.5631041866726016
13.799999999999986,46.0,0.5654697413888979
13.899999999999986,46.0,0.5675869406435179
13.999999999999986,46.0,0.5694476266000533
14.099999999999985,46.0,0.5710436250765698
14.199999999999985,46.0,0.5723667251531986
14.299999999999985,46.0,0.5734086587278762
14.399999999999984,46.0,0.5741610803748173
14.499999999999984,46.0,0.5746155478946344
14.599999999999984,46.0,0.5747647538223042
14.699999999999983,46.0,0.5746171209071433
14.799999999999983,46.0,0.5741918474005376
14.899999999999983,46.0,0.5735082441662884
14.999999999999982,46.0,0.5725855484764308
15.099999999999982,46.0,0.5714429509055649
15.199999999999982,46.0,0.5700996203081916
15.299999999999981,46.0,0.5685747263461971
15.39999999999998,46.0,0.5668874591791223
15.49999999999998,46.0,0.5650570460621521
15.59999999999998,46.0,0.5631027647166151
15.69999999999998,46.0,0.5610439534456821
15.79999999999998,46.0,0.558900018064114
15.899999999999979,46.0,0.5566904357953305
15.999999999999979,46.0,0.5544347563615963
16.09999999999998,46.0,0.5521526005534378
16.199999999999978,46.0,0.5498636566120996
16.299999999999976,46.0,0.5475876747935391
16.399999999999977,46.0,0.5453444605036418
16.49999999999998,46.0,0.5431538664016702
16.599999999999977,46.0,0.5410357838620545
16.699999999999974,46.0,0.5390101341632509
16.799999999999976,46.0,0.5370968597363326
16.899999999999977,46.0,0.5353159157551834
16.999999999999975,46.0,0.5336872622845951
17.099999999999973,46.0,0.5322308571223278
17.199999999999974,46.0,0.5309666493763925
17.299999999999976,46.0,0.5299145737096098
17.399999999999974,46.0,0.529094545060095
17.49999999999997,46.0,0.5285264535089111
17.599999999999973,46.0,0.5282301588149114
17.699999999999974,46.0,0.5282254839720171
17.799999999999972,46.0,0.528532206966132
17.89999999999997,46.0,0.5291700497179808
17.99999999999997,46.0,0.5301586629950016
18.099999999999973,46.0,0.5315176058609913
18.19999999999997,46.0,0.533265318183255
18.29999999999997,46.0,0.5354032997676784
18.39999999999997,46.0,0.537918970427254
18.49999999999997,46.0,0.5407991764094273
18.59999999999997,46.0,0.5440305951298668
18.699999999999967,46.0,0.5475997177616276
18.79999999999997,46.0,0.5514928325896186
18.89999999999997,46.0,0.5556960099897994
18.999999999999968,46.0,0.560195089798094
19.099999999999966,46.0,0.5649756717395512
19.199999999999967,46.0,0.5700231094932605
19.29999999999997,46.0,0.5753225088725582
19.399999999999967,46.0,0.5808587305029411
19.499999999999964,46.0,0.5866163972818723
19.599999999999966,46.0,0.592579906805597
19.699999999999967,46.0,0.5987334488486931
19.799999999999965,46.0,0.6050610278831234
19.899999999999963,46.0,0.61154649052597
19.999999999999964,46.0,0.6181735577099898
20.099999999999966,46.0,0.6249258612799065
20.199999999999964,46.0,0.6317869846313435
20.29999999999996,46.0,0.6387405069299275
20.399999999999963,46.0,0.6457700503768006
20.499999999999964,46.0,0.6528593299249065
20.599999999999962,46.0,0.6599922047992242
20.69999999999996,46.0,0.6671527311346345
20.79999999999996,46.0,0.6743252150181916
20.899999999999963,46.0,0.6814942652087778
20.99999999999996,46.0,0.688644844806716
21.09999999999996,46.0,0.6957623211588586
21.19999999999996,46.0,0.702832513310574
21.29999999999996,46.0,0.7098417363542386
21.39999999999996,46.0,0.7167768420732803
21.499999999999957,46.0,0.7236252553402326
21.59999999999996,46.0,0.730375005795125
21.69999999999996,46.0,0.7370147544051263
21.799999999999958,46.0,0.7435338145857893
21.899999999999956,46.0,0.7499221682899679
21.999999999999957,46.0,0.7561726138565137
22.09999999999996,46.0,0.7622853264509636
22.199999999999957,46.0,0.7682620045287641
22.299999999999955,46.0,0.7741044282039456
22.399999999999956,46.0,0.7798144508353446
22.499999999999957,46.0,0.7853939909956655
22.599999999999955,46.0,0.7908450248225982
22.699999999999953,46.0,0.7961695787494577
22.799999999999955,46.0,0.8013697226112704
22.899999999999956,46.0,0.8064475631208596
22.999999999999954,46.0,0.8114052377082825
23.09999999999995,46.0,0.816244908715919
23.199999999999953,46.0,0.8209687579406296
23.299999999999955,46.0,0.8255789815136299
23.399999999999952,46.0,0.8300777851081045
23.49999999999995,46.0,0.8344673794640688
23.59999999999995,46.0,0.8387499762195805
23.699999999999953,46.0,0.842927784037095
23.79999999999995,46.0,0.847003005013552
23.89999999999995,46.0,0.8509778313626298
23.99999999999995,46.0,0.8548544423575573
24.09999999999995,46.0,0.8586350015228654
24.19999999999995,46.0,0.8623216540635312
24.299999999999947,46.0,0.8659165245200731
24.39999999999995,46.0,0.8694217146383136
24.49999999999995,46.0,0.8728393014427328
24.599999999999948,46.0,0.876171335502551
24.699999999999946,46.0,0.8794198393799534
24.799999999999947,46.0,0.8825868062501412
24.89999999999995,46.0,0.8856741986832039
24.999999999999947,46.0,0.8886839475781245
10.0,46.5,0.3700754461165245
10.1,46.5,0.3755419296405213
10.2,46.5,0.3810341243459916
10.299999999999999,46.5,0.3865509744565204
10.399999999999999,46.5,0.3920914084779661
10.499999999999998,46.5,0.397654339832414
10.599999999999998,46.5,0.4032386675085503
10.699999999999998,46.5,0.4088432767277951
10.799999999999997,46.5,0.4144670396255172
10.899999999999997,46.5,0.4201088159466254
10.999999999999996,46.5,0.4257674537548086
11.099999999999996,46.5,0.4314403266768433
11.199999999999996,46.5,0.4371189155121595
11.299999999999995,46.5,0.44279315757364235
11.399999999999995,46.5,0.44845292160702194
11.499999999999995,46.5,0.45408802753579863
11.599999999999994,46.5,0.45968826617817915
11.699999999999994,46.5,0.4652434186913108
11.799999999999994,46.5,0.4707432755021967
11.899999999999993,46.5,0.47617765449172267
11.999999999999993,46.5,0.4815364182081673
12.099999999999993,46.5,0.48680948989920486
12.199999999999992,46.5,0.49198686816659004
12.299999999999992,46.5,0.4970586400651763
12.399999999999991,46.5,0.5020149924874265
12.499999999999991,46.5,0.5068462216958362
12.59999999999999,46.5,0.5115427408884211
12.69999999999999,46.5,0.5160950857063479
12.79999999999999,46.5,0.5204939176175856
12.89999999999999,46.5,0.5247300251359245
12.99999999999999,46.5,0.5287943228605452
13.099999999999989,46.5,0.5326778483473609
13.199999999999989,46.5,0.5363717568494212
13.299999999999988,46.5,0.5398673139896246
13.399999999999988,46.5,0.5431558864547978
13.499999999999988,46.5,0.5462289308258225
13.599999999999987,46.5,0.5490779806839875
13.699999999999987,46.5,0.5516946321592096
13.799999999999986,46.5,0.5540705281113627
13.899999999999986,46.5,0.5561973411619059
13.999999999999986,46.5,0.5580667558195553
14.099999999999985,46.5,0.5596704499712535
14.199999999999985,46.5,0.5610000760384742
14.299999999999985,46.5,0.5620472421293864
14.399999999999984,46.5,0.5628034935499723
14.499999999999984,46.5,0.5632602950722981
14.599999999999984,46.5,0.563410270690405
14.699999999999983,46.5,0.5632618761905077
14.799999999999983,46.5,0.5628344180911857
14.899999999999983,46.5,0.5621473319864158
14.999999999999982,46.5,0.5612199914528075
15.099999999999982,46.5,0.560071731446748
15.199999999999982,46.5,0.5587218700594749
15.299999999999981,46.5,0.5571897280881871
15.39999999999998,46.5,0.5554946460297714
15.49999999999998,46.5,0.5536559982388223
15.59999999999998,46.5,0.5516932041139775
15.69999999999998,46.5,0.5496257362866208
15.79999999999998,46.5,0.5474731258838735
15.899999999999979,46.5,0.5452549650234978
15.999999999999979,46.5,0.542990906771708
16.09999999999998,46.5,0.5407006628556151
16.199999999999978,46.5,0.5384039994697889
16.299999999999976,46.5,0.5361207315507999
16.399999999999977,46.5,0.5338707159142458
16.49999999999998,46.5,0.5316738436553103
16.599999999999977,46.5,0.5295500322060973
16.699999999999974,46.5,0.5275192174206258
16.799999999999976,46.5,0.5256013460213381
16.899999999999977,46.5,0.523816368689269
16.999999999999975,46.5,0.5221842340136593
17.099999999999973,46.5,0.5207248834359115
17.199999999999974,46.5,0.519458247227491
17.299999999999976,46.5,0.5184042414318575
17.399999999999974,46.5,0.517582765576905
17.49999999999997,46.5,0.517013700826846
17.599999999999973,46.5,0.5167169080911025
17.699999999999974,46.5,0.5167122254426773
17.799999999999972,46.5,0.5170194640197914
17.89999999999997,46.5,0.5176584013924856
17.99999999999997,46.5,0.5186487711707726
18.099999999999973,46.5,0.520010247413415
18.19999999999997,46.5,0.5217614202980636
18.29999999999997,46.5,0.523903945078493
18.39999999999997,46.5,0.5264253984693832
18.49999999999997,46.5,0.5293128056200544
18.59999999999997,46.5,0.5325530419436046
18.699999999999967,46.5,0.5361328120501558
18.79999999999997,46.5,0.5400386295003714
18.89999999999997,46.5,0.544256798239204
18.999999999999968,46.5,0.5487733964780773
19.099999999999966,46.5,0.553574263702178
19.199999999999967,46.5,0.5586449913875288
19.29999999999997,46.5,0.5639709179195254
19.399999999999967,46.5,0.5695371281103203
19.499999999999964,46.5,0.5753284576167401
19.599999999999966,46.5,0.5813295024635029
19.699999999999967,46.5,0.5875246337787783
19.799999999999965,46.5,0.5938980177512831
19.899999999999963,46.5,0.6004336407210092
19.999999999999964,46.5,0.6071153392204586
20.099999999999966,46.5,0.6139268346911795
20.199999999999964,46.5,0.6208517725128198
20.29999999999996,46.5,0.6278737649003119
20.399999999999963,46.5,0.6349764371506358
20.499999999999964,46.5,0.6421434766552865
20.599999999999962,46.5,0.6493586840394252
20.69999999999996,46.5,0.6566060257448536
20.79999999999996,46.5,0.6638696873423855
20.899999999999963,46.5,0.6711341268405708
20.99999999999996,46.5,0.6783841272524563
21.09999999999996,46.5,0.685604847690224
21.19999999999996,46.5,0.6927818722788837
21.29999999999996,46.5,0.6999012562141433
21.39999999999996,46.5,0.7069495683352349
21.499999999999957,46.5,0.7139139296396446
21.59999999999996,46.5,0.7207820472319548
21.69999999999996,46.5,0.7275422432716632
21.799999999999958,46.5,0.7341834785631043
21.899999999999956,46.5,0.7406953711684952
21.999999999999957,46.5,0.7470703900226356
22.09999999999996,46.5,0.7533085189252628
22.199999999999957,46.5,0.7594112994854567
22.299999999999955,46.5,0.7653803621489272
22.399999999999956,46.5,0.7712174177049764
22.499999999999957,46.5,0.7769242491574326
22.599999999999955,46.5,0.782502703960808
22.699999999999953,46.5,0.7879546866210936
22.799999999999955,46.5,0.7932821516589401
22.899999999999956,46.5,0.7984870969315123
22.999999999999954,46.5,0.8035715573079872
23.09999999999995,46.5,0.8085375986925247
23.199999999999953,46.5,0.8133873123875334
23.299999999999955,46.5,0.8181228097892055
23.399999999999952,46.5,0.8227462174065581
23.49999999999995,46.5,0.827259672194611
23.59999999999995,46.5,0.8316653171918347
23.699999999999953,46.5,0.835965297451605
23.79999999999995,46.5,0.8401617562571054
23.89999999999995,46.5,0.8442568316088934
23.99999999999995,46.5,0.8482526529742137
24.09999999999995,46.5,0.85215133828707
24.19999999999995,46.5,0.8559549911880642
24.299999999999947,46.5,0.859665698493052
24.39999999999995,46.5,0.8632855278797715
24.49999999999995,46.5,0.8668165257817328
24.599999999999948,46.5,0.8702607154788411
24.699999999999946,46.5,0.8736200953744366
24.799999999999947,46.5,0.8768966374486675
24.89999999999995,46.5,0.8800922858783772
24.999999999999947,46.5,0.8832089558139711
10.0,47.0,0.35923988268595897
10.1,47.0,0.36465192695102744
10.2,47.0,0.37009174131767575
10.299999999999999,47.0,0.3755583032265293
10.399999999999999,47.0,0.3810505731860936
10.499999999999998,47.0,0.3865674953720597
10.599999999999998,47.0,0.3921079982442609
10.699999999999998,47.0,0.3976709951806775
10.799999999999997,47.0,0.4032553851278567
10.899999999999997,47.0,0.4088600532670942
10.999999999999996,47.0,0.41448387169569123
11.099999999999996,47.0,0.42012424471848997
11.199999999999996,47.0,0.42577270983081184
11.299999999999995,47.0,0.43141925426873096
11.399999999999995,47.0,0.43705378046006704
11.499999999999995,47.0,0.4426661256742727
11.599999999999994,47.0,0.44824608175551395
11.699999999999994,47.0,0.45378341469506683
11.799999999999994,47.0,0.4592678838020424
11.899999999999993,47.0,0.46468926023732826
11.999999999999993,47.0,0.4700373446844735
12.099999999999993,47.0,0.4753019839428571
12.199999999999992,47.0,0.4804730862427482
12.299999999999992,47.0,0.48554063509853884
12.399999999999991,47.0,0.49049470153529257
12.499999999999991,47.0,0.49532545454451926
12.59999999999999,47.0,0.5000231696474958
12.69999999999999,47.0,0.5045782354682125
12.79999999999999,47.0,0.5089811582428497
12.89999999999999,47.0,0.5132225642183377
12.99999999999999,47.0,0.5172931999187413
13.099999999999989,47.0,0.521183930284775
13.199999999999989,47.0,0.524885734718469
13.299999999999988,47.0,0.5283897010917765
13.399999999999988,47.0,0.5316870178046402
13.499999999999988,47.0,0.5347689640046833
13.599999999999987,47.0,0.5376268981072954
13.699999999999987,47.0,0.5402522447815232
13.799999999999986,47.0,0.5426364805939882
13.899999999999986,47.0,0.5447711185302166
13.999999999999986,47.0,0.5466476916405625
14.099999999999985,47.0,0.5482577360865681
14.199999999999985,47.0,0.5495927738935182
14.299999999999985,47.0,0.550644295746428
14.399999999999984,47.0,0.5514037442001506
14.499999999999984,47.0,0.5518624977100872
14.599999999999984,47.0,0.5520131176268298
14.699999999999983,47.0,0.5518640856119765
14.799999999999983,47.0,0.5514348003908769
14.899999999999983,47.0,0.5507448062574775
14.999999999999982,47.0,0.5498135972134351
15.099999999999982,47.0,0.5486606368105931
15.199999999999982,47.0,0.5473053766303058
15.299999999999981,47.0,0.545767272850066
15.39999999999998,47.0,0.5440658004989851
15.49999999999998,47.0,0.5422204651412088
15.59999999999998,47.0,0.5402508118508912
15.69999999999998,47.0,0.5381764314542219
15.79999999999998,47.0,0.5360169641133297
15.899999999999979,47.0,0.533792100413649
15.999999999999979,47.0,0.5315215801903515
16.09999999999998,47.0,0.5292251893904415
16.199999999999978,47.0,0.5269227553147904
16.299999999999976,47.0,0.5246341406183728
16.399999999999977,47.0,0.5223792364669902
16.49999999999998,47.0,0.5201779552545208
16.599999999999977,47.0,0.5180502232760297
16.699999999999974,47.0,0.5160159737288088
16.799999999999976,47.0,0.5140951403754975
16.899999999999977,47.0,0.5123076521509619
16.999999999999975,47.0,0.5106734289276225
17.099999999999973,47.0,0.5092123785726048
17.199999999999974,47.0,0.5079443953345527
17.299999999999976,47.0,0.506889359488403
17.399999999999974,47.0,0.5060671380429295
17.49999999999997,47.0,0.5054975861785658
17.599999999999973,47.0,0.5052005489318776
17.699999999999974,47.0,0.5051958624780903
17.799999999999972,47.0,0.50550335418422
17.89999999999997,47.0,0.5061428404126049
17.99999999999997,47.0,0.5071341208480835
18.099999999999973,47.0,0.5084969679020813
18.19999999999997,47.0,0.5102501064547833
18.29999999999997,47.0,0.5123953462050069
18.39999999999997,47.0,0.5149204319570888
18.49999999999997,47.0,0.5178125796268688
18.59999999999997,47.0,0.5210588748632368
18.699999999999967,47.0,0.5246462483834351
18.79999999999997,47.0,0.5285614521809623
18.89999999999997,47.0,0.5327910374642058
18.999999999999968,47.0,0.5373213350950872
19.099999999999966,47.0,0.5421384392086305
19.199999999999967,47.0,0.5472281946056424
19.29999999999997,47.0,0.5525761884209381
19.399999999999967,47.0,0.5581677464783403
19.499999999999964,47.0,0.5639879346508032
19.599999999999966,47.0,0.5700215654495357
19.699999999999967,47.0,0.5762532099702609
19.799999999999965,47.0,0.5826672152283057
19.899999999999963,47.0,0.5892477268179432
19.999999999999964,47.0,0.5959787167363146
20.099999999999966,47.0,0.6028440161196258
20.199999999999964,47.0,0.6098273525504613
20.29999999999996,47.0,0.6169123915114999
20.399999999999963,47.0,0.6240827814841059
20.499999999999964,47.0,0.6313222021217111
20.599999999999962,47.0,0.6386144148689618
20.69999999999996,47.0,0.6459433153495209
20.79999999999996,47.0,0.6532929868092703
20.899999999999963,47.0,0.6606477538782096
20.99999999999996,47.0,0.6679922359041772
21.09999999999996,47.0,0.6753113991147763
21.19999999999996,47.0,0.6825906068805104
21.29999999999996,47.0,0.6898156673816447
21.39999999999996,47.0,0.6969728780229323
21.499999999999957,47.0,0.704049065993013
21.59999999999996,47.0,0.7110316244276151
21.69999999999996,47.0,0.7179085437061328
21.799999999999958,47.0,0.7246684374878658
21.899999999999956,47.0,0.731300563843652
21.999999999999957,47.0,0.7377970636150979
22.09999999999996,47.0,0.7441577261414354
22.199999999999957,47.0,0.7503839320877291
22.299999999999955,47.0,0.7564771579171976
22.399999999999956,47.0,0.7624389673467276
22.499999999999957,47.0,0.7682710031460724
22.599999999999955,47.0,0.7739749792840227
22.699999999999953,47.0,0.7795526734228948
22.799999999999955,47.0,0.7850059197609396
22.899999999999956,47.0,0.7903366022206954
22.999999999999954,47.0,0.7955466479799117
23.09999999999995,47.0,0.8006380213404124
23.199999999999953,47.0,0.8056127179291808
23.299999999999955,47.0,0.8104727592249866
23.399999999999952,47.0,0.8152201874030571
23.49999999999995,47.0,0.8198570604895896
23.59999999999995,47.0,0.8243854478173129
23.699999999999953,47.0,0.8288074257728286
23.79999999999995,47.0,0.8331250738260769
23.89999999999995,47.0,0.8373404708319698
23.99999999999995,47.0,0.8414556915940247
24.09999999999995,47.0,0.8454728036796839
24.19999999999995,47.0,0.8493938644769393
24.299999999999947,47.0,0.8532209184818513
24.39999999999995,47.0,0.8569559948065973
24.49999999999995,47.0,0.860601104897766
24.599999999999948,47.0,0.8641582404547379
24.699999999999946,47.0,0.8676293715381538
24.799999999999947,47.0,0.8710164448586615
24.89999999999995,47.0,0.8743213822363565
24.999999999999947,47.0,0.8775460792215679
