fold,model,scenario,k,status,train_expected_risk,cutpoints,weeks,counts,repeat,scale,effective_groups,merged_cuts,merged_weeks,merged_counts,fraction_at_25,mean_week
0,q2,step_only,4,bootstrap_conditional,0.1651920633403862,"[28.821843131379502, 30.3017749204332, 32.9759465231214]","[12.857142857142858, 12.857142857142858, 25.0, 25.0]","[25, 58, 102, 82]",0,0.0,2,[30.3017749204332],"[12.857142857142858, 25.0]","[83, 184]",0.6891385767790262,21.22525414660246
0,q2,low_delay,4,bootstrap_conditional,0.1930822787288932,"[28.821843131379502, 29.9478781980224, 35.1705589940727]","[12.857142857142858, 12.857142857142858, 12.857142857142858, 25.0]","[25, 44, 173, 25]",0,0.0,2,[35.1705589940727],"[12.857142857142858, 25.0]","[242, 25]",0.09363295880149813,13.994114499732477
0,q2,medium_delay,4,bootstrap_conditional,0.2107706908605595,"[29.10705821745655, 31.269159645000002, 33.0606690944397]","[11.0, 11.0, 11.0, 11.0]","[36, 95, 59, 77]",0,0.0,1,[],[11.0],[267],0.0,11.0
0,q2,high_delay,4,bootstrap_conditional,0.2107706908605595,"[29.10705821745655, 31.269159645000002, 33.0606690944397]","[11.0, 11.0, 11.0, 11.0]","[36, 95, 59, 77]",0,0.0,1,[],[11.0],[267],0.0,11.0
0,q3_basic,step_only,4,bootstrap_conditional,0.1652831504882748,"[29.37857702, 30.201034931504502, 31.145124715]","[12.857142857142858, 25.0, 12.857142857142858, 25.0]","[51, 30, 41, 145]",0,0.0,4,"[29.37857702, 30.201034931504502, 31.145124715]","[12.857142857142858, 25.0, 12.857142857142858, 25.0]","[51, 30, 41, 145]",0.6554307116104869,20.815944355270197
0,q3_basic,low_delay,4,bootstrap_conditional,0.1925407841132277,"[28.821843131379502, 29.89542649103325, 35.1705589940727]","[12.857142857142858, 12.857142857142858, 12.857142857142858, 25.0]","[25, 43, 174, 25]",0,0.0,2,[35.1705589940727],"[12.857142857142858, 25.0]","[242, 25]",0.09363295880149813,13.994114499732477
0,q3_basic,medium_delay,4,bootstrap_conditional,0.2105590071553406,"[28.821843131379502, 29.398260685, 30.435518495]","[11.0, 11.0, 11.0, 11.0]","[25, 28, 38, 176]",0,0.0,1,[],[11.0],[267],0.0,11.0
0,q3_basic,high_delay,4,bootstrap_conditional,0.2105590071553406,"[28.821843131379502, 29.398260685, 30.435518495]","[11.0, 11.0, 11.0, 11.0]","[25, 28, 38, 176]",0,0.0,1,[],[11.0],[267],0.0,11.0
0,q2,step_only,4,bootstrap_conditional,0.1695464736806619,"[28.821843131379502, 29.37857702, 30.84796485]","[12.857142857142858, 12.857142857142858, 12.857142857142858, 25.0]","[25, 26, 64, 152]",0,0.5,2,[30.84796485],"[12.857142857142858, 25.0]","[115, 152]",0.5692883895131086,19.76993044408775
0,q2,low_delay,4,bootstrap_conditional,0.1933870512315056,"[28.821843131379502, 29.37857702, 35.1705589940727]","[12.857142857142858, 12.857142857142858, 12.857142857142858, 25.0]","[25, 26, 191, 25]",0,0.5,2,[35.1705589940727],"[12.857142857142858, 25.0]","[242, 25]",0.09363295880149813,13.994114499732477
0,q2,medium_delay,4,bootstrap_conditional,0.2076042242103342,"[28.821843131379502, 29.398260685, 30.3017749204332]","[11.0, 11.0, 11.0, 11.0]","[25, 28, 30, 184]",0,0.5,1,[],[11.0],[267],0.0,11.0
0,q2,high_delay,4,bootstrap_conditional,0.2076042242103342,"[28.821843131379502, 29.398260685, 30.3017749204332]","[11.0, 11.0, 11.0, 11.0]","[25, 28, 30, 184]",0,0.5,1,[],[11.0],[267],0.0,11.0
0,q3_basic,step_only,4,bootstrap_conditional,0.1695727968642221,"[29.02420649077765, 30.435518495, 31.4872464292182]","[12.857142857142858, 12.857142857142858, 12.857142857142858, 25.0]","[30, 61, 45, 131]",0,0.5,2,[31.4872464292182],"[12.857142857142858, 25.0]","[136, 131]",0.49063670411985016,18.814874264312465
0,q3_basic,low_delay,4,bootstrap_conditional,0.1930258763346914,"[29.0455820628869, 33.9632508881169, 35.1705589940727]","[12.857142857142858, 12.857142857142858, 12.857142857142858, 25.0]","[31, 183, 28, 25]",0,0.5,2,[35.1705589940727],"[12.857142857142858, 25.0]","[242, 25]",0.09363295880149813,13.994114499732477
0,q3_basic,medium_delay,4,bootstrap_conditional,0.207197467888433,"[29.071831297786503, 31.30462428941985, 32.9759465231214]","[11.0, 11.0, 11.0, 11.0]","[35, 97, 53, 82]",0,0.5,1,[],[11.0],[267],0.0,11.0
0,q3_basic,high_delay,4,bootstrap_conditional,0.207197467888433,"[29.071831297786503, 31.30462428941985, 32.9759465231214]","[11.0, 11.0, 11.0, 11.0]","[35, 97, 53, 82]",0,0.5,1,[],[11.0],[267],0.0,11.0
0,q2,step_only,4,bootstrap_conditional,0.1729605391706604,"[28.821843131379502, 29.37857702, 30.201034931504502]","[12.857142857142858, 12.857142857142858, 12.857142857142858, 25.0]","[25, 26, 30, 186]",0,1.0,2,[30.201034931504502],"[12.857142857142858, 25.0]","[81, 186]",0.6966292134831461,21.316211878009632
0,q2,low_delay,4,bootstrap_conditional,0.1987900850658677,"[29.152824510000002, 33.9632508881169, 35.1705589940727]","[12.857142857142858, 12.857142857142858, 12.857142857142858, 25.0]","[44, 170, 28, 25]",0,1.0,2,[35.1705589940727],"[12.857142857142858, 25.0]","[242, 25]",0.09363295880149813,13.994114499732477
0,q2,medium_delay,4,bootstrap_conditional,0.214014064482089,"[29.334636189999998, 30.4768398, 32.825957630000005]","[11.0, 11.0, 11.0, 11.0]","[47, 48, 80, 92]",0,1.0,1,[],[11.0],[267],0.0,11.0
0,q2,high_delay,4,bootstrap_conditional,0.214014064482089,"[29.334636189999998, 30.4768398, 32.825957630000005]","[11.0, 11.0, 11.0, 11.0]","[47, 48, 80, 92]",0,1.0,1,[],[11.0],[267],0.0,11.0
0,q3_basic,step_only,4,bootstrap_conditional,0.1730774463178997,"[28.821843131379502, 29.37857702, 30.435518495]","[12.857142857142858, 12.857142857142858, 12.857142857142858, 25.0]","[25, 26, 40, 176]",0,1.0,2,[30.435518495],"[12.857142857142858, 25.0]","[91, 176]",0.6591760299625468,20.861423220973784
0,q3_basic,low_delay,4,bootstrap_conditional,0.1984087591219931,"[29.334636189999998, 34.01253445026795, 35.1705589940727]","[12.857142857142858, 12.857142857142858, 12.857142857142858, 25.0]","[47, 169, 26, 25]",0,1.0,2,[35.1705589940727],"[12.857142857142858, 25.0]","[242, 25]",0.09363295880149813,13.994114499732477
0,q3_basic,medium_delay,4,bootstrap_conditional,0.2136288261382383,"[28.821843131379502, 29.398260685, 30.456294565]","[11.0, 11.0, 11.0, 11.0]","[25, 28, 39, 175]",0,1.0,1,[],[11.0],[267],0.0,11.0
0,q3_basic,high_delay,4,bootstrap_conditional,0.2136288261382383,"[28.821843131379502, 29.398260685, 30.456294565]","[11.0, 11.0, 11.0, 11.0]","[25, 28, 39, 175]",0,1.0,1,[],[11.0],[267],0.0,11.0
0,q2,step_only,4,bootstrap_conditional,0.1689268290184465,"[29.071831297786503, 30.456294565, 31.6993715345789]","[25.0, 25.0, 25.0, 25.0]","[35, 57, 51, 124]",0,1.5,1,[],[25.0],[267],1.0,25.0
0,q2,low_delay,4,bootstrap_conditional,0.2129298627355759,"[28.821843131379502, 29.37857702, 34.411814519222446]","[12.857142857142858, 12.857142857142858, 12.857142857142858, 25.0]","[25, 26, 174, 42]",0,1.5,2,[34.411814519222446],"[12.857142857142858, 25.0]","[225, 42]",0.15730337078651685,14.76725521669342
0,q2,medium_delay,4,bootstrap_conditional,0.2372784644892988,"[28.95839341789075, 30.6746588676868, 35.1705589940727]","[11.0, 11.0, 11.0, 12.571428571428571]","[29, 81, 132, 25]",0,1.5,2,[35.1705589940727],"[11.0, 12.571428571428571]","[242, 25]",0.0,11.147137506688068
0,q2,high_delay,4,bootstrap_conditional,0.2373425433287394,"[28.821843131379502, 29.398260685, 31.269159645000002]","[11.0, 11.0, 11.0, 11.0]","[25, 28, 78, 136]",0,1.5,1,[],[11.0],[267],0.0,11.0
0,q3_basic,step_only,4,bootstrap_conditional,0.1696904494531118,"[29.152824510000002, 30.521331102512548, 31.996085665000003]","[25.0, 25.0, 25.0, 25.0]","[44, 59, 49, 115]",0,1.5,1,[],[25.0],[267],1.0,25.0
0,q3_basic,low_delay,4,bootstrap_conditional,0.2126753382862991,"[29.37857702, 33.83156313, 34.965401695]","[12.857142857142858, 12.857142857142858, 12.857142857142858, 25.0]","[51, 159, 29, 28]",0,1.5,2,[34.965401695],"[12.857142857142858, 25.0]","[239, 28]",0.10486891385767791,14.130551096843233
0,q3_basic,medium_delay,4,bootstrap_conditional,0.2369438986987046,"[28.821843131379502, 29.398260685, 35.1705589940727]","[11.0, 11.0, 11.0, 12.857142857142858]","[25, 28, 189, 25]",0,1.5,2,[35.1705589940727],"[11.0, 12.857142857142858]","[242, 25]",0.0,11.173889780631354
0,q3_basic,high_delay,4,bootstrap_conditional,0.237047728828318,"[28.821843131379502, 29.89542649103325, 30.48501834]","[11.0, 11.0, 11.0, 11.0]","[25, 43, 34, 165]",0,1.5,1,[],[11.0],[267],0.0,11.0
0,q2,step_only,4,bootstrap_conditional,0.1500475053289894,"[28.938497648086297, 29.401891363195702, 32.2768860333865]","[25.0, 25.0, 25.0, 25.0]","[31, 26, 108, 102]",1,0.0,1,[],[25.0],[267],1.0,25.0
0,q2,low_delay,4,bootstrap_conditional,0.2099115061329846,"[28.870021235, 30.536487856629748, 32.2768860333865]","[12.857142857142858, 12.857142857142858, 12.857142857142858, 25.0]","[27, 84, 54, 102]",1,0.0,2,[32.2768860333865],"[12.857142857142858, 25.0]","[165, 102]",0.38202247191011235,17.49598715890851
0,q2,medium_delay,4,bootstrap_conditional,0.2449916763261647,"[29.2908193387951, 30.21148293921325, 31.345370364218198]","[11.0, 11.571428571428571, 12.142857142857142, 12.857142857142858]","[52, 40, 45, 130]",1,0.0,4,"[29.2908193387951, 30.21148293921325, 31.345370364218198]","[11.0, 11.571428571428571, 12.142857142857142, 12.857142857142858]","[52, 40, 45, 130]",0.0,12.182450508293206
0,q2,high_delay,4,bootstrap_conditional,0.2473697032627732,"[29.2908193387951, 30.3017749204332, 31.345370364218198]","[11.0, 11.0, 11.0, 11.0]","[52, 42, 43, 130]",1,0.0,1,[],[11.0],[267],0.0,11.0
0,q3_basic,step_only,4,bootstrap_conditional,0.1498539249131055,"[29.071831297786503, 30.2798105797449, 32.2768860333865]","[25.0, 25.0, 25.0, 25.0]","[36, 57, 72, 102]",1,0.0,1,[],[25.0],[267],1.0,25.0
0,q3_basic,low_delay,4,bootstrap_conditional,0.2100114763661653,"[31.835775192944702, 32.89893226593305, 33.8470987770759]","[12.857142857142858, 24.428571428571427, 12.857142857142858, 25.0]","[149, 33, 25, 60]",1,0.0,4,"[31.835775192944702, 32.89893226593305, 33.8470987770759]","[12.857142857142858, 24.428571428571427, 12.857142857142858, 25.0]","[149, 33, 25, 60]",0.2247191011235955,17.01605136436597
0,q3_basic,medium_delay,4,bootstrap_conditional,0.2475600386333311,"[29.35954207201715, 30.5924608559611, 31.835775192944702]","[11.428571428571429, 12.857142857142858, 11.285714285714286, 12.857142857142858]","[55, 58, 36, 118]",1,0.0,4,"[29.35954207201715, 30.5924608559611, 31.835775192944702]","[11.428571428571429, 12.857142857142858, 11.285714285714286, 12.857142857142858]","[55, 58, 36, 118]",0.0,12.3509898341359
0,q3_basic,high_delay,4,bootstrap_conditional,0.250700112475847,"[29.2908193387951, 30.3017749204332, 31.345370364218198]","[11.0, 11.0, 11.0, 11.0]","[52, 42, 43, 130]",1,0.0,1,[],[11.0],[267],0.0,11.0
0,q2,step_only,4,bootstrap_conditional,0.1566066235713331,"[28.938497648086297, 30.21148293921325, 32.3282979883502]","[25.0, 25.0, 25.0, 25.0]","[31, 61, 74, 101]",1,0.5,1,[],[25.0],[267],1.0,25.0
0,q2,low_delay,4,bootstrap_conditional,0.2152101383777223,"[28.813373329999997, 29.20491842677795, 32.89893226593305]","[12.857142857142858, 12.857142857142858, 12.857142857142858, 25.0]","[25, 25, 132, 85]",1,0.5,2,[32.89893226593305],"[12.857142857142858, 25.0]","[182, 85]",0.31835205992509363,16.722846441947567
0,q2,medium_delay,4,bootstrap_conditional,0.2468405747200323,"[31.145124715, 32.3282979883502, 33.451538092365254]","[11.0, 11.714285714285714, 12.285714285714286, 12.857142857142858]","[128, 38, 33, 68]",1,0.5,4,"[31.145124715, 32.3282979883502, 33.451538092365254]","[11.0, 11.714285714285714, 12.285714285714286, 12.857142857142858]","[128, 38, 33, 68]",0.0,11.733547351524878
0,q2,high_delay,4,bootstrap_conditional,0.2478579186613232,"[29.2908193387951, 30.3017749204332, 31.345370364218198]","[11.0, 11.0, 11.0, 11.0]","[52, 42, 43, 130]",1,0.5,1,[],[11.0],[267],0.0,11.0
0,q3_basic,step_only,4,bootstrap_conditional,0.1566300101041812,"[28.938497648086297, 29.401891363195702, 32.2768860333865]","[25.0, 25.0, 25.0, 25.0]","[31, 26, 108, 102]",1,0.5,1,[],[25.0],[267],1.0,25.0
0,q3_basic,low_delay,4,bootstrap_conditional,0.2153710591757789,"[31.835775192944702, 33.10621120439835, 34.968266275000005]","[12.857142857142858, 24.428571428571427, 12.857142857142858, 24.857142857142858]","[149, 38, 38, 42]",1,0.5,4,"[31.835775192944702, 33.10621120439835, 34.968266275000005]","[12.857142857142858, 24.428571428571427, 12.857142857142858, 24.857142857142858]","[149, 38, 38, 42]",0.0,16.391653290529696
0,q3_basic,medium_delay,4,bootstrap_conditional,0.2491400480956467,"[31.835775192944702, 32.89893226593305, 33.8470987770759]","[11.0, 12.857142857142858, 11.285714285714286, 12.857142857142858]","[149, 33, 25, 60]",1,0.5,4,"[31.835775192944702, 32.89893226593305, 33.8470987770759]","[11.0, 12.857142857142858, 11.285714285714286, 12.857142857142858]","[149, 33, 25, 60]",0.0,11.673622257891921
0,q3_basic,high_delay,4,bootstrap_conditional,0.2504960694327759,"[29.2908193387951, 30.3017749204332, 31.345370364218198]","[11.0, 11.0, 11.0, 11.0]","[52, 42, 43, 130]",1,0.5,1,[],[11.0],[267],0.0,11.0
0,q2,step_only,4,bootstrap_conditional,0.1705996877008415,"[28.938497648086297, 29.401891363195702, 32.3549828705588]","[25.0, 25.0, 25.0, 25.0]","[31, 26, 110, 100]",1,1.0,1,[],[25.0],[267],1.0,25.0
0,q2,low_delay,4,bootstrap_conditional,0.2124065722989511,"[28.813373329999997, 29.43062944343895, 35.642604625000004]","[12.857142857142858, 12.857142857142858, 12.857142857142858, 24.571428571428573]","[25, 34, 182, 26]",1,1.0,2,[35.642604625000004],"[12.857142857142858, 24.571428571428573]","[241, 26]",0.0,13.997859818084537
0,q2,medium_delay,4,bootstrap_conditional,0.2326747292015587,"[29.44429980024325, 31.24515140444175, 32.566909555448945]","[11.0, 11.0, 11.0, 11.0]","[61, 74, 39, 93]",1,1.0,1,[],[11.0],[267],0.0,11.0
0,q2,high_delay,4,bootstrap_conditional,0.2326747292015587,"[29.44429980024325, 31.24515140444175, 32.566909555448945]","[11.0, 11.0, 11.0, 11.0]","[61, 74, 39, 93]",1,1.0,1,[],[11.0],[267],0.0,11.0
0,q3_basic,step_only,4,bootstrap_conditional,0.1712713313359722,"[28.938497648086297, 29.652620804999998, 32.38541814915125]","[25.0, 25.0, 25.0, 25.0]","[31, 37, 100, 99]",1,1.0,1,[],[25.0],[267],1.0,25.0
0,q3_basic,low_delay,4,bootstrap_conditional,0.2130599662166121,"[28.870021235, 33.10621120439835, 35.55795257478585]","[12.857142857142858, 12.857142857142858, 12.857142857142858, 24.571428571428573]","[27, 160, 49, 31]",1,1.0,2,[35.55795257478585],"[12.857142857142858, 24.571428571428573]","[236, 31]",0.0,14.217228464419476
0,q3_basic,medium_delay,4,bootstrap_conditional,0.2344008721703768,"[29.2908193387951, 30.3017749204332, 31.345370364218198]","[11.0, 11.0, 11.0, 11.0]","[52, 42, 43, 130]",1,1.0,1,[],[11.0],[267],0.0,11.0
0,q3_basic,high_delay,4,bootstrap_conditional,0.2344008721703768,"[29.2908193387951, 30.3017749204332, 31.345370364218198]","[11.0, 11.0, 11.0, 11.0]","[52, 42, 43, 130]",1,1.0,1,[],[11.0],[267],0.0,11.0
0,q2,step_only,4,bootstrap_conditional,0.187504974325518,"[28.813373329999997, 29.7185051004643, 32.2768860333865]","[12.857142857142858, 12.857142857142858, 25.0, 25.0]","[25, 44, 96, 102]",1,1.5,2,[29.7185051004643],"[12.857142857142858, 25.0]","[69, 198]",0.7415730337078652,21.861958266452646
0,q2,low_delay,4,bootstrap_conditional,0.2075466988749287,"[28.813373329999997, 29.20491842677795, 30.2798105797449]","[12.857142857142858, 12.857142857142858, 12.857142857142858, 12.857142857142858]","[25, 25, 43, 174]",1,1.5,1,[],[12.857142857142858],[267],0.0,12.857142857142858
0,q2,medium_delay,4,bootstrap_conditional,0.2207725581059542,"[29.2908193387951, 31.21939287, 32.566909555448945]","[11.0, 11.0, 11.0, 11.0]","[52, 81, 41, 93]",1,1.5,1,[],[11.0],[267],0.0,11.0
0,q2,high_delay,4,bootstrap_conditional,0.2207725581059542,"[29.2908193387951, 31.21939287, 32.566909555448945]","[11.0, 11.0, 11.0, 11.0]","[52, 81, 41, 93]",1,1.5,1,[],[11.0],[267],0.0,11.0
0,q3_basic,step_only,4,bootstrap_conditional,0.1879663726567726,"[29.152824510000002, 30.5924608559611, 31.50660346546065]","[12.857142857142858, 25.0, 12.857142857142858, 25.0]","[46, 67, 27, 127]",1,1.5,4,"[29.152824510000002, 30.5924608559611, 31.50660346546065]","[12.857142857142858, 25.0, 12.857142857142858, 25.0]","[46, 67, 27, 127]",0.7265917602996255,21.68004280363831
0,q3_basic,low_delay,4,bootstrap_conditional,0.2085143225680362,"[28.813373329999997, 29.20491842677795, 30.46963577]","[12.857142857142858, 12.857142857142858, 12.857142857142858, 12.857142857142858]","[25, 25, 57, 160]",1,1.5,1,[],[12.857142857142858],[267],0.0,12.857142857142858
0,q3_basic,medium_delay,4,bootstrap_conditional,0.2216916503541804,"[29.531086350000002, 31.7336015545789, 33.20719191798945]","[11.0, 11.0, 11.0, 11.0]","[63, 82, 46, 76]",1,1.5,1,[],[11.0],[267],0.0,11.0
0,q3_basic,high_delay,4,bootstrap_conditional,0.2216916503541804,"[29.531086350000002, 31.7336015545789, 33.20719191798945]","[11.0, 11.0, 11.0, 11.0]","[63, 82, 46, 76]",1,1.5,1,[],[11.0],[267],0.0,11.0
0,q2,step_only,4,bootstrap_conditional,0.1472084826951961,"[29.20491842677795, 30.8086540818733, 33.1279444036214]","[12.857142857142858, 25.0, 25.0, 25.0]","[41, 68, 77, 81]",2,0.0,2,[29.20491842677795],"[12.857142857142858, 25.0]","[41, 226]",0.846441947565543,23.135366506153023
0,q2,low_delay,4,bootstrap_conditional,0.1827924790059492,"[29.009509792886902, 30.8086540818733, 35.2208681140727]","[12.857142857142858, 12.857142857142858, 12.857142857142858, 25.0]","[30, 79, 122, 36]",2,0.0,2,[35.2208681140727],"[12.857142857142858, 25.0]","[231, 36]",0.1348314606741573,14.49438202247191
0,q2,medium_delay,4,bootstrap_conditional,0.207874533656483,"[29.749820315464298, 30.435518495, 35.43452652765335]","[11.0, 11.0, 11.0, 12.857142857142858]","[54, 25, 155, 33]",2,0.0,2,[35.43452652765335],"[11.0, 12.857142857142858]","[234, 33]",0.0,11.229534510433387
0,q2,high_delay,4,bootstrap_conditional,0.2082559639716401,"[29.749820315464298, 30.435518495, 31.3028320125015]","[11.0, 11.0, 11.0, 11.0]","[54, 25, 45, 143]",2,0.0,1,[],[11.0],[267],0.0,11.0
0,q3_basic,step_only,4,bootstrap_conditional,0.1461781272775373,"[29.392081044999998, 30.70173971, 33.1279444036214]","[12.857142857142858, 25.0, 25.0, 25.0]","[46, 57, 83, 81]",2,0.0,2,[29.392081044999998],"[12.857142857142858, 25.0]","[46, 221]",0.8277153558052435,22.9079721776351
0,q3_basic,low_delay,4,bootstrap_conditional,0.1829466893055358,"[28.813373329999997, 29.5907377837715, 35.58841657265335]","[12.857142857142858, 12.857142857142858, 12.857142857142858, 25.0]","[25, 25, 186, 31]",2,0.0,2,[35.58841657265335],"[12.857142857142858, 25.0]","[236, 31]",0.11610486891385768,14.266987693953986
0,q3_basic,medium_delay,4,bootstrap_conditional,0.2086180736916194,"[29.749820315464298, 33.80998091497105, 35.58841657265335]","[11.0, 11.0, 11.285714285714286, 12.857142857142858]","[54, 151, 31, 31]",2,0.0,3,"[33.80998091497105, 35.58841657265335]","[11.0, 11.285714285714286, 12.857142857142858]","[205, 31, 31]",0.0,11.248796147672552
0,q3_basic,high_delay,4,bootstrap_conditional,0.2090893879385456,"[29.78295940379965, 32.04871425, 33.20719191798945]","[11.0, 11.0, 11.0, 11.0]","[59, 90, 39, 79]",2,0.0,1,[],[11.0],[267],0.0,11.0
0,q2,step_only,4,bootstrap_conditional,0.1499027290833048,"[28.813373329999997, 29.5907377837715, 30.8086540818733]","[12.857142857142858, 12.857142857142858, 12.857142857142858, 25.0]","[25, 25, 59, 158]",2,0.5,2,[30.8086540818733],"[12.857142857142858, 25.0]","[109, 158]",0.5917602996254682,20.042803638309255
0,q2,low_delay,4,bootstrap_conditional,0.1742211783605617,"[28.938497648086297, 30.5924608559611, 35.818592644999995]","[12.857142857142858, 12.857142857142858, 12.857142857142858, 25.0]","[28, 69, 144, 26]",2,0.5,2,[35.818592644999995],"[12.857142857142858, 25.0]","[241, 26]",0.09737827715355805,14.039593365436064
0,q2,medium_delay,4,bootstrap_conditional,0.1912599314874956,"[30.081318935, 32.70496857986549, 33.75437025555455]","[11.0, 11.0, 11.0, 11.0]","[64, 107, 32, 64]",2,0.5,1,[],[11.0],[267],0.0,11.0
0,q2,high_delay,4,bootstrap_conditional,0.1912599314874956,"[30.081318935, 32.70496857986549, 33.75437025555455]","[11.0, 11.0, 11.0, 11.0]","[64, 107, 32, 64]",2,0.5,1,[],[11.0],[267],0.0,11.0
0,q3_basic,step_only,4,bootstrap_conditional,0.1495682540835696,"[29.749820315464298, 30.48501834, 31.255424249441752]","[12.857142857142858, 24.857142857142858, 12.857142857142858, 25.0]","[54, 39, 28, 146]",2,0.5,4,"[29.749820315464298, 30.48501834, 31.255424249441752]","[12.857142857142858, 24.857142857142858, 12.857142857142858, 25.0]","[54, 39, 28, 146]",0.5468164794007491,21.249866238630286
0,q3_basic,low_delay,4,bootstrap_conditional,0.1747389109555768,"[28.813373329999997, 29.5907377837715, 35.818592644999995]","[12.857142857142858, 12.857142857142858, 12.857142857142858, 25.0]","[25, 25, 191, 26]",2,0.5,2,[35.818592644999995],"[12.857142857142858, 25.0]","[241, 26]",0.09737827715355805,14.039593365436064
0,q3_basic,medium_delay,4,bootstrap_conditional,0.1922749699265156,"[29.749820315464298, 30.435518495, 31.54083685733135]","[11.0, 11.0, 11.0, 11.0]","[54, 25, 47, 141]",2,0.5,1,[],[11.0],[267],0.0,11.0
0,q3_basic,high_delay,4,bootstrap_conditional,0.1922749699265156,"[29.749820315464298, 30.435518495, 31.54083685733135]","[11.0, 11.0, 11.0, 11.0]","[54, 25, 47, 141]",2,0.5,1,[],[11.0],[267],0.0,11.0
0,q2,step_only,4,bootstrap_conditional,0.1575338018428773,"[29.7185051004643, 30.97970272281495, 34.09516117264635]","[12.857142857142858, 25.0, 25.0, 25.0]","[53, 60, 103, 51]",2,1.0,2,[29.7185051004643],"[12.857142857142858, 25.0]","[53, 214]",0.8014981273408239,22.589620117710005
0,q2,low_delay,4,bootstrap_conditional,0.1861434292993581,"[28.813373329999997, 29.5907377837715, 35.818592644999995]","[12.857142857142858, 12.857142857142858, 12.857142857142858, 25.0]","[25, 25, 191, 26]",2,1.0,2,[35.818592644999995],"[12.857142857142858, 25.0]","[241, 26]",0.09737827715355805,14.039593365436064
0,q2,medium_delay,4,bootstrap_conditional,0.2046447821835116,"[29.94361332905565, 32.04871425, 33.20719191798945]","[11.0, 11.0, 11.0, 11.0]","[62, 87, 39, 79]",2,1.0,1,[],[11.0],[267],0.0,11.0
0,q2,high_delay,4,bootstrap_conditional,0.2046447821835116,"[29.94361332905565, 32.04871425, 33.20719191798945]","[11.0, 11.0, 11.0, 11.0]","[62, 87, 39, 79]",2,1.0,1,[],[11.0],[267],0.0,11.0
0,q3_basic,step_only,4,bootstrap_conditional,0.1566661715559731,"[29.392081044999998, 30.70173971, 33.80998091497105]","[12.857142857142858, 25.0, 25.0, 25.0]","[46, 57, 102, 62]",2,1.0,2,[29.392081044999998],"[12.857142857142858, 25.0]","[46, 221]",0.8277153558052435,22.9079721776351
0,q3_basic,low_delay,4,bootstrap_conditional,0.1867817016935454,"[28.813373329999997, 29.5907377837715, 35.689195755]","[12.857142857142858, 12.857142857142858, 12.857142857142858, 25.0]","[25, 25, 190, 27]",2,1.0,2,[35.689195755],"[12.857142857142858, 25.0]","[240, 27]",0.10112359550561797,14.085072231139646
0,q3_basic,medium_delay,4,bootstrap_conditional,0.2057200298742451,"[29.94361332905565, 32.04871425, 33.337644175911]","[11.0, 11.0, 11.0, 11.0]","[62, 87, 45, 73]",2,1.0,1,[],[11.0],[267],0.0,11.0
0,q3_basic,high_delay,4,bootstrap_conditional,0.2057200298742451,"[29.94361332905565, 32.04871425, 33.337644175911]","[11.0, 11.0, 11.0, 11.0]","[62, 87, 45, 73]",2,1.0,1,[],[11.0],[267],0.0,11.0
0,q2,step_only,4,bootstrap_conditional,0.1602194078140194,"[28.813373329999997, 29.756464415, 31.6993715345789]","[12.857142857142858, 25.0, 25.0, 25.0]","[25, 33, 70, 139]",2,1.5,2,[28.813373329999997],"[12.857142857142858, 25.0]","[25, 242]",0.9063670411985019,23.863028357410382
0,q2,low_delay,4,bootstrap_conditional,0.1949318265523091,"[28.813373329999997, 29.5907377837715, 35.818592644999995]","[12.857142857142858, 12.857142857142858, 12.857142857142858, 25.0]","[25, 25, 191, 26]",2,1.5,2,[35.818592644999995],"[12.857142857142858, 25.0]","[241, 26]",0.09737827715355805,14.039593365436064
0,q2,medium_delay,4,bootstrap_conditional,0.2163423979263806,"[29.749820315464298, 30.435518495, 31.3028320125015]","[11.0, 11.0, 11.0, 11.0]","[54, 25, 45, 143]",2,1.5,1,[],[11.0],[267],0.0,11.0
0,q2,high_delay,4,bootstrap_conditional,0.2163423979263806,"[29.749820315464298, 30.435518495, 31.3028320125015]","[11.0, 11.0, 11.0, 11.0]","[54, 25, 45, 143]",2,1.5,1,[],[11.0],[267],0.0,11.0
0,q3_basic,step_only,4,bootstrap_conditional,0.1594951213949469,"[29.35954207201715, 30.70173971, 33.1279444036214]","[12.857142857142858, 25.0, 25.0, 25.0]","[45, 58, 83, 81]",2,1.5,2,[29.35954207201715],"[12.857142857142858, 25.0]","[45, 222]",0.8314606741573034,22.953451043338685
0,q3_basic,low_delay,4,bootstrap_conditional,0.1957137828662921,"[29.0455820628869, 33.80998091497105, 35.58841657265335]","[12.857142857142858, 12.857142857142858, 12.857142857142858, 25.0]","[31, 174, 31, 31]",2,1.5,2,[35.58841657265335],"[12.857142857142858, 25.0]","[236, 31]",0.11610486891385768,14.266987693953986
0,q3_basic,medium_delay,4,bootstrap_conditional,0.217777581304155,"[29.749820315464298, 30.48501834, 35.818592644999995]","[11.0, 11.0, 11.0, 11.714285714285714]","[54, 39, 148, 26]",2,1.5,2,[35.818592644999995],"[11.0, 11.714285714285714]","[241, 26]",0.0,11.069555912252541
0,q3_basic,high_delay,4,bootstrap_conditional,0.2177923354104633,"[29.756464415, 32.04871425, 33.173932113621404]","[11.0, 11.0, 11.0, 11.0]","[58, 91, 38, 80]",2,1.5,1,[],[11.0],[267],0.0,11.0
0,q2,step_only,4,bootstrap_conditional,0.1476134250031803,"[28.65945323, 29.92762346, 30.68221255328655]","[12.857142857142858, 12.857142857142858, 25.0, 25.0]","[27, 36, 39, 165]",3,0.0,2,[29.92762346],"[12.857142857142858, 25.0]","[63, 204]",0.7640449438202247,22.134831460674157
0,q2,low_delay,4,bootstrap_conditional,0.1832919614760067,"[28.62684680525625, 29.43062944343895, 34.535671918803445]","[12.857142857142858, 12.857142857142858, 12.857142857142858, 25.0]","[26, 25, 171, 45]",3,0.0,2,[34.535671918803445],"[12.857142857142858, 25.0]","[222, 45]",0.16853932584269662,14.903691813804173
0,q2,medium_delay,4,bootstrap_conditional,0.2088260879720737,"[29.14653724967005, 34.258432214678805, 35.43452652765335]","[11.0, 11.0, 11.714285714285714, 12.857142857142858]","[43, 174, 25, 25]",3,0.0,3,"[34.258432214678805, 35.43452652765335]","[11.0, 11.714285714285714, 12.857142857142858]","[217, 25, 25]",0.0,11.240770465489566
0,q2,high_delay,4,bootstrap_conditional,0.2092245363265346,"[29.415395388195698, 30.6453224487093, 31.7336015545789]","[11.0, 11.0, 11.0, 11.0]","[50, 51, 30, 136]",3,0.0,1,[],[11.0],[267],0.0,11.0
0,q3_basic,step_only,4,bootstrap_conditional,0.1472033988049604,"[29.35954207201715, 30.16560389281525, 30.84344416]","[12.857142857142858, 24.857142857142858, 12.857142857142858, 25.0]","[46, 34, 27, 160]",3,0.0,4,"[29.35954207201715, 30.16560389281525, 30.84344416]","[12.857142857142858, 24.857142857142858, 12.857142857142858, 25.0]","[46, 34, 27, 160]",0.599250936329588,21.661851257356872
0,q3_basic,low_delay,4,bootstrap_conditional,0.181578010888164,"[28.62684680525625, 29.531086350000002, 35.00033464]","[12.857142857142858, 12.857142857142858, 12.857142857142858, 24.714285714285715]","[26, 30, 180, 31]",3,0.0,2,[35.00033464],"[12.857142857142858, 24.714285714285715]","[236, 31]",0.0,14.233814874264313
0,q3_basic,medium_delay,4,bootstrap_conditional,0.2077265117534319,"[29.14653724967005, 30.3549329065045, 35.00033464]","[11.0, 11.0, 11.0, 12.857142857142858]","[43, 42, 151, 31]",3,0.0,2,[35.00033464],"[11.0, 12.857142857142858]","[236, 31]",0.0,11.215623327982877
0,q3_basic,high_delay,4,bootstrap_conditional,0.2082863839842137,"[29.37857702, 30.483268680000002, 31.95259136745955]","[11.0, 11.0, 11.0, 11.0]","[48, 49, 36, 134]",3,0.0,1,[],[11.0],[267],0.0,11.0
0,q2,step_only,4,bootstrap_conditional,0.1528495936231029,"[28.62684680525625, 29.43062944343895, 30.3549329065045]","[12.857142857142858, 12.857142857142858, 12.857142857142858, 25.0]","[26, 25, 34, 182]",3,0.5,2,[30.3549329065045],"[12.857142857142858, 25.0]","[85, 182]",0.6816479400749064,21.134296415195294
0,q2,low_delay,4,bootstrap_conditional,0.1826252313481194,"[28.62684680525625, 29.531086350000002, 35.43452652765335]","[12.857142857142858, 12.857142857142858, 12.857142857142858, 24.571428571428573]","[26, 30, 186, 25]",3,0.5,2,[35.43452652765335],"[12.857142857142858, 24.571428571428573]","[242, 25]",0.0,13.95398608881755
0,q2,medium_delay,4,bootstrap_conditional,0.2021935585811655,"[29.14653724967005, 30.3549329065045, 31.27458389444175]","[11.0, 11.0, 11.0, 11.0]","[43, 42, 35, 147]",3,0.5,1,[],[11.0],[267],0.0,11.0
0,q2,high_delay,4,bootstrap_conditional,0.2021935585811655,"[29.14653724967005, 30.3549329065045, 31.27458389444175]","[11.0, 11.0, 11.0, 11.0]","[43, 42, 35, 147]",3,0.5,1,[],[11.0],[267],0.0,11.0
0,q3_basic,step_only,4,bootstrap_conditional,0.1522391810969134,"[29.35954207201715, 30.16560389281525, 30.84344416]","[12.857142857142858, 24.857142857142858, 12.857142857142858, 25.0]","[46, 34, 27, 160]",3,0.5,4,"[29.35954207201715, 30.16560389281525, 30.84344416]","[12.857142857142858, 24.857142857142858, 12.857142857142858, 25.0]","[46, 34, 27, 160]",0.599250936329588,21.661851257356872
0,q3_basic,low_delay,4,bootstrap_conditional,0.1806410994199003,"[28.62684680525625, 29.43062944343895, 35.3033617940727]","[12.857142857142858, 12.857142857142858, 12.857142857142858, 24.714285714285715]","[26, 25, 188, 28]",3,0.5,2,[35.3033617940727],"[12.857142857142858, 24.714285714285715]","[239, 28]",0.0,14.100588550026753
0,q3_basic,medium_delay,4,bootstrap_conditional,0.2011394082943806,"[29.398260685, 30.7981037518733, 35.43452652765335]","[11.0, 11.0, 11.0, 12.142857142857142]","[49, 56, 137, 25]",3,0.5,2,[35.43452652765335],"[11.0, 12.142857142857142]","[242, 25]",0.0,11.10700909577314
0,q3_basic,high_delay,4,bootstrap_conditional,0.2011635835222666,"[29.398260685, 30.54099133933135, 31.601947130107853]","[11.0, 11.0, 11.0, 11.0]","[49, 49, 30, 139]",3,0.5,1,[],[11.0],[267],0.0,11.0
0,q2,step_only,4,bootstrap_conditional,0.1538959228199371,"[28.62684680525625, 29.793195365, 30.68221255328655]","[12.857142857142858, 12.857142857142858, 25.0, 25.0]","[26, 34, 42, 165]",3,1.0,2,[29.793195365],"[12.857142857142858, 25.0]","[60, 207]",0.7752808988764045,22.271268057784912
0,q2,low_delay,4,bootstrap_conditional,0.1856777711922932,"[28.62684680525625, 30.102058579967398, 35.43452652765335]","[12.857142857142858, 12.857142857142858, 12.857142857142858, 24.571428571428573]","[26, 45, 171, 25]",3,1.0,2,[35.43452652765335],"[12.857142857142858, 24.571428571428573]","[242, 25]",0.0,13.95398608881755
0,q2,medium_delay,4,bootstrap_conditional,0.2062472229571576,"[29.14653724967005, 30.3549329065045, 35.43452652765335]","[11.0, 11.0, 11.0, 11.428571428571429]","[43, 42, 157, 25]",3,1.0,2,[35.43452652765335],"[11.0, 11.428571428571429]","[242, 25]",0.0,11.040128410914928
0,q2,high_delay,4,bootstrap_conditional,0.2062518475711395,"[29.14653724967005, 30.4768398, 31.677154004578902]","[11.0, 11.0, 11.0, 11.0]","[43, 53, 33, 138]",3,1.0,1,[],[11.0],[267],0.0,11.0
0,q3_basic,step_only,4,bootstrap_conditional,0.1533067986617854,"[29.35954207201715, 30.16560389281525, 30.84344416]","[12.857142857142858, 24.857142857142858, 12.857142857142858, 25.0]","[46, 34, 27, 160]",3,1.0,4,"[29.35954207201715, 30.16560389281525, 30.84344416]","[12.857142857142858, 24.857142857142858, 12.857142857142858, 25.0]","[46, 34, 27, 160]",0.599250936329588,21.661851257356872
0,q3_basic,low_delay,4,bootstrap_conditional,0.1840008137047438,"[29.35954207201715, 30.483268680000002, 35.00033464]","[12.857142857142858, 12.857142857142858, 12.857142857142858, 24.714285714285715]","[46, 51, 139, 31]",3,1.0,2,[35.00033464],"[12.857142857142858, 24.714285714285715]","[236, 31]",0.0,14.233814874264313
0,q3_basic,medium_delay,4,bootstrap_conditional,0.2057551562277779,"[29.43062944343895, 34.187725467824, 35.43452652765335]","[11.0, 11.0, 11.0, 12.857142857142858]","[51, 164, 27, 25]",3,1.0,2,[35.43452652765335],"[11.0, 12.857142857142858]","[242, 25]",0.0,11.173889780631354
0,q3_basic,high_delay,4,bootstrap_conditional,0.2058541637262513,"[29.44429980024325, 32.2768860333865, 33.3978292790151]","[11.0, 11.0, 11.0, 11.0]","[54, 90, 47, 76]",3,1.0,1,[],[11.0],[267],0.0,11.0
0,q2,step_only,4,bootstrap_conditional,0.1572062148980562,"[28.62684680525625, 29.43062944343895, 30.16560389281525]","[12.857142857142858, 12.857142857142858, 12.857142857142858, 25.0]","[26, 25, 29, 187]",3,1.5,2,[30.16560389281525],"[12.857142857142858, 25.0]","[80, 187]",0.700374531835206,21.361690743713215
0,q2,low_delay,4,bootstrap_conditional,0.1893372253775118,"[28.62684680525625, 29.44429980024325, 34.930506245000004]","[12.857142857142858, 12.857142857142858, 12.857142857142858, 25.0]","[26, 28, 175, 38]",3,1.5,2,[34.930506245000004],"[12.857142857142858, 25.0]","[229, 38]",0.14232209737827714,14.58533975387908
0,q2,medium_delay,4,bootstrap_conditional,0.2103646408579295,"[29.14653724967005, 30.3549329065045, 35.43452652765335]","[11.0, 11.0, 11.0, 11.857142857142858]","[43, 42, 157, 25]",3,1.5,2,[35.43452652765335],"[11.0, 11.857142857142858]","[242, 25]",0.0,11.080256821829856
0,q2,high_delay,4,bootstrap_conditional,0.2103785979422879,"[29.415395388195698, 30.68221255328655, 31.83326575245955]","[11.0, 11.0, 11.0, 11.0]","[50, 52, 30, 135]",3,1.5,1,[],[11.0],[267],0.0,11.0
0,q3_basic,step_only,4,bootstrap_conditional,0.1568996982647667,"[29.35954207201715, 30.16560389281525, 30.84344416]","[12.857142857142858, 24.857142857142858, 12.857142857142858, 25.0]","[46, 34, 27, 160]",3,1.5,4,"[29.35954207201715, 30.16560389281525, 30.84344416]","[12.857142857142858, 24.857142857142858, 12.857142857142858, 25.0]","[46, 34, 27, 160]",0.599250936329588,21.661851257356872
0,q3_basic,low_delay,4,bootstrap_conditional,0.1879065113710576,"[28.62684680525625, 29.44429980024325, 35.00033464]","[12.857142857142858, 12.857142857142858, 12.857142857142858, 24.714285714285715]","[26, 28, 182, 31]",3,1.5,2,[35.00033464],"[12.857142857142858, 24.714285714285715]","[236, 31]",0.0,14.233814874264313
0,q3_basic,medium_delay,4,bootstrap_conditional,0.210018290226525,"[29.415395388195698, 34.09516117264635, 35.43452652765335]","[11.0, 11.0, 11.0, 12.857142857142858]","[50, 162, 30, 25]",3,1.5,2,[35.43452652765335],"[11.0, 12.857142857142858]","[242, 25]",0.0,11.173889780631354
0,q3_basic,high_delay,4,bootstrap_conditional,0.2101315416458175,"[29.398260685, 32.04871425, 33.43571488]","[11.0, 11.0, 11.0, 11.0]","[49, 91, 52, 75]",3,1.5,1,[],[11.0],[267],0.0,11.0
0,q2,step_only,4,bootstrap_conditional,0.1580645412944756,"[29.009509792886902, 29.89542649103325, 34.42010653732065]","[12.857142857142858, 12.857142857142858, 12.857142857142858, 25.0]","[30, 38, 158, 41]",4,0.0,2,[34.42010653732065],"[12.857142857142858, 25.0]","[226, 41]",0.15355805243445692,14.721776350989835
0,q2,low_delay,4,bootstrap_conditional,0.170442157957133,"[28.938497648086297, 29.50395123401475, 30.102058579967398]","[12.857142857142858, 12.857142857142858, 12.857142857142858, 12.857142857142858]","[27, 26, 26, 188]",4,0.0,1,[],[12.857142857142858],[267],0.0,12.857142857142858
0,q2,medium_delay,4,bootstrap_conditional,0.1761627428922988,"[29.35954207201715, 30.456294565, 32.2768860333865]","[11.0, 11.0, 11.0, 11.0]","[45, 62, 68, 92]",4,0.0,1,[],[11.0],[267],0.0,11.0
0,q2,high_delay,4,bootstrap_conditional,0.1761627428922988,"[29.35954207201715, 30.456294565, 32.2768860333865]","[11.0, 11.0, 11.0, 11.0]","[45, 62, 68, 92]",4,0.0,1,[],[11.0],[267],0.0,11.0
0,q3_basic,step_only,4,bootstrap_conditional,0.1578478365294904,"[29.130029079670052, 30.63776876310955, 34.6456217064828]","[12.857142857142858, 12.857142857142858, 12.857142857142858, 25.0]","[32, 94, 108, 33]",4,0.0,2,[34.6456217064828],"[12.857142857142858, 25.0]","[234, 33]",0.12359550561797752,14.357945425361157
0,q3_basic,low_delay,4,bootstrap_conditional,0.1699769679211594,"[28.9759443680863, 30.483268680000002, 34.01253445026795]","[12.857142857142858, 12.857142857142858, 12.857142857142858, 12.857142857142858]","[29, 86, 105, 47]",4,0.0,1,[],[12.857142857142858],[267],0.0,12.857142857142858
0,q3_basic,medium_delay,4,bootstrap_conditional,0.1754789959720141,"[29.26591345677795, 30.406106735, 31.996085665000003]","[11.0, 11.0, 11.0, 11.0]","[41, 61, 63, 102]",4,0.0,1,[],[11.0],[267],0.0,11.0
0,q3_basic,high_delay,4,bootstrap_conditional,0.1754789959720141,"[29.26591345677795, 30.406106735, 31.996085665000003]","[11.0, 11.0, 11.0, 11.0]","[41, 61, 63, 102]",4,0.0,1,[],[11.0],[267],0.0,11.0
0,q2,step_only,4,bootstrap_conditional,0.1564286897542124,"[28.9759443680863, 30.47595403, 34.6456217064828]","[12.857142857142858, 12.857142857142858, 12.857142857142858, 25.0]","[29, 83, 122, 33]",4,0.5,2,[34.6456217064828],"[12.857142857142858, 25.0]","[234, 33]",0.12359550561797752,14.357945425361157
0,q2,low_delay,4,bootstrap_conditional,0.167756555758476,"[28.938497648086297, 29.50395123401475, 30.0856258249674]","[12.428571428571429, 12.857142857142858, 12.857142857142858, 12.857142857142858]","[27, 26, 25, 189]",4,0.5,2,[28.938497648086297],"[12.428571428571429, 12.857142857142858]","[27, 240]",0.0,12.813804173354734
0,q2,medium_delay,4,bootstrap_conditional,0.172128743356761,"[29.26591345677795, 29.92762346, 30.84344416]","[11.0, 11.0, 11.0, 11.0]","[41, 28, 63, 135]",4,0.5,1,[],[11.0],[267],0.0,11.0
0,q2,high_delay,4,bootstrap_conditional,0.172128743356761,"[29.26591345677795, 29.92762346, 30.84344416]","[11.0, 11.0, 11.0, 11.0]","[41, 28, 63, 135]",4,0.5,1,[],[11.0],[267],0.0,11.0
0,q3_basic,step_only,4,bootstrap_conditional,0.1565439162744438,"[29.130029079670052, 30.48501834, 34.6456217064828]","[12.857142857142858, 12.857142857142858, 12.857142857142858, 25.0]","[32, 86, 116, 33]",4,0.5,2,[34.6456217064828],"[12.857142857142858, 25.0]","[234, 33]",0.12359550561797752,14.357945425361157
0,q3_basic,low_delay,4,bootstrap_conditional,0.1676556325724147,"[29.20491842677795, 31.820637599999998, 34.178481535470354]","[11.857142857142858, 12.857142857142858, 12.857142857142858, 12.857142857142858]","[39, 122, 62, 44]",4,0.5,2,[29.20491842677795],"[11.857142857142858, 12.857142857142858]","[39, 228]",0.0,12.711075441412522
0,q3_basic,medium_delay,4,bootstrap_conditional,0.171818214768963,"[29.26591345677795, 29.815292053799652, 30.3529487489287]","[11.0, 11.0, 11.0, 11.0]","[41, 25, 35, 166]",4,0.5,1,[],[11.0],[267],0.0,11.0
0,q3_basic,high_delay,4,bootstrap_conditional,0.171818214768963,"[29.26591345677795, 29.815292053799652, 30.3529487489287]","[11.0, 11.0, 11.0, 11.0]","[41, 25, 35, 166]",4,0.5,1,[],[11.0],[267],0.0,11.0
0,q2,step_only,4,bootstrap_conditional,0.1526822749143917,"[28.938497648086297, 29.50395123401475, 30.0856258249674]","[12.857142857142858, 12.857142857142858, 12.857142857142858, 12.857142857142858]","[27, 26, 25, 189]",4,1.0,1,[],[12.857142857142858],[267],0.0,12.857142857142858
0,q2,low_delay,4,bootstrap_conditional,0.1615674172019604,"[29.26591345677795, 30.3017749204332, 30.60783565533905]","[11.0, 11.0, 12.0, 12.857142857142858]","[41, 59, 25, 142]",4,1.0,3,"[30.3017749204332, 30.60783565533905]","[11.0, 12.0, 12.857142857142858]","[100, 25, 142]",0.0,12.081326912787587
0,q2,medium_delay,4,bootstrap_conditional,0.1632724410442719,"[29.32178088201715, 30.48501834, 34.5435630114828]","[11.0, 11.0, 11.0, 11.0]","[44, 74, 114, 35]",4,1.0,1,[],[11.0],[267],0.0,11.0
0,q2,high_delay,4,bootstrap_conditional,0.1632724410442719,"[29.32178088201715, 30.48501834, 34.5435630114828]","[11.0, 11.0, 11.0, 11.0]","[44, 74, 114, 35]",4,1.0,1,[],[11.0],[267],0.0,11.0
0,q3_basic,step_only,4,bootstrap_conditional,0.1522625428164781,"[29.080808982556952, 31.3328724074796, 35.55795257478585]","[12.857142857142858, 12.857142857142858, 12.857142857142858, 12.857142857142858]","[31, 116, 95, 25]",4,1.0,1,[],[12.857142857142858],[267],0.0,12.857142857142858
0,q3_basic,low_delay,4,bootstrap_conditional,0.1609701284859363,"[30.0196636680224, 30.2646582128532, 30.84344416]","[11.0, 12.857142857142858, 11.142857142857142, 12.857142857142858]","[71, 25, 36, 135]",4,1.0,4,"[30.0196636680224, 30.2646582128532, 30.84344416]","[11.0, 12.857142857142858, 11.142857142857142, 12.857142857142858]","[71, 25, 36, 135]",0.0,12.13215623327983
0,q3_basic,medium_delay,4,bootstrap_conditional,0.1625037528752839,"[29.26591345677795, 30.483268680000002, 32.2768860333865]","[11.0, 11.0, 11.0, 11.0]","[41, 74, 60, 92]",4,1.0,1,[],[11.0],[267],0.0,11.0
0,q3_basic,high_delay,4,bootstrap_conditional,0.1625037528752839,"[29.26591345677795, 30.483268680000002, 32.2768860333865]","[11.0, 11.0, 11.0, 11.0]","[41, 74, 60, 92]",4,1.0,1,[],[11.0],[267],0.0,11.0
0,q2,step_only,4,bootstrap_conditional,0.1526730870832501,"[28.938497648086297, 29.50395123401475, 30.119401915]","[12.857142857142858, 12.857142857142858, 12.857142857142858, 12.857142857142858]","[27, 26, 30, 184]",4,1.5,1,[],[12.857142857142858],[267],0.0,12.857142857142858
0,q2,low_delay,4,bootstrap_conditional,0.1608234088551899,"[29.26591345677795, 30.47595403, 32.1885791644288]","[11.0, 11.0, 11.0, 12.857142857142858]","[41, 71, 62, 93]",4,1.5,2,[32.1885791644288],"[11.0, 12.857142857142858]","[174, 93]",0.0,11.646869983948635
0,q2,medium_delay,4,bootstrap_conditional,0.1615341917532103,"[29.26591345677795, 29.815292053799652, 31.235651975]","[11.0, 11.0, 11.0, 11.0]","[41, 25, 72, 129]",4,1.5,1,[],[11.0],[267],0.0,11.0
0,q2,high_delay,4,bootstrap_conditional,0.1615341917532103,"[29.26591345677795, 29.815292053799652, 31.235651975]","[11.0, 11.0, 11.0, 11.0]","[41, 25, 72, 129]",4,1.5,1,[],[11.0],[267],0.0,11.0
0,q3_basic,step_only,4,bootstrap_conditional,0.1520812279584831,"[28.938497648086297, 29.50395123401475, 30.0856258249674]","[12.857142857142858, 12.857142857142858, 12.857142857142858, 12.857142857142858]","[27, 26, 25, 189]",4,1.5,1,[],[12.857142857142858],[267],0.0,12.857142857142858
0,q3_basic,low_delay,4,bootstrap_conditional,0.15994854259365,"[31.743230699999998, 32.7032818769354, 33.6521916860684]","[11.0, 12.857142857142858, 11.428571428571429, 12.857142857142858]","[160, 28, 25, 54]",4,1.5,4,"[31.743230699999998, 32.7032818769354, 33.6521916860684]","[11.0, 12.857142857142858, 11.428571428571429, 12.857142857142858]","[160, 28, 25, 54]",0.0,11.610486891385769
0,q3_basic,medium_delay,4,bootstrap_conditional,0.1604730495493016,"[29.26591345677795, 29.975810298022402, 31.016566405]","[11.0, 11.0, 11.0, 11.0]","[41, 29, 63, 134]",4,1.5,1,[],[11.0],[267],0.0,11.0
0,q3_basic,high_delay,4,bootstrap_conditional,0.1604730495493016,"[29.26591345677795, 29.975810298022402, 31.016566405]","[11.0, 11.0, 11.0, 11.0]","[41, 29, 63, 134]",4,1.5,1,[],[11.0],[267],0.0,11.0
0,q2,step_only,4,bootstrap_conditional,0.1638155148767869,"[28.33249185, 29.15560064, 29.9478781980224]","[12.857142857142858, 12.857142857142858, 12.857142857142858, 25.0]","[27, 26, 35, 179]",5,0.0,2,[29.9478781980224],"[12.857142857142858, 25.0]","[88, 179]",0.6704119850187266,20.99785981808454
0,q2,low_delay,4,bootstrap_conditional,0.1919429335592222,"[28.33249185, 29.15560064, 35.971755044999995]","[12.857142857142858, 12.857142857142858, 12.857142857142858, 25.0]","[27, 26, 187, 27]",5,0.0,2,[35.971755044999995],"[12.857142857142858, 25.0]","[240, 27]",0.10112359550561797,14.085072231139646
0,q2,medium_delay,4,bootstrap_conditional,0.2112872112868628,"[28.995840137890752, 30.060693649999997, 30.63776876310955]","[11.0, 11.0, 11.0, 11.0]","[42, 53, 30, 142]",5,0.0,1,[],[11.0],[267],0.0,11.0
0,q2,high_delay,4,bootstrap_conditional,0.2112872112868628,"[28.995840137890752, 30.060693649999997, 30.63776876310955]","[11.0, 11.0, 11.0, 11.0]","[42, 53, 30, 142]",5,0.0,1,[],[11.0],[267],0.0,11.0
0,q3_basic,step_only,4,bootstrap_conditional,0.1642781288997486,"[28.33249185, 29.15560064, 30.098750285]","[12.857142857142858, 12.857142857142858, 12.857142857142858, 25.0]","[27, 26, 43, 171]",5,0.0,2,[30.098750285],"[12.857142857142858, 25.0]","[96, 171]",0.6404494382022472,20.634028892455856
0,q3_basic,low_delay,4,bootstrap_conditional,0.1925934245172632,"[28.33249185, 29.15560064, 35.614437525]","[12.857142857142858, 12.857142857142858, 12.857142857142858, 25.0]","[27, 26, 184, 30]",5,0.0,2,[35.614437525],"[12.857142857142858, 25.0]","[237, 30]",0.11235955056179775,14.221508828250402
0,q3_basic,medium_delay,4,bootstrap_conditional,0.2126869058097267,"[28.995840137890752, 30.119388739999998, 30.60783565533905]","[11.0, 11.0, 11.0, 11.0]","[42, 55, 27, 143]",5,0.0,1,[],[11.0],[267],0.0,11.0
0,q3_basic,high_delay,4,bootstrap_conditional,0.2126869058097267,"[28.995840137890752, 30.119388739999998, 30.60783565533905]","[11.0, 11.0, 11.0, 11.0]","[42, 55, 27, 143]",5,0.0,1,[],[11.0],[267],0.0,11.0
0,q2,step_only,4,bootstrap_conditional,0.1631545829778221,"[28.50632113, 29.415395388195698, 30.456294565]","[12.857142857142858, 25.0, 25.0, 25.0]","[32, 26, 53, 156]",5,0.5,2,[28.50632113],"[12.857142857142858, 25.0]","[32, 235]",0.8801498127340824,23.544676297485285
0,q2,low_delay,4,bootstrap_conditional,0.1999746587407386,"[28.33249185, 29.15560064, 34.6462914764828]","[12.857142857142858, 12.857142857142858, 12.857142857142858, 25.0]","[27, 26, 175, 39]",5,0.5,2,[34.6462914764828],"[12.857142857142858, 25.0]","[228, 39]",0.14606741573033707,14.630818619582666
0,q2,medium_delay,4,bootstrap_conditional,0.2245190987984262,"[28.9759443680863, 29.80803022604035, 36.379591695]","[11.0, 11.0, 11.0, 12.857142857142858]","[41, 41, 159, 26]",5,0.5,2,[36.379591695],"[11.0, 12.857142857142858]","[241, 26]",0.0,11.180845371856607
0,q2,high_delay,4,bootstrap_conditional,0.2247130879992409,"[28.9759443680863, 29.80803022604035, 30.68221255328655]","[11.0, 11.0, 11.0, 11.0]","[41, 41, 45, 140]",5,0.5,1,[],[11.0],[267],0.0,11.0
0,q3_basic,step_only,4,bootstrap_conditional,0.1635178063755309,"[28.376274255, 29.37922573701715, 30.0196636680224]","[24.857142857142858, 12.857142857142858, 25.0, 25.0]","[31, 25, 33, 178]",5,0.5,3,"[28.376274255, 29.37922573701715]","[24.857142857142858, 12.857142857142858, 25.0]","[31, 25, 211]",0.7902621722846442,23.846441947565545
0,q3_basic,low_delay,4,bootstrap_conditional,0.2003156839974233,"[28.33249185, 29.15560064, 34.6462914764828]","[12.857142857142858, 12.857142857142858, 12.857142857142858, 25.0]","[27, 26, 175, 39]",5,0.5,2,[34.6462914764828],"[12.857142857142858, 25.0]","[228, 39]",0.14606741573033707,14.630818619582666
0,q3_basic,medium_delay,4,bootstrap_conditional,0.2261841227124856,"[28.9759443680863, 29.80803022604035, 35.614437525]","[11.0, 11.0, 11.0, 12.857142857142858]","[41, 41, 155, 30]",5,0.5,2,[35.614437525],"[11.0, 12.857142857142858]","[237, 30]",0.0,11.208667736757624
0,q3_basic,high_delay,4,bootstrap_conditional,0.2264839659548854,"[29.02420649077765, 30.75052001013085, 32.7032818769354]","[11.0, 11.0, 11.0, 11.0]","[43, 87, 53, 84]",5,0.5,1,[],[11.0],[267],0.0,11.0
0,q2,step_only,4,bootstrap_conditional,0.1598271263871692,"[28.870021235, 30.132707290972853, 34.111694459999995]","[25.0, 25.0, 25.0, 25.0]","[38, 60, 119, 50]",5,1.0,1,[],[25.0],[267],1.0,25.0
0,q2,low_delay,4,bootstrap_conditional,0.2111453172053958,"[28.33249185, 29.716817785, 32.472161990000004]","[12.857142857142858, 12.857142857142858, 12.857142857142858, 25.0]","[27, 47, 102, 91]",5,1.0,2,[32.472161990000004],"[12.857142857142858, 25.0]","[176, 91]",0.3408239700374532,16.995719636169074
0,q2,medium_delay,4,bootstrap_conditional,0.2470895943818725,"[31.5818103399317, 32.41381647855615, 33.35885589395795]","[11.0, 11.714285714285714, 12.571428571428571, 12.857142857142858]","[149, 25, 25, 68]",5,1.0,4,"[31.5818103399317, 32.41381647855615, 33.35885589395795]","[11.0, 11.714285714285714, 12.571428571428571, 12.857142857142858]","[149, 25, 25, 68]",0.0,11.686998394863563
0,q2,high_delay,4,bootstrap_conditional,0.2485944594535576,"[28.9759443680863, 29.80803022604035, 30.483268680000002]","[11.0, 11.0, 11.0, 11.0]","[41, 41, 32, 153]",5,1.0,1,[],[11.0],[267],0.0,11.0
0,q3_basic,step_only,4,bootstrap_conditional,0.1595870298329625,"[28.9759443680863, 31.900383252459548, 34.24950479]","[25.0, 25.0, 25.0, 25.0]","[41, 113, 64, 49]",5,1.0,1,[],[25.0],[267],1.0,25.0
0,q3_basic,low_delay,4,bootstrap_conditional,0.2111750067940559,"[28.870021235, 30.65373823440025, 32.1885791644288]","[12.857142857142858, 12.857142857142858, 12.857142857142858, 25.0]","[38, 88, 40, 101]",5,1.0,2,[32.1885791644288],"[12.857142857142858, 25.0]","[166, 101]",0.3782771535580524,17.45050829320492
0,q3_basic,medium_delay,4,bootstrap_conditional,0.2490686530895512,"[28.9759443680863, 32.1885791644288, 33.39248082804695]","[11.0, 11.0, 12.571428571428571, 12.857142857142858]","[41, 125, 35, 66]",5,1.0,3,"[32.1885791644288, 33.39248082804695]","[11.0, 12.571428571428571, 12.857142857142858]","[166, 35, 66]",0.0,11.66506153023007
0,q3_basic,high_delay,4,bootstrap_conditional,0.2508990927703633,"[28.9759443680863, 29.80803022604035, 30.63776876310955]","[11.0, 11.0, 11.0, 11.0]","[41, 41, 43, 142]",5,1.0,1,[],[11.0],[267],0.0,11.0
0,q2,step_only,4,bootstrap_conditional,0.1664397449322834,"[28.33249185, 29.15560064, 29.9478781980224]","[12.857142857142858, 25.0, 25.0, 25.0]","[27, 26, 35, 179]",5,1.5,2,[28.33249185],"[12.857142857142858, 25.0]","[27, 240]",0.898876404494382,23.77207062600321
0,q2,low_delay,4,bootstrap_conditional,0.2105596465561933,"[28.813373329999997, 29.858344816033252, 33.6163850333305]","[12.857142857142858, 12.857142857142858, 12.857142857142858, 25.0]","[37, 48, 122, 60]",5,1.5,2,[33.6163850333305],"[12.857142857142858, 25.0]","[207, 60]",0.2247191011235955,15.585874799357946
0,q2,medium_delay,4,bootstrap_conditional,0.2396212799349974,"[28.9759443680863, 33.71727917055455, 35.1443427240727]","[11.0, 11.0, 11.428571428571429, 12.857142857142858]","[41, 167, 25, 34]",5,1.5,3,"[33.71727917055455, 35.1443427240727]","[11.0, 11.428571428571429, 12.857142857142858]","[208, 25, 34]",0.0,11.27661851257357
0,q2,high_delay,4,bootstrap_conditional,0.2400736376228263,"[28.9759443680863, 29.80803022604035, 30.483268680000002]","[11.0, 11.0, 11.0, 11.0]","[41, 41, 32, 153]",5,1.5,1,[],[11.0],[267],0.0,11.0
0,q3_basic,step_only,4,bootstrap_conditional,0.1664316471232312,"[28.938497648086297, 30.098750285, 33.7914881176594]","[25.0, 25.0, 25.0, 25.0]","[39, 57, 114, 57]",5,1.5,1,[],[25.0],[267],1.0,25.0
0,q3_basic,low_delay,4,bootstrap_conditional,0.2107759463160391,"[28.33249185, 29.15560064, 33.71727917055455]","[12.857142857142858, 12.857142857142858, 12.857142857142858, 25.0]","[27, 26, 155, 59]",5,1.5,2,[33.71727917055455],"[12.857142857142858, 25.0]","[208, 59]",0.2209737827715356,15.54039593365436
0,q3_basic,medium_delay,4,bootstrap_conditional,0.2414022419848678,"[29.32178088201715, 33.411452741852145, 34.6462914764828]","[11.0, 11.0, 11.714285714285714, 12.857142857142858]","[55, 148, 25, 39]",5,1.5,3,"[33.411452741852145, 34.6462914764828]","[11.0, 11.714285714285714, 12.857142857142858]","[203, 25, 39]",0.0,11.338148742643124
0,q3_basic,high_delay,4,bootstrap_conditional,0.2420285523701511,"[28.9759443680863, 29.80803022604035, 30.483268680000002]","[11.0, 11.0, 11.0, 11.0]","[41, 41, 32, 153]",5,1.5,1,[],[11.0],[267],0.0,11.0
0,q2,step_only,4,bootstrap_conditional,0.1330948650476502,"[29.0780592777865, 29.756464415, 30.70173971]","[25.0, 25.0, 25.0, 25.0]","[27, 35, 46, 159]",6,0.0,1,[],[25.0],[267],1.0,25.0
0,q2,low_delay,4,bootstrap_conditional,0.2014245712782721,"[29.0518100428869, 29.7859335372407, 31.373618482277948]","[12.857142857142858, 12.857142857142858, 25.0, 25.0]","[26, 39, 67, 135]",6,0.0,2,[29.7859335372407],"[12.857142857142858, 25.0]","[65, 202]",0.7565543071161048,22.04387372926699
0,q2,medium_delay,4,bootstrap_conditional,0.2513005248332438,"[29.0518100428869, 29.7458871954643, 30.119401915]","[12.857142857142858, 12.857142857142858, 12.857142857142858, 12.857142857142858]","[26, 26, 25, 190]",6,0.0,1,[],[12.857142857142858],[267],0.0,12.857142857142858
0,q2,high_delay,4,bootstrap_conditional,0.264297926004422,"[29.172108809999997, 30.3483792711496, 31.2908888938616]","[11.0, 11.0, 11.0, 11.0]","[36, 48, 45, 138]",6,0.0,1,[],[11.0],[267],0.0,11.0
0,q3_basic,step_only,4,bootstrap_conditional,0.1332284707862556,"[29.0780592777865, 29.756464415, 30.70173971]","[25.0, 25.0, 25.0, 25.0]","[27, 35, 46, 159]",6,0.0,1,[],[25.0],[267],1.0,25.0
0,q3_basic,low_delay,4,bootstrap_conditional,0.200205542331415,"[29.35954207201715, 30.163447343292603, 31.145124715]","[12.857142857142858, 25.0, 12.857142857142858, 25.0]","[41, 40, 40, 146]",6,0.0,4,"[29.35954207201715, 30.163447343292603, 31.145124715]","[12.857142857142858, 25.0, 12.857142857142858, 25.0]","[41, 40, 40, 146]",0.6966292134831461,21.316211878009632
0,q3_basic,medium_delay,4,bootstrap_conditional,0.2507999475503862,"[29.0518100428869, 29.7458871954643, 30.119401915]","[12.857142857142858, 12.857142857142858, 12.857142857142858, 12.857142857142858]","[26, 26, 25, 190]",6,0.0,1,[],[12.857142857142858],[267],0.0,12.857142857142858
0,q3_basic,high_delay,4,bootstrap_conditional,0.2635509667053876,"[29.172108809999997, 30.3483792711496, 31.2908888938616]","[11.0, 11.0, 11.0, 11.0]","[36, 48, 45, 138]",6,0.0,1,[],[11.0],[267],0.0,11.0
0,q2,step_only,4,bootstrap_conditional,0.1318563426120294,"[29.152824510000002, 30.4768398, 32.55993621748835]","[25.0, 25.0, 25.0, 25.0]","[33, 68, 77, 89]",6,0.5,1,[],[25.0],[267],1.0,25.0
0,q2,low_delay,4,bootstrap_conditional,0.2008980083129919,"[29.401891363195702, 30.406106735, 32.3549828705588]","[12.857142857142858, 25.0, 25.0, 25.0]","[46, 40, 78, 103]",6,0.5,2,[29.401891363195702],"[12.857142857142858, 25.0]","[46, 221]",0.8277153558052435,22.9079721776351
0,q2,medium_delay,4,bootstrap_conditional,0.2518018632960966,"[29.10705821745655, 29.7859335372407, 30.435518495]","[12.857142857142858, 12.857142857142858, 12.857142857142858, 12.857142857142858]","[28, 37, 25, 177]",6,0.5,1,[],[12.857142857142858],[267],0.0,12.857142857142858
0,q2,high_delay,4,bootstrap_conditional,0.265746624924712,"[29.172108809999997, 30.3483792711496, 31.2908888938616]","[11.0, 11.0, 11.0, 11.0]","[36, 48, 45, 138]",6,0.5,1,[],[11.0],[267],0.0,11.0
0,q3_basic,step_only,4,bootstrap_conditional,0.1320573414041435,"[29.0780592777865, 29.756464415, 30.70173971]","[25.0, 25.0, 25.0, 25.0]","[27, 35, 46, 159]",6,0.5,1,[],[25.0],[267],1.0,25.0
0,q3_basic,low_delay,4,bootstrap_conditional,0.1997806842444132,"[29.35954207201715, 30.435518495, 31.145124715]","[12.857142857142858, 25.0, 12.857142857142858, 25.0]","[41, 49, 31, 146]",6,0.5,4,"[29.35954207201715, 30.435518495, 31.145124715]","[12.857142857142858, 25.0, 12.857142857142858, 25.0]","[41, 49, 31, 146]",0.7303370786516854,21.725521669341894
0,q3_basic,medium_delay,4,bootstrap_conditional,0.2510194077017924,"[29.0780592777865, 29.760862715000002, 30.46963577]","[12.857142857142858, 12.857142857142858, 12.857142857142858, 12.857142857142858]","[27, 36, 37, 167]",6,0.5,1,[],[12.857142857142858],[267],0.0,12.857142857142858
0,q3_basic,high_delay,4,bootstrap_conditional,0.2645644767505606,"[29.172108809999997, 30.3483792711496, 31.2908888938616]","[11.0, 11.0, 11.0, 11.0]","[36, 48, 45, 138]",6,0.5,1,[],[11.0],[267],0.0,11.0
0,q2,step_only,4,bootstrap_conditional,0.1330542210761069,"[29.130029079670052, 30.4768398, 32.423729663906755]","[25.0, 25.0, 25.0, 25.0]","[30, 71, 73, 93]",6,1.0,1,[],[25.0],[267],1.0,25.0
0,q2,low_delay,4,bootstrap_conditional,0.2024014128586161,"[29.23587997, 30.13270729597285, 31.66284253]","[12.857142857142858, 25.0, 25.0, 25.0]","[37, 41, 62, 127]",6,1.0,2,[29.23587997],"[12.857142857142858, 25.0]","[37, 230]",0.8614232209737828,23.31728196896736
0,q2,medium_delay,4,bootstrap_conditional,0.2509330412596572,"[29.0518100428869, 29.7458871954643, 30.119401915]","[12.857142857142858, 12.857142857142858, 12.857142857142858, 12.857142857142858]","[26, 26, 25, 190]",6,1.0,1,[],[12.857142857142858],[267],0.0,12.857142857142858
0,q2,high_delay,4,bootstrap_conditional,0.2639334478976611,"[29.37857702, 30.70173971, 31.6993715345789]","[11.0, 11.0, 11.0, 11.0]","[42, 66, 33, 126]",6,1.0,1,[],[11.0],[267],0.0,11.0
0,q3_basic,step_only,4,bootstrap_conditional,0.1332227859747371,"[29.652620804999998, 30.84344416, 32.54021816248835]","[25.0, 25.0, 25.0, 25.0]","[49, 65, 63, 90]",6,1.0,1,[],[25.0],[267],1.0,25.0
0,q3_basic,low_delay,4,bootstrap_conditional,0.2014684304804248,"[29.0518100428869, 30.435518495, 31.145124715]","[12.857142857142858, 25.0, 12.857142857142858, 25.0]","[26, 64, 31, 146]",6,1.0,4,"[29.0518100428869, 30.435518495, 31.145124715]","[12.857142857142858, 25.0, 12.857142857142858, 25.0]","[26, 64, 31, 146]",0.7865168539325843,22.407704654895667
0,q3_basic,medium_delay,4,bootstrap_conditional,0.2501769642376397,"[29.0518100428869, 29.7458871954643, 30.119401915]","[12.857142857142858, 12.857142857142858, 12.857142857142858, 12.857142857142858]","[26, 26, 25, 190]",6,1.0,1,[],[12.857142857142858],[267],0.0,12.857142857142858
0,q3_basic,high_delay,4,bootstrap_conditional,0.2628165217015997,"[29.172108809999997, 30.3483792711496, 31.2908888938616]","[11.0, 11.0, 11.0, 11.0]","[36, 48, 45, 138]",6,1.0,1,[],[11.0],[267],0.0,11.0
0,q2,step_only,4,bootstrap_conditional,0.1379140706750233,"[29.0780592777865, 29.756464415, 30.70173971]","[25.0, 25.0, 25.0, 25.0]","[27, 35, 46, 159]",6,1.5,1,[],[25.0],[267],1.0,25.0
0,q2,low_delay,4,bootstrap_conditional,0.2070132631521142,"[29.531086350000002, 30.406106735, 31.6993715345789]","[12.857142857142858, 25.0, 25.0, 25.0]","[48, 38, 55, 126]",6,1.5,2,[29.531086350000002],"[12.857142857142858, 25.0]","[48, 219]",0.8202247191011236,22.81701444622793
0,q2,medium_delay,4,bootstrap_conditional,0.2541201019086829,"[29.0518100428869, 29.7458871954643, 31.21939287]","[12.857142857142858, 12.857142857142858, 12.857142857142858, 12.857142857142858]","[26, 26, 71, 144]",6,1.5,1,[],[12.857142857142858],[267],0.0,12.857142857142858
0,q2,high_delay,4,bootstrap_conditional,0.2650430119500262,"[29.172108809999997, 30.483268680000002, 31.5998670897147]","[11.0, 11.0, 11.0, 11.0]","[36, 67, 35, 129]",6,1.5,1,[],[11.0],[267],0.0,11.0
0,q3_basic,step_only,4,bootstrap_conditional,0.1380927571402911,"[29.152824510000002, 30.456294565, 32.55993621748835]","[25.0, 25.0, 25.0, 25.0]","[33, 66, 79, 89]",6,1.5,1,[],[25.0],[267],1.0,25.0
0,q3_basic,low_delay,4,bootstrap_conditional,0.2060368522391512,"[29.35954207201715, 30.435518495, 31.145124715]","[12.857142857142858, 25.0, 12.857142857142858, 25.0]","[41, 49, 31, 146]",6,1.5,4,"[29.35954207201715, 30.435518495, 31.145124715]","[12.857142857142858, 25.0, 12.857142857142858, 25.0]","[41, 49, 31, 146]",0.7303370786516854,21.725521669341894
0,q3_basic,medium_delay,4,bootstrap_conditional,0.2533505222288746,"[29.4326964231957, 31.0253201733632, 31.6993715345789]","[12.857142857142858, 12.857142857142858, 12.857142857142858, 12.857142857142858]","[47, 69, 25, 126]",6,1.5,1,[],[12.857142857142858],[267],0.0,12.857142857142858
0,q3_basic,high_delay,4,bootstrap_conditional,0.2639186997047346,"[29.172108809999997, 30.3483792711496, 31.2908888938616]","[11.0, 11.0, 11.0, 11.0]","[36, 48, 45, 138]",6,1.5,1,[],[11.0],[267],0.0,11.0
0,q2,step_only,4,bootstrap_conditional,0.1691206972186118,"[29.050455725677253, 30.11780753, 32.2768860333865]","[25.0, 25.0, 25.0, 25.0]","[42, 53, 77, 95]",7,0.0,1,[],[25.0],[267],1.0,25.0
0,q2,low_delay,4,bootstrap_conditional,0.2225572973928884,"[28.376274255, 29.20491842677795, 32.76497852]","[12.857142857142858, 12.857142857142858, 12.857142857142858, 25.0]","[28, 25, 137, 77]",7,0.0,2,[32.76497852],"[12.857142857142858, 25.0]","[190, 77]",0.2883895131086142,16.359015516318888
0,q2,medium_delay,4,bootstrap_conditional,0.2528871916293629,"[28.65945323, 33.307927785000004, 34.4547953514828]","[11.0, 11.0, 11.571428571428571, 12.857142857142858]","[34, 170, 25, 38]",7,0.0,3,"[33.307927785000004, 34.4547953514828]","[11.0, 11.571428571428571, 12.857142857142858]","[204, 25, 38]",0.0,11.317817014446227
0,q2,high_delay,4,bootstrap_conditional,0.2533348903892291,"[28.73530863, 29.815292053799652, 30.6746588676868]","[11.0, 11.0, 11.0, 11.0]","[35, 42, 50, 140]",7,0.0,1,[],[11.0],[267],0.0,11.0
0,q3_basic,step_only,4,bootstrap_conditional,0.169450485324368,"[28.938497648086297, 29.815292053799652, 32.76497852]","[25.0, 25.0, 25.0, 25.0]","[39, 38, 113, 77]",7,0.0,1,[],[25.0],[267],1.0,25.0
0,q3_basic,low_delay,4,bootstrap_conditional,0.2223751230965185,"[29.20491842677795, 30.761083097004153, 33.35885589395795]","[12.857142857142858, 12.857142857142858, 12.857142857142858, 25.0]","[53, 78, 79, 57]",7,0.0,2,[33.35885589395795],"[12.857142857142858, 25.0]","[210, 57]",0.21348314606741572,15.44943820224719
0,q3_basic,medium_delay,4,bootstrap_conditional,0.2533361746419328,"[28.65945323, 33.35885589395795, 35.41665096172605]","[11.0, 11.0, 12.571428571428571, 12.857142857142858]","[34, 176, 25, 32]",7,0.0,3,"[33.35885589395795, 35.41665096172605]","[11.0, 12.571428571428571, 12.857142857142858]","[210, 25, 32]",0.0,11.369716425896202
0,q3_basic,high_delay,4,bootstrap_conditional,0.2538732581171954,"[28.65945323, 29.55072956140705, 30.060693649999997]","[11.0, 11.0, 11.0, 11.0]","[34, 29, 26, 178]",7,0.0,1,[],[11.0],[267],0.0,11.0
0,q2,step_only,4,bootstrap_conditional,0.1668584440390208,"[29.10705821745655, 30.267515586117298, 33.307927785000004]","[25.0, 25.0, 25.0, 25.0]","[43, 59, 102, 63]",7,0.5,1,[],[25.0],[267],1.0,25.0
0,q2,low_delay,4,bootstrap_conditional,0.2177120364829523,"[28.73530863, 30.75052001013085, 33.24811706996741]","[12.857142857142858, 12.857142857142858, 12.857142857142858, 25.0]","[35, 94, 73, 65]",7,0.5,2,[33.24811706996741],"[12.857142857142858, 25.0]","[202, 65]",0.24344569288389514,15.813269127875868
0,q2,medium_delay,4,bootstrap_conditional,0.2465461431389472,"[29.10705821745655, 33.332582615, 34.7490199464828]","[11.0, 11.0, 11.285714285714286, 12.857142857142858]","[43, 162, 25, 37]",7,0.5,3,"[33.332582615, 34.7490199464828]","[11.0, 11.285714285714286, 12.857142857142858]","[205, 25, 37]",0.0,11.28410914927769
0,q2,high_delay,4,bootstrap_conditional,0.246918742761615,"[28.65945323, 29.55072956140705, 30.060693649999997]","[11.0, 11.0, 11.0, 11.0]","[34, 29, 26, 178]",7,0.5,1,[],[11.0],[267],0.0,11.0
0,q3_basic,step_only,4,bootstrap_conditional,0.1670298552684656,"[28.9759443680863, 31.30462428941985, 33.332582615]","[25.0, 25.0, 25.0, 25.0]","[40, 107, 58, 62]",7,0.5,1,[],[25.0],[267],1.0,25.0
0,q3_basic,low_delay,4,bootstrap_conditional,0.2177696999327302,"[28.376274255, 29.20491842677795, 33.35885589395795]","[12.857142857142858, 12.857142857142858, 12.857142857142858, 25.0]","[28, 25, 157, 57]",7,0.5,2,[33.35885589395795],"[12.857142857142858, 25.0]","[210, 57]",0.21348314606741572,15.44943820224719
0,q3_basic,medium_delay,4,bootstrap_conditional,0.2470336682703191,"[28.65945323, 33.35885589395795, 35.41665096172605]","[11.0, 11.0, 11.714285714285714, 12.857142857142858]","[34, 176, 25, 32]",7,0.5,3,"[33.35885589395795, 35.41665096172605]","[11.0, 11.714285714285714, 12.857142857142858]","[210, 25, 32]",0.0,11.289459604066346
0,q3_basic,high_delay,4,bootstrap_conditional,0.247449494537204,"[28.65945323, 29.55072956140705, 30.060693649999997]","[11.0, 11.0, 11.0, 11.0]","[34, 29, 26, 178]",7,0.5,1,[],[11.0],[267],0.0,11.0
0,q2,step_only,4,bootstrap_conditional,0.1699000894078623,"[28.938497648086297, 30.102058579967398, 32.0931884444288]","[25.0, 25.0, 25.0, 25.0]","[39, 54, 75, 99]",7,1.0,1,[],[25.0],[267],1.0,25.0
0,q2,low_delay,4,bootstrap_conditional,0.2172208251236062,"[28.376274255, 29.26591345677795, 33.92505103026795]","[12.857142857142858, 12.857142857142858, 12.857142857142858, 25.0]","[28, 26, 166, 47]",7,1.0,2,[33.92505103026795],"[12.857142857142858, 25.0]","[220, 47]",0.1760299625468165,14.994649545211344
0,q2,medium_delay,4,bootstrap_conditional,0.2431151483917266,"[28.65945323, 29.629245695, 36.09730783]","[11.0, 11.0, 11.0, 12.857142857142858]","[34, 30, 178, 25]",7,1.0,2,[36.09730783],"[11.0, 12.857142857142858]","[242, 25]",0.0,11.173889780631354
0,q2,high_delay,4,bootstrap_conditional,0.2432559455598574,"[28.65945323, 29.55072956140705, 30.060693649999997]","[11.0, 11.0, 11.0, 11.0]","[34, 29, 26, 178]",7,1.0,1,[],[11.0],[267],0.0,11.0
0,q3_basic,step_only,4,bootstrap_conditional,0.1700510438923614,"[29.130029079670052, 30.3017749204332, 33.6163850333305]","[25.0, 25.0, 25.0, 25.0]","[45, 58, 111, 53]",7,1.0,1,[],[25.0],[267],1.0,25.0
0,q3_basic,low_delay,4,bootstrap_conditional,0.2171253046730485,"[28.376274255, 29.46600999140705, 33.6163850333305]","[12.857142857142858, 12.857142857142858, 12.857142857142858, 25.0]","[28, 34, 152, 53]",7,1.0,2,[33.6163850333305],"[12.857142857142858, 25.0]","[214, 53]",0.19850187265917604,15.267522739432852
0,q3_basic,medium_delay,4,bootstrap_conditional,0.2434045312492452,"[29.130029079670052, 32.76497852, 35.65718455]","[11.0, 11.0, 11.0, 12.857142857142858]","[45, 145, 49, 28]",7,1.0,2,[35.65718455],"[11.0, 12.857142857142858]","[239, 28]",0.0,11.194756554307116
0,q3_basic,high_delay,4,bootstrap_conditional,0.2435545668231316,"[28.65945323, 29.55072956140705, 30.060693649999997]","[11.0, 11.0, 11.0, 11.0]","[34, 29, 26, 178]",7,1.0,1,[],[11.0],[267],0.0,11.0
0,q2,step_only,4,bootstrap_conditional,0.1701400535376012,"[28.938497648086297, 30.102058579967398, 32.04871425]","[25.0, 25.0, 25.0, 25.0]","[39, 54, 74, 100]",7,1.5,1,[],[25.0],[267],1.0,25.0
0,q2,low_delay,4,bootstrap_conditional,0.2082868602677027,"[28.376274255, 29.20491842677795, 35.41665096172605]","[12.857142857142858, 12.857142857142858, 12.857142857142858, 25.0]","[28, 25, 182, 32]",7,1.5,2,[35.41665096172605],"[12.857142857142858, 25.0]","[235, 32]",0.1198501872659176,14.31246655965757
0,q2,medium_delay,4,bootstrap_conditional,0.2299825978876044,"[28.65945323, 29.55072956140705, 30.060693649999997]","[11.0, 11.0, 11.0, 11.0]","[34, 29, 26, 178]",7,1.5,1,[],[11.0],[267],0.0,11.0
0,q2,high_delay,4,bootstrap_conditional,0.2299825978876044,"[28.65945323, 29.55072956140705, 30.060693649999997]","[11.0, 11.0, 11.0, 11.0]","[34, 29, 26, 178]",7,1.5,1,[],[11.0],[267],0.0,11.0
0,q3_basic,step_only,4,bootstrap_conditional,0.1703212022448707,"[29.050455725677253, 30.11360183, 32.04871425]","[25.0, 25.0, 25.0, 25.0]","[42, 52, 73, 100]",7,1.5,1,[],[25.0],[267],1.0,25.0
0,q3_basic,low_delay,4,bootstrap_conditional,0.2083790850908355,"[28.376274255, 29.20491842677795, 35.2208681140727]","[12.857142857142858, 12.857142857142858, 12.857142857142858, 25.0]","[28, 25, 181, 33]",7,1.5,2,[35.2208681140727],"[12.857142857142858, 25.0]","[234, 33]",0.12359550561797752,14.357945425361157
0,q3_basic,medium_delay,4,bootstrap_conditional,0.2302497534557801,"[28.813373329999997, 29.858344816033252, 30.75052001013085]","[11.0, 11.0, 11.0, 11.0]","[36, 44, 49, 138]",7,1.5,1,[],[11.0],[267],0.0,11.0
0,q3_basic,high_delay,4,bootstrap_conditional,0.2302497534557801,"[28.813373329999997, 29.858344816033252, 30.75052001013085]","[11.0, 11.0, 11.0, 11.0]","[36, 44, 49, 138]",7,1.5,1,[],[11.0],[267],0.0,11.0
0,q2,step_only,4,bootstrap_conditional,0.1537730494046571,"[29.334636189999998, 32.090620644428796, 33.80869648270895]","[25.0, 25.0, 25.0, 25.0]","[46, 106, 58, 57]",8,0.0,1,[],[25.0],[267],1.0,25.0
0,q2,low_delay,4,bootstrap_conditional,0.2111733237783011,"[28.995840137890752, 30.622393963731597, 32.18924892207405]","[12.857142857142858, 12.857142857142858, 12.857142857142858, 12.857142857142858]","[27, 81, 47, 112]",8,0.0,1,[],[12.857142857142858],[267],0.0,12.857142857142858
0,q2,medium_delay,4,bootstrap_conditional,0.2370884589163934,"[29.09474287967005, 32.642336522060546, 34.50058217922245]","[11.0, 11.0, 11.0, 11.142857142857142]","[33, 137, 55, 42]",8,0.0,2,[34.50058217922245],"[11.0, 11.142857142857142]","[225, 42]",0.0,11.02247191011236
0,q2,high_delay,4,bootstrap_conditional,0.2370903634340967,"[29.152824510000002, 30.65373823440025, 31.65839805197855]","[11.0, 11.0, 11.0, 11.0]","[40, 70, 28, 129]",8,0.0,1,[],[11.0],[267],0.0,11.0
0,q3_basic,step_only,4,bootstrap_conditional,0.1538934885634191,"[29.629245695, 32.41381647855615, 34.056319955]","[25.0, 25.0, 25.0, 25.0]","[58, 102, 58, 49]",8,0.0,1,[],[25.0],[267],1.0,25.0
0,q3_basic,low_delay,4,bootstrap_conditional,0.2107944891289338,"[31.4807653089329, 32.3668140755951, 35.2208681140727]","[12.857142857142858, 24.428571428571427, 12.857142857142858, 25.0]","[131, 27, 78, 31]",8,0.0,4,"[31.4807653089329, 32.3668140755951, 35.2208681140727]","[12.857142857142858, 24.428571428571427, 12.857142857142858, 25.0]","[131, 27, 78, 31]",0.11610486891385768,15.437132156233282
0,q3_basic,medium_delay,4,bootstrap_conditional,0.2373540595890559,"[31.4807653089329, 32.3668140755951, 35.2208681140727]","[11.0, 12.571428571428571, 11.0, 12.142857142857142]","[131, 27, 78, 31]",8,0.0,4,"[31.4807653089329, 32.3668140755951, 35.2208681140727]","[11.0, 12.571428571428571, 11.0, 12.142857142857142]","[131, 27, 78, 31]",0.0,11.29159978598181
0,q3_basic,high_delay,4,bootstrap_conditional,0.2375217136867042,"[29.02116332289075, 29.66606058, 30.456294565]","[11.0, 11.0, 11.0, 11.0]","[30, 29, 37, 171]",8,0.0,1,[],[11.0],[267],0.0,11.0
0,q2,step_only,4,bootstrap_conditional,0.1577310072549248,"[29.334636189999998, 30.47695042, 33.85248154497105]","[25.0, 25.0, 25.0, 25.0]","[46, 55, 110, 56]",8,0.5,1,[],[25.0],[267],1.0,25.0
0,q2,low_delay,4,bootstrap_conditional,0.2114054039119312,"[29.02116332289075, 30.75052001013085, 32.18924892207405]","[12.857142857142858, 12.857142857142858, 12.857142857142858, 12.857142857142858]","[30, 83, 42, 112]",8,0.5,1,[],[12.857142857142858],[267],0.0,12.857142857142858
0,q2,medium_delay,4,bootstrap_conditional,0.2356763747436858,"[29.334636189999998, 30.90865332054825, 31.7686576929447]","[11.0, 11.0, 11.0, 11.0]","[46, 71, 25, 125]",8,0.5,1,[],[11.0],[267],0.0,11.0
0,q2,high_delay,4,bootstrap_conditional,0.2356763747436858,"[29.334636189999998, 30.90865332054825, 31.7686576929447]","[11.0, 11.0, 11.0, 11.0]","[46, 71, 25, 125]",8,0.5,1,[],[11.0],[267],0.0,11.0
0,q3_basic,step_only,4,bootstrap_conditional,0.157816442488023,"[29.172108809999997, 30.11360183, 33.080608131774056]","[25.0, 25.0, 25.0, 25.0]","[41, 40, 100, 86]",8,0.5,1,[],[25.0],[267],1.0,25.0
0,q3_basic,low_delay,4,bootstrap_conditional,0.2114504222593125,"[28.94369672, 31.4807653089329, 32.3668140755951]","[12.857142857142858, 12.857142857142858, 24.428571428571427, 12.857142857142858]","[25, 106, 27, 109]",8,0.5,3,"[31.4807653089329, 32.3668140755951]","[12.857142857142858, 24.428571428571427, 12.857142857142858]","[131, 27, 109]",0.0,14.027287319422152
0,q3_basic,medium_delay,4,bootstrap_conditional,0.2358416126424945,"[29.172108809999997, 31.4807653089329, 32.3668140755951]","[11.0, 11.0, 11.571428571428571, 11.0]","[41, 90, 27, 109]",8,0.5,3,"[31.4807653089329, 32.3668140755951]","[11.0, 11.571428571428571, 11.0]","[131, 27, 109]",0.0,11.057784911717496
0,q3_basic,high_delay,4,bootstrap_conditional,0.235843038065226,"[29.02116332289075, 29.92335859103325, 31.3328724074796]","[11.0, 11.0, 11.0, 11.0]","[30, 40, 57, 140]",8,0.5,1,[],[11.0],[267],0.0,11.0
0,q2,step_only,4,bootstrap_conditional,0.1610852413832431,"[29.23587997, 30.47695042, 32.38715388355615]","[25.0, 25.0, 25.0, 25.0]","[44, 57, 58, 108]",8,1.0,1,[],[25.0],[267],1.0,25.0
0,q2,low_delay,4,bootstrap_conditional,0.2180502889840979,"[29.02116332289075, 30.75052001013085, 32.3668140755951]","[12.857142857142858, 12.857142857142858, 12.857142857142858, 12.857142857142858]","[30, 83, 45, 109]",8,1.0,1,[],[12.857142857142858],[267],0.0,12.857142857142858
0,q2,medium_delay,4,bootstrap_conditional,0.2427279757809279,"[29.02116332289075, 29.66606058, 30.406106735]","[11.0, 11.0, 11.0, 11.0]","[30, 29, 35, 173]",8,1.0,1,[],[11.0],[267],0.0,11.0
0,q2,high_delay,4,bootstrap_conditional,0.2427279757809279,"[29.02116332289075, 29.66606058, 30.406106735]","[11.0, 11.0, 11.0, 11.0]","[30, 29, 35, 173]",8,1.0,1,[],[11.0],[267],0.0,11.0
0,q3_basic,step_only,4,bootstrap_conditional,0.1614346375911922,"[29.172108809999997, 30.406106735, 32.090620644428796]","[25.0, 25.0, 25.0, 25.0]","[41, 53, 58, 115]",8,1.0,1,[],[25.0],[267],1.0,25.0
0,q3_basic,low_delay,4,bootstrap_conditional,0.2173579964576904,"[31.4807653089329, 32.3668140755951, 35.2208681140727]","[12.857142857142858, 24.428571428571427, 12.857142857142858, 25.0]","[131, 27, 78, 31]",8,1.0,4,"[31.4807653089329, 32.3668140755951, 35.2208681140727]","[12.857142857142858, 24.428571428571427, 12.857142857142858, 25.0]","[131, 27, 78, 31]",0.11610486891385768,15.437132156233282
0,q3_basic,medium_delay,4,bootstrap_conditional,0.2427566704979563,"[31.4807653089329, 32.3668140755951, 35.2208681140727]","[11.0, 11.571428571428571, 11.0, 11.571428571428571]","[131, 27, 78, 31]",8,1.0,4,"[31.4807653089329, 32.3668140755951, 35.2208681140727]","[11.0, 11.571428571428571, 11.0, 11.571428571428571]","[131, 27, 78, 31]",0.0,11.124130551096844
0,q3_basic,high_delay,4,bootstrap_conditional,0.2427758204758583,"[29.02116332289075, 29.66606058, 30.406106735]","[11.0, 11.0, 11.0, 11.0]","[30, 29, 35, 173]",8,1.0,1,[],[11.0],[267],0.0,11.0
0,q2,step_only,4,bootstrap_conditional,0.1821024441329523,"[28.94369672, 29.7185051004643, 33.1117307459062]","[12.857142857142858, 25.0, 25.0, 25.0]","[25, 37, 123, 82]",8,1.5,2,[28.94369672],"[12.857142857142858, 25.0]","[25, 242]",0.9063670411985019,23.863028357410382
0,q2,low_delay,4,bootstrap_conditional,0.2047645697983285,"[29.02116332289075, 30.90865332054825, 32.5830326425095]","[12.857142857142858, 12.857142857142858, 12.857142857142858, 12.857142857142858]","[30, 87, 51, 99]",8,1.5,1,[],[12.857142857142858],[267],0.0,12.857142857142858
0,q2,medium_delay,4,bootstrap_conditional,0.2189086328289496,"[29.02116332289075, 29.66606058, 30.456294565]","[11.0, 11.0, 11.0, 11.0]","[30, 29, 37, 171]",8,1.5,1,[],[11.0],[267],0.0,11.0
0,q2,high_delay,4,bootstrap_conditional,0.2189086328289496,"[29.02116332289075, 29.66606058, 30.456294565]","[11.0, 11.0, 11.0, 11.0]","[30, 29, 37, 171]",8,1.5,1,[],[11.0],[267],0.0,11.0
0,q3_basic,step_only,4,bootstrap_conditional,0.1820707907431683,"[29.392081044999998, 30.406106735, 32.13576459650285]","[12.857142857142858, 25.0, 25.0, 25.0]","[49, 45, 59, 114]",8,1.5,2,[29.392081044999998],"[12.857142857142858, 25.0]","[49, 218]",0.8164794007490637,22.771535580524343
0,q3_basic,low_delay,4,bootstrap_conditional,0.2049144362951723,"[29.152824510000002, 30.1858825646128, 30.90865332054825]","[12.857142857142858, 12.857142857142858, 12.857142857142858, 12.857142857142858]","[40, 45, 32, 150]",8,1.5,1,[],[12.857142857142858],[267],0.0,12.857142857142858
0,q3_basic,medium_delay,4,bootstrap_conditional,0.218955164993725,"[29.02116332289075, 30.117794359999998, 30.90865332054825]","[11.0, 11.0, 11.0, 11.0]","[30, 52, 35, 150]",8,1.5,1,[],[11.0],[267],0.0,11.0
0,q3_basic,high_delay,4,bootstrap_conditional,0.218955164993725,"[29.02116332289075, 30.117794359999998, 30.90865332054825]","[11.0, 11.0, 11.0, 11.0]","[30, 52, 35, 150]",8,1.5,1,[],[11.0],[267],0.0,11.0
0,q2,step_only,4,bootstrap_conditional,0.1472014750315634,"[28.821843131379502, 29.6816902154643, 35.3033617940727]","[12.857142857142858, 25.0, 25.0, 25.0]","[30, 39, 168, 30]",9,0.0,2,[28.821843131379502],"[12.857142857142858, 25.0]","[30, 237]",0.8876404494382022,23.635634028892454
0,q2,low_delay,4,bootstrap_conditional,0.1906581413064707,"[28.689339826379502, 29.398260685, 32.9759465231214]","[12.857142857142858, 12.857142857142858, 12.857142857142858, 25.0]","[29, 31, 126, 81]",9,0.0,2,[32.9759465231214],"[12.857142857142858, 25.0]","[186, 81]",0.30337078651685395,16.540930979133226
0,q2,medium_delay,4,bootstrap_conditional,0.2272894148034754,"[31.237345660000003, 31.95259136745955, 32.66291330362475]","[11.0, 11.285714285714286, 12.142857142857142, 12.857142857142858]","[128, 26, 26, 87]",9,0.0,4,"[31.237345660000003, 31.95259136745955, 32.66291330362475]","[11.0, 11.285714285714286, 12.142857142857142, 12.857142857142858]","[128, 26, 26, 87]",0.0,11.744248261102195
0,q2,high_delay,4,bootstrap_conditional,0.229418526488056,"[29.26591345677795, 29.75646442, 30.47595403]","[11.0, 11.0, 11.0, 11.0]","[47, 25, 35, 160]",9,0.0,1,[],[11.0],[267],0.0,11.0
0,q3_basic,step_only,4,bootstrap_conditional,0.1467618134924391,"[28.60860758525625, 29.37857702, 30.060693649999997]","[12.857142857142858, 12.857142857142858, 25.0, 25.0]","[26, 27, 28, 186]",9,0.0,2,[29.37857702],"[12.857142857142858, 25.0]","[53, 214]",0.8014981273408239,22.589620117710005
0,q3_basic,low_delay,4,bootstrap_conditional,0.1888558398013883,"[31.835775192944702, 32.542167035, 33.5885526]","[12.857142857142858, 24.714285714285715, 12.857142857142858, 25.0]","[149, 28, 26, 64]",9,0.0,4,"[31.835775192944702, 32.542167035, 33.5885526]","[12.857142857142858, 24.714285714285715, 12.857142857142858, 25.0]","[149, 28, 26, 64]",0.2397003745318352,17.01123595505618
0,q3_basic,medium_delay,4,bootstrap_conditional,0.2288648147730259,"[31.835775192944702, 32.542167035, 33.5885526]","[11.0, 12.857142857142858, 12.571428571428571, 12.857142857142858]","[149, 28, 26, 64]",9,0.0,4,"[31.835775192944702, 32.542167035, 33.5885526]","[11.0, 12.857142857142858, 12.571428571428571, 12.857142857142858]","[149, 28, 26, 64]",0.0,11.792937399678971
0,q3_basic,high_delay,4,bootstrap_conditional,0.2317283282879954,"[29.26591345677795, 29.75646442, 30.4015372572209]","[11.0, 11.0, 11.0, 11.0]","[47, 25, 29, 166]",9,0.0,1,[],[11.0],[267],0.0,11.0
0,q2,step_only,4,bootstrap_conditional,0.1513047954117033,"[29.5907377837715, 30.456294565, 35.00033464]","[12.857142857142858, 25.0, 25.0, 25.0]","[67, 39, 128, 33]",9,0.5,2,[29.5907377837715],"[12.857142857142858, 25.0]","[67, 200]",0.7490636704119851,21.95291599785982
0,q2,low_delay,4,bootstrap_conditional,0.1887793482747471,"[28.60860758525625, 29.35954207201715, 33.5885526]","[12.857142857142858, 12.857142857142858, 12.857142857142858, 25.0]","[26, 25, 152, 64]",9,0.5,2,[33.5885526],"[12.857142857142858, 25.0]","[203, 64]",0.2397003745318352,15.767790262172285
0,q2,medium_delay,4,bootstrap_conditional,0.2199480635439172,"[29.26591345677795, 33.3642043449261, 34.10245052764635]","[11.0, 11.0, 12.285714285714286, 12.857142857142858]","[47, 152, 25, 43]",9,0.5,3,"[33.3642043449261, 34.10245052764635]","[11.0, 12.285714285714286, 12.857142857142858]","[199, 25, 43]",0.0,11.41947565543071
0,q2,high_delay,4,bootstrap_conditional,0.2208483369078412,"[29.26591345677795, 29.75646442, 30.75052001013085]","[11.0, 11.0, 11.0, 11.0]","[47, 25, 49, 146]",9,0.5,1,[],[11.0],[267],0.0,11.0
0,q3_basic,step_only,4,bootstrap_conditional,0.1497405290757926,"[29.37857702, 30.2798105797449, 30.761083097004153]","[12.857142857142858, 25.0, 12.857142857142858, 25.0]","[53, 43, 26, 145]",9,0.5,4,"[29.37857702, 30.2798105797449, 30.761083097004153]","[12.857142857142858, 25.0, 12.857142857142858, 25.0]","[53, 43, 26, 145]",0.704119850187266,21.4071696094168
0,q3_basic,low_delay,4,bootstrap_conditional,0.1881329152542503,"[28.60860758525625, 29.415395388195698, 33.411452741852145]","[12.857142857142858, 12.857142857142858, 12.857142857142858, 25.0]","[26, 35, 140, 66]",9,0.5,2,[33.411452741852145],"[12.857142857142858, 25.0]","[201, 66]",0.24719101123595505,15.858747993579453
0,q3_basic,medium_delay,4,bootstrap_conditional,0.2215447074064915,"[29.26591345677795, 32.1885791644288, 33.411452741852145]","[11.0, 11.0, 11.428571428571429, 12.857142857142858]","[47, 116, 38, 66]",9,0.5,3,"[32.1885791644288, 33.411452741852145]","[11.0, 11.428571428571429, 12.857142857142858]","[163, 38, 66]",0.0,11.520064205457464
0,q3_basic,high_delay,4,bootstrap_conditional,0.2228930548201474,"[29.32178088201715, 30.3292723037254, 31.247618505]","[11.0, 11.0, 11.0, 11.0]","[50, 47, 32, 138]",9,0.5,1,[],[11.0],[267],0.0,11.0
0,q2,step_only,4,bootstrap_conditional,0.1597652704996596,"[29.26591345677795, 29.92762346, 31.13775394781495]","[12.857142857142858, 25.0, 25.0, 25.0]","[47, 29, 50, 141]",9,1.0,2,[29.26591345677795],"[12.857142857142858, 25.0]","[47, 220]",0.8239700374531835,22.862493311931516
0,q2,low_delay,4,bootstrap_conditional,0.198144487406574,"[28.60860758525625, 29.35954207201715, 33.5885526]","[12.857142857142858, 12.857142857142858, 12.857142857142858, 25.0]","[26, 25, 152, 64]",9,1.0,2,[33.5885526],"[12.857142857142858, 25.0]","[203, 64]",0.2397003745318352,15.767790262172285
0,q2,medium_delay,4,bootstrap_conditional,0.2271222011411338,"[29.26591345677795, 33.75308582329245, 34.6456217064828]","[11.0, 11.0, 11.428571428571429, 12.857142857142858]","[47, 160, 25, 35]",9,1.0,3,"[33.75308582329245, 34.6456217064828]","[11.0, 11.428571428571429, 12.857142857142858]","[207, 25, 35]",0.0,11.283574103798824
0,q2,high_delay,4,bootstrap_conditional,0.2276134026134812,"[29.35954207201715, 30.4015372572209, 31.5045234250675]","[11.0, 11.0, 11.0, 11.0]","[51, 50, 39, 127]",9,1.0,1,[],[11.0],[267],0.0,11.0
0,q3_basic,step_only,4,bootstrap_conditional,0.1587924315279089,"[29.37857702, 30.2798105797449, 30.761083097004153]","[12.857142857142858, 25.0, 12.857142857142858, 25.0]","[53, 43, 26, 145]",9,1.0,4,"[29.37857702, 30.2798105797449, 30.761083097004153]","[12.857142857142858, 25.0, 12.857142857142858, 25.0]","[53, 43, 26, 145]",0.704119850187266,21.4071696094168
0,q3_basic,low_delay,4,bootstrap_conditional,0.1975453295890206,"[28.938497648086297, 30.132707290972853, 33.5885526]","[12.857142857142858, 12.857142857142858, 12.857142857142858, 25.0]","[32, 58, 113, 64]",9,1.0,2,[33.5885526],"[12.857142857142858, 25.0]","[203, 64]",0.2397003745318352,15.767790262172285
0,q3_basic,medium_delay,4,bootstrap_conditional,0.2284395654394092,"[29.37857702, 31.835775192944702, 33.5885526]","[11.0, 11.0, 11.0, 12.857142857142858]","[53, 96, 54, 64]",9,1.0,2,[33.5885526],"[11.0, 12.857142857142858]","[203, 64]",0.0,11.445157838416266
0,q3_basic,high_delay,4,bootstrap_conditional,0.2291730550769893,"[29.26591345677795, 29.975810298022402, 32.1885791644288]","[11.0, 11.0, 11.0, 11.0]","[47, 30, 86, 104]",9,1.0,1,[],[11.0],[267],0.0,11.0
0,q2,step_only,4,bootstrap_conditional,0.1654193626583598,"[28.60860758525625, 29.35954207201715, 29.92762346]","[12.857142857142858, 12.857142857142858, 25.0, 25.0]","[26, 25, 25, 191]",9,1.5,2,[29.35954207201715],"[12.857142857142858, 25.0]","[51, 216]",0.8089887640449438,22.680577849117178
0,q2,low_delay,4,bootstrap_conditional,0.2025330379398293,"[28.60860758525625, 29.35954207201715, 33.91226361784895]","[12.857142857142858, 12.857142857142858, 12.857142857142858, 25.0]","[26, 25, 163, 53]",9,1.5,2,[33.91226361784895],"[12.857142857142858, 25.0]","[214, 53]",0.19850187265917604,15.267522739432852
0,q2,medium_delay,4,bootstrap_conditional,0.2291936017902711,"[29.26591345677795, 29.75646442, 35.43452652765335]","[11.0, 11.0, 11.0, 12.857142857142858]","[47, 25, 166, 29]",9,1.5,2,[35.43452652765335],"[11.0, 12.857142857142858]","[238, 29]",0.0,11.20171214553237
0,q2,high_delay,4,bootstrap_conditional,0.2294343347431822,"[29.26591345677795, 29.75646442, 30.456294565]","[11.0, 11.0, 11.0, 11.0]","[47, 25, 34, 161]",9,1.5,1,[],[11.0],[267],0.0,11.0
0,q3_basic,step_only,4,bootstrap_conditional,0.1645683109298988,"[29.37857702, 30.2798105797449, 30.761083097004153]","[12.857142857142858, 25.0, 12.857142857142858, 25.0]","[53, 43, 26, 145]",9,1.5,4,"[29.37857702, 30.2798105797449, 30.761083097004153]","[12.857142857142858, 25.0, 12.857142857142858, 25.0]","[53, 43, 26, 145]",0.704119850187266,21.4071696094168
0,q3_basic,low_delay,4,bootstrap_conditional,0.2021680950952035,"[28.821843131379502, 30.11360183, 33.5885526]","[12.857142857142858, 12.857142857142858, 12.857142857142858, 25.0]","[30, 58, 115, 64]",9,1.5,2,[33.5885526],"[12.857142857142858, 25.0]","[203, 64]",0.2397003745318352,15.767790262172285
0,q3_basic,medium_delay,4,bootstrap_conditional,0.2304752236123585,"[29.26591345677795, 33.71727917055455, 35.2208681140727]","[11.0, 11.0, 11.428571428571429, 12.857142857142858]","[47, 157, 32, 31]",9,1.5,3,"[33.71727917055455, 35.2208681140727]","[11.0, 11.428571428571429, 12.857142857142858]","[204, 32, 31]",0.0,11.266987693953986
0,q3_basic,high_delay,4,bootstrap_conditional,0.2308021142351501,"[29.26591345677795, 30.2798105797449, 30.75052001013085]","[11.0, 11.0, 11.0, 11.0]","[47, 49, 25, 146]",9,1.5,1,[],[11.0],[267],0.0,11.0
0,q2,step_only,4,bootstrap_conditional,0.1495672924098884,"[28.56652825177255, 29.20491842677795, 30.44797393]","[25.0, 25.0, 25.0, 25.0]","[26, 30, 56, 155]",10,0.0,1,[],[25.0],[267],1.0,25.0
0,q2,low_delay,4,bootstrap_conditional,0.2193521169291375,"[28.56652825177255, 29.20491842677795, 30.44797393]","[12.857142857142858, 25.0, 25.0, 25.0]","[26, 30, 56, 155]",10,0.0,2,[28.56652825177255],"[12.857142857142858, 25.0]","[26, 241]",0.9026217228464419,23.817549491706796
0,q2,medium_delay,4,bootstrap_conditional,0.3025915811003504,"[29.334636189999998, 30.519692062512547, 35.1705589940727]","[12.857142857142858, 12.857142857142858, 12.857142857142858, 12.857142857142858]","[59, 64, 108, 36]",10,0.0,1,[],[12.857142857142858],[267],0.0,12.857142857142858
0,q2,high_delay,4,bootstrap_conditional,0.3201056058740445,"[28.71709879, 29.55072956140705, 30.406106735]","[11.0, 11.0, 11.0, 11.0]","[34, 39, 37, 157]",10,0.0,1,[],[11.0],[267],0.0,11.0
0,q3_basic,step_only,4,bootstrap_conditional,0.1486975823867392,"[28.56652825177255, 29.20491842677795, 30.44797393]","[25.0, 25.0, 25.0, 25.0]","[26, 30, 56, 155]",10,0.0,1,[],[25.0],[267],1.0,25.0
0,q3_basic,low_delay,4,bootstrap_conditional,0.2183525766014679,"[28.71709879, 29.334636189999998, 30.44797393]","[12.857142857142858, 25.0, 25.0, 25.0]","[34, 25, 53, 155]",10,0.0,2,[28.71709879],"[12.857142857142858, 25.0]","[34, 233]",0.8726591760299626,23.453718566078116
0,q3_basic,medium_delay,4,bootstrap_conditional,0.3044371408247001,"[28.62684680525625, 30.1522985168424, 35.1705589940727]","[12.857142857142858, 12.857142857142858, 12.857142857142858, 12.857142857142858]","[29, 72, 130, 36]",10,0.0,1,[],[12.857142857142858],[267],0.0,12.857142857142858
0,q3_basic,high_delay,4,bootstrap_conditional,0.3228995399537598,"[28.71709879, 29.55072956140705, 30.406106735]","[11.0, 11.0, 11.0, 11.0]","[34, 39, 37, 157]",10,0.0,1,[],[11.0],[267],0.0,11.0
0,q2,step_only,4,bootstrap_conditional,0.1538208126849188,"[28.71709879, 30.2646582128532, 34.492691086543104]","[25.0, 25.0, 25.0, 25.0]","[34, 71, 116, 46]",10,0.5,1,[],[25.0],[267],1.0,25.0
0,q2,low_delay,4,bootstrap_conditional,0.2232980017812059,"[28.56652825177255, 29.20491842677795, 30.47595403]","[12.857142857142858, 25.0, 25.0, 25.0]","[26, 30, 59, 152]",10,0.5,2,[28.56652825177255],"[12.857142857142858, 25.0]","[26, 241]",0.9026217228464419,23.817549491706796
0,q2,medium_delay,4,bootstrap_conditional,0.2955691219507053,"[28.907467955, 30.519692062512547, 35.5985534521325]","[12.857142857142858, 12.857142857142858, 12.857142857142858, 12.857142857142858]","[37, 86, 112, 32]",10,0.5,1,[],[12.857142857142858],[267],0.0,12.857142857142858
0,q2,high_delay,4,bootstrap_conditional,0.3091042930814734,"[28.71709879, 29.55072956140705, 30.406106735]","[11.0, 11.0, 11.0, 11.0]","[34, 39, 37, 157]",10,0.5,1,[],[11.0],[267],0.0,11.0
0,q3_basic,step_only,4,bootstrap_conditional,0.1531355921490454,"[28.56652825177255, 29.37857702, 32.54021816248835]","[25.0, 25.0, 25.0, 25.0]","[26, 37, 115, 89]",10,0.5,1,[],[25.0],[267],1.0,25.0
0,q3_basic,low_delay,4,bootstrap_conditional,0.2223557065416675,"[28.71709879, 29.334636189999998, 30.519692062512547]","[12.857142857142858, 25.0, 25.0, 25.0]","[34, 25, 64, 144]",10,0.5,2,[28.71709879],"[12.857142857142858, 25.0]","[34, 233]",0.8726591760299626,23.453718566078116
0,q3_basic,medium_delay,4,bootstrap_conditional,0.2972574875583617,"[28.56652825177255, 29.10103014, 29.7458871954643]","[12.857142857142858, 12.857142857142858, 12.857142857142858, 12.857142857142858]","[26, 25, 25, 191]",10,0.5,1,[],[12.857142857142858],[267],0.0,12.857142857142858
0,q3_basic,high_delay,4,bootstrap_conditional,0.3115745022141996,"[28.71709879, 29.55072956140705, 30.406106735]","[11.0, 11.0, 11.0, 11.0]","[34, 39, 37, 157]",10,0.5,1,[],[11.0],[267],0.0,11.0
0,q2,step_only,4,bootstrap_conditional,0.1541882733004657,"[28.62684680525625, 29.8182661822407, 34.61093289232065]","[25.0, 25.0, 25.0, 25.0]","[29, 59, 134, 45]",10,1.0,1,[],[25.0],[267],1.0,25.0
0,q2,low_delay,4,bootstrap_conditional,0.2241882733004654,"[28.71709879, 29.55072956140705, 30.6453224487093]","[25.0, 25.0, 25.0, 25.0]","[34, 39, 55, 139]",10,1.0,1,[],[25.0],[267],1.0,25.0
0,q2,medium_delay,4,bootstrap_conditional,0.2982235502830692,"[28.813373329999997, 30.1522985168424, 35.1705589940727]","[12.857142857142858, 12.857142857142858, 12.857142857142858, 12.857142857142858]","[35, 66, 130, 36]",10,1.0,1,[],[12.857142857142858],[267],0.0,12.857142857142858
0,q2,high_delay,4,bootstrap_conditional,0.3122182352499422,"[28.71709879, 29.55072956140705, 30.406106735]","[11.0, 11.0, 11.0, 11.0]","[34, 39, 37, 157]",10,1.0,1,[],[11.0],[267],0.0,11.0
0,q3_basic,step_only,4,bootstrap_conditional,0.1535858464331702,"[28.56652825177255, 29.26591345677795, 32.3282979883502]","[25.0, 25.0, 25.0, 25.0]","[26, 31, 111, 99]",10,1.0,1,[],[25.0],[267],1.0,25.0
0,q3_basic,low_delay,4,bootstrap_conditional,0.2234720407470448,"[28.56652825177255, 29.20491842677795, 30.47595403]","[12.857142857142858, 25.0, 25.0, 25.0]","[26, 30, 59, 152]",10,1.0,2,[28.56652825177255],"[12.857142857142858, 25.0]","[26, 241]",0.9026217228464419,23.817549491706796
0,q3_basic,medium_delay,4,bootstrap_conditional,0.2995216008087066,"[28.56652825177255, 30.0196636680224, 30.483268680000002]","[12.857142857142858, 12.857142857142858, 12.857142857142858, 12.857142857142858]","[26, 66, 30, 145]",10,1.0,1,[],[12.857142857142858],[267],0.0,12.857142857142858
0,q3_basic,high_delay,4,bootstrap_conditional,0.3141726457220534,"[28.71709879, 29.55072956140705, 30.406106735]","[11.0, 11.0, 11.0, 11.0]","[34, 39, 37, 157]",10,1.0,1,[],[11.0],[267],0.0,11.0
0,q2,step_only,4,bootstrap_conditional,0.1625643408062708,"[28.62684680525625, 29.9478781980224, 34.392796086077254]","[25.0, 25.0, 25.0, 25.0]","[29, 62, 129, 47]",10,1.5,1,[],[25.0],[267],1.0,25.0
0,q2,low_delay,4,bootstrap_conditional,0.2322276816520864,"[28.56652825177255, 29.20491842677795, 30.44797393]","[12.857142857142858, 25.0, 25.0, 25.0]","[26, 30, 56, 155]",10,1.5,2,[28.56652825177255],"[12.857142857142858, 25.0]","[26, 241]",0.9026217228464419,23.817549491706796
0,q2,medium_delay,4,bootstrap_conditional,0.3016023240530293,"[28.60860758525625, 30.2989175471691, 35.5985534521325]","[12.857142857142858, 12.857142857142858, 12.857142857142858, 12.857142857142858]","[28, 78, 129, 32]",10,1.5,1,[],[12.857142857142858],[267],0.0,12.857142857142858
0,q2,high_delay,4,bootstrap_conditional,0.31257168616082,"[28.71709879, 30.0681944749674, 30.519692062512547]","[11.0, 11.0, 11.0, 11.0]","[34, 61, 28, 144]",10,1.5,1,[],[11.0],[267],0.0,11.0
0,q3_basic,step_only,4,bootstrap_conditional,0.1620341773914653,"[28.56652825177255, 29.20491842677795, 30.44797393]","[25.0, 25.0, 25.0, 25.0]","[26, 30, 56, 155]",10,1.5,1,[],[25.0],[267],1.0,25.0
0,q3_basic,low_delay,4,bootstrap_conditional,0.2315308510905847,"[28.56652825177255, 29.26591345677795, 30.44797393]","[12.857142857142858, 25.0, 25.0, 25.0]","[26, 31, 55, 155]",10,1.5,2,[28.56652825177255],"[12.857142857142858, 25.0]","[26, 241]",0.9026217228464419,23.817549491706796
0,q3_basic,medium_delay,4,bootstrap_conditional,0.3029011407095416,"[28.813373329999997, 31.996085665000003, 35.3033617940727]","[12.857142857142858, 12.857142857142858, 12.857142857142858, 12.857142857142858]","[35, 120, 77, 35]",10,1.5,1,[],[12.857142857142858],[267],0.0,12.857142857142858
0,q3_basic,high_delay,4,bootstrap_conditional,0.3144457783586034,"[28.71709879, 29.55072956140705, 30.406106735]","[11.0, 11.0, 11.0, 11.0]","[34, 39, 37, 157]",10,1.5,1,[],[11.0],[267],0.0,11.0
0,q2,step_only,4,bootstrap_conditional,0.1450282163816833,"[28.995840137890752, 30.0681944749674, 30.456294565]","[12.857142857142858, 12.857142857142858, 25.0, 25.0]","[30, 46, 26, 165]",11,0.0,2,[30.0681944749674],"[12.857142857142858, 25.0]","[76, 191]",0.7153558052434457,21.543606206527553
0,q2,low_delay,4,bootstrap_conditional,0.1784704580887618,"[28.995840137890752, 29.629245695, 33.96154718]","[12.857142857142858, 12.857142857142858, 12.857142857142858, 25.0]","[30, 26, 164, 47]",11,0.0,2,[33.96154718],"[12.857142857142858, 25.0]","[220, 47]",0.1760299625468165,14.994649545211344
0,q2,medium_delay,4,bootstrap_conditional,0.2059113093178995,"[29.130029079670052, 33.09740295539545, 34.187725467824]","[11.0, 11.0, 11.285714285714286, 12.857142857142858]","[35, 164, 25, 43]",11,0.0,3,"[33.09740295539545, 34.187725467824]","[11.0, 11.285714285714286, 12.857142857142858]","[199, 25, 43]",0.0,11.325842696629213
0,q2,high_delay,4,bootstrap_conditional,0.2066037817194586,"[29.130029079670052, 29.80803022604035, 30.80642350513085]","[11.0, 11.0, 11.0, 11.0]","[35, 29, 57, 146]",11,0.0,1,[],[11.0],[267],0.0,11.0
0,q3_basic,step_only,4,bootstrap_conditional,0.1444655523494267,"[28.995840137890752, 30.0681944749674, 30.456294565]","[12.857142857142858, 12.857142857142858, 25.0, 25.0]","[30, 46, 26, 165]",11,0.0,2,[30.0681944749674],"[12.857142857142858, 25.0]","[76, 191]",0.7153558052434457,21.543606206527553
0,q3_basic,low_delay,4,bootstrap_conditional,0.1785405391937803,"[28.995840137890752, 29.629245695, 33.71727917055455]","[12.857142857142858, 12.857142857142858, 12.857142857142858, 25.0]","[30, 26, 156, 55]",11,0.0,2,[33.71727917055455],"[12.857142857142858, 25.0]","[212, 55]",0.20599250936329588,15.358480470840023
0,q3_basic,medium_delay,4,bootstrap_conditional,0.2065241729853783,"[29.130029079670052, 33.42928876926115, 34.96543919]","[11.0, 11.0, 12.285714285714286, 12.857142857142858]","[35, 174, 25, 33]",11,0.0,3,"[33.42928876926115, 34.96543919]","[11.0, 12.285714285714286, 12.857142857142858]","[209, 25, 33]",0.0,11.349919743178171
0,q3_basic,high_delay,4,bootstrap_conditional,0.2073150448400409,"[29.5907377837715, 30.534848816629747, 31.636180521978552]","[11.0, 11.0, 11.0, 11.0]","[53, 56, 35, 123]",11,0.0,1,[],[11.0],[267],0.0,11.0
0,q2,step_only,4,bootstrap_conditional,0.1501796976161139,"[28.995840137890752, 29.77856110879965, 30.456294565]","[12.857142857142858, 12.857142857142858, 25.0, 25.0]","[30, 33, 39, 165]",11,0.5,2,[29.77856110879965],"[12.857142857142858, 25.0]","[63, 204]",0.7640449438202247,22.134831460674157
0,q2,low_delay,4,bootstrap_conditional,0.1849881927591265,"[29.20491842677795, 30.435518495, 33.96154718]","[12.857142857142858, 12.857142857142858, 12.857142857142858, 25.0]","[41, 58, 121, 47]",11,0.5,2,[33.96154718],"[12.857142857142858, 25.0]","[220, 47]",0.1760299625468165,14.994649545211344
0,q2,medium_delay,4,bootstrap_conditional,0.2118111110720351,"[29.46600999140705, 31.636180521978552, 34.411814519222446]","[11.0, 11.0, 11.0, 12.857142857142858]","[50, 94, 83, 40]",11,0.5,2,[34.411814519222446],"[11.0, 12.857142857142858]","[227, 40]",0.0,11.278223649010165
0,q2,high_delay,4,bootstrap_conditional,0.2123083083450887,"[29.46600999140705, 31.636180521978552, 33.035066021815396]","[11.0, 11.0, 11.0, 11.0]","[50, 94, 54, 69]",11,0.5,1,[],[11.0],[267],0.0,11.0
0,q3_basic,step_only,4,bootstrap_conditional,0.1498464439529871,"[28.995840137890752, 30.0681944749674, 32.642336522060546]","[12.857142857142858, 12.857142857142858, 25.0, 25.0]","[30, 46, 112, 79]",11,0.5,2,[30.0681944749674],"[12.857142857142858, 25.0]","[76, 191]",0.7153558052434457,21.543606206527553
0,q3_basic,low_delay,4,bootstrap_conditional,0.185163286825581,"[28.995840137890752, 29.629245695, 33.71727917055455]","[12.857142857142858, 12.857142857142858, 12.857142857142858, 25.0]","[30, 26, 156, 55]",11,0.5,2,[33.71727917055455],"[12.857142857142858, 25.0]","[212, 55]",0.20599250936329588,15.358480470840023
0,q3_basic,medium_delay,4,bootstrap_conditional,0.2124875624837817,"[29.15560064, 33.42928876926115, 34.96543919]","[11.0, 11.0, 11.571428571428571, 12.857142857142858]","[40, 169, 25, 33]",11,0.5,3,"[33.42928876926115, 34.96543919]","[11.0, 11.571428571428571, 12.857142857142858]","[209, 25, 33]",0.0,11.283039058319957
0,q3_basic,high_delay,4,bootstrap_conditional,0.2130739379432354,"[29.415395388195698, 30.406106735, 31.5975026520864]","[11.0, 11.0, 11.0, 11.0]","[46, 51, 46, 124]",11,0.5,1,[],[11.0],[267],0.0,11.0
0,q2,step_only,4,bootstrap_conditional,0.1514871603736926,"[28.995840137890752, 29.629245695, 30.2187791664552]","[12.857142857142858, 12.857142857142858, 12.857142857142858, 25.0]","[30, 26, 31, 180]",11,1.0,2,[30.2187791664552],"[12.857142857142858, 25.0]","[87, 180]",0.6741573033707865,21.04333868378812
0,q2,low_delay,4,bootstrap_conditional,0.1803629901939334,"[28.995840137890752, 29.629245695, 34.618823985000006]","[12.857142857142858, 12.857142857142858, 12.857142857142858, 25.0]","[30, 26, 176, 35]",11,1.0,2,[34.618823985000006],"[12.857142857142858, 25.0]","[232, 35]",0.13108614232209737,14.448903156768326
0,q2,medium_delay,4,bootstrap_conditional,0.201317163237416,"[29.130029079670052, 29.80803022604035, 35.2208681140727]","[11.0, 11.0, 11.0, 12.428571428571429]","[35, 29, 178, 25]",11,1.0,2,[35.2208681140727],"[11.0, 12.428571428571429]","[242, 25]",0.0,11.133761369716426
0,q2,high_delay,4,bootstrap_conditional,0.201358815024797,"[29.15560064, 30.3804461322209, 31.426179554571]","[11.0, 11.0, 11.0, 11.0]","[40, 53, 45, 129]",11,1.0,1,[],[11.0],[267],0.0,11.0
0,q3_basic,step_only,4,bootstrap_conditional,0.1511588719766743,"[28.995840137890752, 30.102058579967398, 30.456294565]","[12.857142857142858, 12.857142857142858, 25.0, 25.0]","[30, 47, 25, 165]",11,1.0,2,[30.102058579967398],"[12.857142857142858, 25.0]","[77, 190]",0.7116104868913857,21.49812734082397
0,q3_basic,low_delay,4,bootstrap_conditional,0.1803535407878179,"[29.088514899670052, 30.3292723037254, 35.02941549]","[12.857142857142858, 12.857142857142858, 12.857142857142858, 24.857142857142858]","[33, 58, 146, 30]",11,1.0,2,[35.02941549],"[12.857142857142858, 24.857142857142858]","[237, 30]",0.0,14.20545746388443
0,q3_basic,medium_delay,4,bootstrap_conditional,0.2018247416631308,"[29.130029079670052, 29.92762346, 35.2208681140727]","[11.0, 11.0, 11.0, 12.857142857142858]","[35, 35, 172, 25]",11,1.0,2,[35.2208681140727],"[11.0, 12.857142857142858]","[242, 25]",0.0,11.173889780631354
0,q3_basic,high_delay,4,bootstrap_conditional,0.201934402368283,"[29.15560064, 30.435518495, 31.426179554571]","[11.0, 11.0, 11.0, 11.0]","[40, 59, 39, 129]",11,1.0,1,[],[11.0],[267],0.0,11.0
0,q2,step_only,4,bootstrap_conditional,0.1540833827909009,"[28.995840137890752, 29.629245695, 30.3292723037254]","[12.857142857142858, 12.857142857142858, 12.857142857142858, 25.0]","[30, 26, 35, 176]",11,1.5,2,[30.3292723037254],"[12.857142857142858, 25.0]","[91, 176]",0.6591760299625468,20.861423220973784
0,q2,low_delay,4,bootstrap_conditional,0.1826210027523358,"[28.995840137890752, 29.629245695, 34.618823985000006]","[12.857142857142858, 12.857142857142858, 12.857142857142858, 25.0]","[30, 26, 176, 35]",11,1.5,2,[34.618823985000006],"[12.857142857142858, 25.0]","[232, 35]",0.13108614232209737,14.448903156768326
0,q2,medium_delay,4,bootstrap_conditional,0.2031277632181594,"[29.130029079670052, 29.80803022604035, 35.2208681140727]","[11.0, 11.0, 11.0, 11.857142857142858]","[35, 29, 178, 25]",11,1.5,2,[35.2208681140727],"[11.0, 11.857142857142858]","[242, 25]",0.0,11.080256821829856
0,q2,high_delay,4,bootstrap_conditional,0.2031415824422393,"[29.43062944343895, 30.456294565, 32.825957630000005]","[11.0, 11.0, 11.0, 11.0]","[47, 55, 89, 76]",11,1.5,1,[],[11.0],[267],0.0,11.0
0,q3_basic,step_only,4,bootstrap_conditional,0.1538779229706537,"[28.995840137890752, 30.102058579967398, 30.456294565]","[12.857142857142858, 12.857142857142858, 25.0, 25.0]","[30, 47, 25, 165]",11,1.5,2,[30.102058579967398],"[12.857142857142858, 25.0]","[77, 190]",0.7116104868913857,21.49812734082397
0,q3_basic,low_delay,4,bootstrap_conditional,0.1826476878835079,"[29.042538895, 30.2798105797449, 35.02941549]","[12.857142857142858, 12.857142857142858, 12.857142857142858, 24.857142857142858]","[32, 58, 147, 30]",11,1.5,2,[35.02941549],"[12.857142857142858, 24.857142857142858]","[237, 30]",0.0,14.20545746388443
0,q3_basic,medium_delay,4,bootstrap_conditional,0.20356130219773,"[29.130029079670052, 30.0681944749674, 35.2208681140727]","[11.0, 11.0, 11.0, 12.571428571428571]","[35, 41, 166, 25]",11,1.5,2,[35.2208681140727],"[11.0, 12.571428571428571]","[242, 25]",0.0,11.147137506688068
0,q3_basic,high_delay,4,bootstrap_conditional,0.2036136646205733,"[29.20491842677795, 30.406106735, 31.27458389444175]","[11.0, 11.0, 11.0, 11.0]","[41, 56, 37, 133]",11,1.5,1,[],[11.0],[267],0.0,11.0
0,q2,step_only,4,bootstrap_conditional,0.1317496644347573,"[28.7651952263795, 29.4326964231957, 31.38543347977265]","[12.857142857142858, 12.857142857142858, 12.857142857142858, 25.0]","[26, 30, 80, 131]",12,0.0,2,[31.38543347977265],"[12.857142857142858, 25.0]","[136, 131]",0.49063670411985016,18.814874264312465
0,q2,low_delay,4,bootstrap_conditional,0.1601061672324195,"[28.7651952263795, 29.23310384, 34.618823985000006]","[12.857142857142858, 12.857142857142858, 12.857142857142858, 25.0]","[26, 27, 169, 45]",12,0.0,2,[34.618823985000006],"[12.857142857142858, 25.0]","[222, 45]",0.16853932584269662,14.903691813804173
0,q2,medium_delay,4,bootstrap_conditional,0.1871431190338872,"[28.9759443680863, 29.46600999140705, 34.42799763]","[11.0, 11.0, 11.0, 12.857142857142858]","[32, 25, 164, 46]",12,0.0,2,[34.42799763],"[11.0, 12.857142857142858]","[221, 46]",0.0,11.319957196361692
0,q2,high_delay,4,bootstrap_conditional,0.1880715939156959,"[29.05951596, 30.0681944749674, 31.38543347977265]","[11.0, 11.0, 11.0, 11.0]","[39, 38, 59, 131]",12,0.0,1,[],[11.0],[267],0.0,11.0
0,q3_basic,step_only,4,bootstrap_conditional,0.1316594091463245,"[29.130029079670052, 31.22537913, 33.35454504804695]","[12.857142857142858, 12.857142857142858, 25.0, 25.0]","[42, 87, 66, 72]",12,0.0,2,[31.22537913],"[12.857142857142858, 25.0]","[129, 138]",0.5168539325842697,19.133226324237558
0,q3_basic,low_delay,4,bootstrap_conditional,0.1601066856506132,"[28.813373329999997, 30.5711615791423, 34.22124242450115]","[12.857142857142858, 12.857142857142858, 12.857142857142858, 25.0]","[27, 83, 108, 49]",12,0.0,2,[34.22124242450115],"[12.857142857142858, 25.0]","[218, 49]",0.18352059925093633,15.085607276618514
0,q3_basic,medium_delay,4,bootstrap_conditional,0.1871939473677992,"[28.9759443680863, 30.483268680000002, 34.22124242450115]","[11.0, 11.0, 11.0, 12.857142857142858]","[32, 70, 116, 49]",12,0.0,2,[34.22124242450115],"[11.0, 12.857142857142858]","[218, 49]",0.0,11.340823970037453
0,q3_basic,high_delay,4,bootstrap_conditional,0.1881346881281069,"[28.9759443680863, 29.46600999140705, 30.3804461322209]","[11.0, 11.0, 11.0, 11.0]","[32, 25, 34, 176]",12,0.0,1,[],[11.0],[267],0.0,11.0
0,q2,step_only,4,bootstrap_conditional,0.1329489790516048,"[28.7651952263795, 29.401891363195702, 31.743230699999998]","[12.857142857142858, 12.857142857142858, 12.857142857142858, 25.0]","[26, 29, 93, 119]",12,0.5,2,[31.743230699999998],"[12.857142857142858, 25.0]","[148, 119]",0.44569288389513106,18.26912787586945
0,q2,low_delay,4,bootstrap_conditional,0.1584403496983686,"[29.0780592777865, 30.84344416, 35.362169727132496]","[12.857142857142858, 12.857142857142858, 12.857142857142858, 25.0]","[40, 80, 113, 34]",12,0.5,2,[35.362169727132496],"[12.857142857142858, 25.0]","[233, 34]",0.12734082397003746,14.403424291064741
0,q2,medium_delay,4,bootstrap_conditional,0.1807132254745829,"[29.0455820628869, 30.72266034328655, 35.81474854]","[11.0, 11.0, 11.0, 12.857142857142858]","[38, 77, 123, 29]",12,0.5,2,[35.81474854],"[11.0, 12.857142857142858]","[238, 29]",0.0,11.20171214553237
0,q2,high_delay,4,bootstrap_conditional,0.1811054412446326,"[29.0455820628869, 30.72266034328655, 34.618823985000006]","[11.0, 11.0, 11.0, 11.0]","[38, 77, 107, 45]",12,0.5,1,[],[11.0],[267],0.0,11.0
0,q3_basic,step_only,4,bootstrap_conditional,0.1328413531122128,"[28.813373329999997, 30.0681944749674, 31.7686576929447]","[12.857142857142858, 12.857142857142858, 12.857142857142858, 25.0]","[27, 50, 72, 118]",12,0.5,2,[31.7686576929447],"[12.857142857142858, 25.0]","[149, 118]",0.4419475655430712,18.223649010165865
0,q3_basic,low_delay,4,bootstrap_conditional,0.1585072817978691,"[29.34081583, 31.237345660000003, 35.10594088]","[12.857142857142858, 12.857142857142858, 12.857142857142858, 25.0]","[54, 76, 101, 36]",12,0.5,2,[35.10594088],"[12.857142857142858, 25.0]","[231, 36]",0.1348314606741573,14.49438202247191
0,q3_basic,medium_delay,4,bootstrap_conditional,0.1807583368452935,"[29.02420649077765, 30.519692062512547, 35.81474854]","[11.0, 11.0, 11.0, 12.857142857142858]","[37, 70, 131, 29]",12,0.5,2,[35.81474854],"[11.0, 12.857142857142858]","[238, 29]",0.0,11.20171214553237
0,q3_basic,high_delay,4,bootstrap_conditional,0.1811531944580304,"[28.9759443680863, 29.46600999140705, 30.3804461322209]","[11.0, 11.0, 11.0, 11.0]","[32, 25, 34, 176]",12,0.5,1,[],[11.0],[267],0.0,11.0
0,q2,step_only,4,bootstrap_conditional,0.1364443370975143,"[28.7651952263795, 29.23310384, 31.6993715345789]","[12.857142857142858, 12.857142857142858, 12.857142857142858, 25.0]","[26, 27, 92, 122]",12,1.0,2,[31.6993715345789],"[12.857142857142858, 25.0]","[145, 122]",0.45692883895131087,18.405564472980206
0,q2,low_delay,4,bootstrap_conditional,0.1622904004533116,"[29.34081583, 31.087787360548248, 35.362169727132496]","[12.857142857142858, 12.857142857142858, 12.857142857142858, 25.0]","[54, 71, 108, 34]",12,1.0,2,[35.362169727132496],"[12.857142857142858, 25.0]","[233, 34]",0.12734082397003746,14.403424291064741
0,q2,medium_delay,4,bootstrap_conditional,0.1843042316624375,"[28.9759443680863, 29.46600999140705, 36.116941345]","[11.0, 11.0, 11.0, 12.857142857142858]","[32, 25, 182, 28]",12,1.0,2,[36.116941345],"[11.0, 12.857142857142858]","[239, 28]",0.0,11.194756554307116
0,q2,high_delay,4,bootstrap_conditional,0.1846127845536964,"[28.9759443680863, 30.117794359999998, 31.62856574]","[11.0, 11.0, 11.0, 11.0]","[32, 47, 64, 124]",12,1.0,1,[],[11.0],[267],0.0,11.0
0,q3_basic,step_only,4,bootstrap_conditional,0.1363298880227482,"[28.7651952263795, 30.622393963731597, 31.952446668137]","[12.857142857142858, 12.857142857142858, 12.857142857142858, 25.0]","[26, 86, 40, 115]",12,1.0,2,[31.952446668137],"[12.857142857142858, 25.0]","[152, 115]",0.4307116104868914,18.087212413055113
0,q3_basic,low_delay,4,bootstrap_conditional,0.162248870067103,"[28.7651952263795, 30.79587317513085, 35.10594088]","[12.857142857142858, 12.857142857142858, 12.857142857142858, 25.0]","[26, 93, 112, 36]",12,1.0,2,[35.10594088],"[12.857142857142858, 25.0]","[231, 36]",0.1348314606741573,14.49438202247191
0,q3_basic,medium_delay,4,bootstrap_conditional,0.184348709791506,"[29.10705821745655, 30.5711615791423, 35.81474854]","[11.0, 11.0, 11.0, 12.857142857142858]","[41, 69, 128, 29]",12,1.0,2,[35.81474854],"[11.0, 12.857142857142858]","[238, 29]",0.0,11.20171214553237
0,q3_basic,high_delay,4,bootstrap_conditional,0.1846754331612642,"[28.9759443680863, 29.46600999140705, 30.406106735]","[11.0, 11.0, 11.0, 11.0]","[32, 25, 36, 174]",12,1.0,1,[],[11.0],[267],0.0,11.0
0,q2,step_only,4,bootstrap_conditional,0.1436027272279715,"[28.7651952263795, 29.401891363195702, 31.087787360548248]","[12.857142857142858, 12.857142857142858, 12.857142857142858, 25.0]","[26, 29, 70, 142]",12,1.5,2,[31.087787360548248],"[12.857142857142858, 25.0]","[125, 142]",0.5318352059925093,19.3151417870519
0,q2,low_delay,4,bootstrap_conditional,0.1722511189000332,"[28.870021235, 30.519692062512547, 34.618823985000006]","[12.857142857142858, 12.857142857142858, 12.857142857142858, 25.0]","[29, 78, 115, 45]",12,1.5,2,[34.618823985000006],"[12.857142857142858, 25.0]","[222, 45]",0.16853932584269662,14.903691813804173
0,q2,medium_delay,4,bootstrap_conditional,0.1968694413926889,"[29.05951596, 30.483268680000002, 35.362169727132496]","[11.0, 11.0, 11.0, 12.857142857142858]","[39, 63, 131, 34]",12,1.5,2,[35.362169727132496],"[11.0, 12.857142857142858]","[233, 34]",0.0,11.236490101658642
0,q2,high_delay,4,bootstrap_conditional,0.1972879875741091,"[28.9759443680863, 29.77856110879965, 31.30462428941985]","[11.0, 11.0, 11.0, 11.0]","[32, 36, 65, 134]",12,1.5,1,[],[11.0],[267],0.0,11.0
0,q3_basic,step_only,4,bootstrap_conditional,0.143273545723269,"[28.7651952263795, 29.525661425178548, 31.22537913]","[12.857142857142858, 12.857142857142858, 12.857142857142858, 25.0]","[26, 32, 71, 138]",12,1.5,2,[31.22537913],"[12.857142857142858, 25.0]","[129, 138]",0.5168539325842697,19.133226324237558
0,q3_basic,low_delay,4,bootstrap_conditional,0.1722661216987452,"[28.7651952263795, 29.629245695, 34.3202115368548]","[12.857142857142858, 12.857142857142858, 12.857142857142858, 25.0]","[26, 35, 159, 47]",12,1.5,2,[34.3202115368548],"[12.857142857142858, 25.0]","[220, 47]",0.1760299625468165,14.994649545211344
0,q3_basic,medium_delay,4,bootstrap_conditional,0.1969868235108285,"[28.9759443680863, 29.525661425178548, 35.81474854]","[11.0, 11.0, 11.0, 12.857142857142858]","[32, 26, 180, 29]",12,1.5,2,[35.81474854],"[11.0, 12.857142857142858]","[238, 29]",0.0,11.20171214553237
0,q3_basic,high_delay,4,bootstrap_conditional,0.19739468215749,"[28.9759443680863, 29.46600999140705, 30.47595403]","[11.0, 11.0, 11.0, 11.0]","[32, 25, 43, 167]",12,1.5,1,[],[11.0],[267],0.0,11.0
0,q2,step_only,4,bootstrap_conditional,0.1284748621701764,"[29.26591345677795, 30.5711615791423, 31.709000680000003]","[25.0, 25.0, 25.0, 25.0]","[44, 68, 38, 117]",13,0.0,1,[],[25.0],[267],1.0,25.0
0,q2,low_delay,4,bootstrap_conditional,0.1865443585600737,"[28.995840137890752, 30.117794359999998, 31.31656740805975]","[12.857142857142858, 12.857142857142858, 12.857142857142858, 25.0]","[27, 52, 58, 130]",13,0.0,2,[31.31656740805975],"[12.857142857142858, 25.0]","[137, 130]",0.4868913857677903,18.769395398608882
0,q2,medium_delay,4,bootstrap_conditional,0.2370228911483031,"[28.995840137890752, 29.525661425178548, 30.46963577]","[12.571428571428571, 12.857142857142858, 12.857142857142858, 12.857142857142858]","[27, 29, 49, 162]",13,0.0,2,[28.995840137890752],"[12.571428571428571, 12.857142857142858]","[27, 240]",0.0,12.82825040128411
0,q2,high_delay,4,bootstrap_conditional,0.2495634570678412,"[29.130029079670052, 29.89542649103325, 31.743230699999998]","[11.0, 11.0, 11.0, 11.0]","[37, 34, 80, 116]",13,0.0,1,[],[11.0],[267],0.0,11.0
0,q3_basic,step_only,4,bootstrap_conditional,0.1283853759348039,"[29.152824510000002, 30.761083097004153, 33.1117307459062]","[25.0, 25.0, 25.0, 25.0]","[41, 83, 71, 72]",13,0.0,1,[],[25.0],[267],1.0,25.0
0,q3_basic,low_delay,4,bootstrap_conditional,0.1862120933519649,"[28.995840137890752, 29.398260685, 31.4807653089329]","[12.857142857142858, 12.857142857142858, 12.857142857142858, 25.0]","[27, 25, 88, 127]",13,0.0,2,[31.4807653089329],"[12.857142857142858, 25.0]","[140, 127]",0.4756554307116105,18.632958801498127
0,q3_basic,medium_delay,4,bootstrap_conditional,0.2372226256779694,"[28.995840137890752, 29.398260685, 30.079737725]","[12.571428571428571, 12.857142857142858, 12.857142857142858, 12.857142857142858]","[27, 25, 26, 189]",13,0.0,2,[28.995840137890752],"[12.571428571428571, 12.857142857142858]","[27, 240]",0.0,12.82825040128411
0,q3_basic,high_delay,4,bootstrap_conditional,0.2499109694166487,"[29.130029079670052, 29.80803022604035, 30.406106735]","[11.0, 11.0, 11.0, 11.0]","[37, 32, 28, 170]",13,0.0,1,[],[11.0],[267],0.0,11.0
0,q2,step_only,4,bootstrap_conditional,0.1345372678104278,"[29.152824510000002, 29.92762346, 33.51725612668065]","[25.0, 25.0, 25.0, 25.0]","[41, 32, 139, 55]",13,0.5,1,[],[25.0],[267],1.0,25.0
0,q2,low_delay,4,bootstrap_conditional,0.1919363640112342,"[28.995840137890752, 29.398260685, 31.65839805197855]","[12.857142857142858, 12.857142857142858, 12.857142857142858, 25.0]","[27, 25, 96, 119]",13,0.5,2,[31.65839805197855],"[12.857142857142858, 25.0]","[148, 119]",0.44569288389513106,18.26912787586945
0,q2,medium_delay,4,bootstrap_conditional,0.2362225882864638,"[28.995840137890752, 29.398260685, 30.079737725]","[11.857142857142858, 12.571428571428571, 12.857142857142858, 12.857142857142858]","[27, 25, 26, 189]",13,0.5,3,"[28.995840137890752, 29.398260685]","[11.857142857142858, 12.571428571428571, 12.857142857142858]","[27, 25, 215]",0.0,12.729266987693954
0,q2,high_delay,4,bootstrap_conditional,0.2444389471391699,"[29.130029079670052, 29.89542649103325, 33.4243392690151]","[11.0, 11.0, 11.0, 11.0]","[37, 34, 138, 58]",13,0.5,1,[],[11.0],[267],0.0,11.0
0,q3_basic,step_only,4,bootstrap_conditional,0.1344990652737567,"[29.152824510000002, 29.92762346, 30.70173971]","[25.0, 25.0, 25.0, 25.0]","[41, 32, 48, 146]",13,0.5,1,[],[25.0],[267],1.0,25.0
0,q3_basic,low_delay,4,bootstrap_conditional,0.1916358800554936,"[28.995840137890752, 29.525661425178548, 31.743230699999998]","[12.857142857142858, 12.857142857142858, 12.857142857142858, 25.0]","[27, 29, 95, 116]",13,0.5,2,[31.743230699999998],"[12.857142857142858, 25.0]","[151, 116]",0.4344569288389513,18.132691278758696
0,q3_basic,medium_delay,4,bootstrap_conditional,0.2363049168569584,"[28.995840137890752, 29.398260685, 30.119388739999998]","[11.857142857142858, 12.428571428571429, 12.857142857142858, 12.857142857142858]","[27, 25, 30, 185]",13,0.5,3,"[28.995840137890752, 29.398260685]","[11.857142857142858, 12.428571428571429, 12.857142857142858]","[27, 25, 215]",0.0,12.71589085072231
0,q3_basic,high_delay,4,bootstrap_conditional,0.2445900830544767,"[29.152824510000002, 30.119401915, 30.483268680000002]","[11.0, 11.0, 11.0, 11.0]","[41, 42, 25, 159]",13,0.5,1,[],[11.0],[267],0.0,11.0
0,q2,step_only,4,bootstrap_conditional,0.1361277989095725,"[29.152824510000002, 30.4768398, 31.835775192944702]","[25.0, 25.0, 25.0, 25.0]","[41, 65, 48, 113]",13,1.0,1,[],[25.0],[267],1.0,25.0
0,q2,low_delay,4,bootstrap_conditional,0.1962779071165876,"[28.995840137890752, 29.398260685, 31.0253201733632]","[12.857142857142858, 12.857142857142858, 12.857142857142858, 25.0]","[27, 25, 78, 137]",13,1.0,2,[31.0253201733632],"[12.857142857142858, 25.0]","[130, 137]",0.5131086142322098,19.087747458533975
0,q2,medium_delay,4,bootstrap_conditional,0.2468036487148525,"[28.995840137890752, 29.80803022604035, 31.7686576929447]","[12.142857142857142, 12.857142857142858, 12.857142857142858, 12.857142857142858]","[27, 42, 84, 114]",13,1.0,2,[28.995840137890752],"[12.142857142857142, 12.857142857142858]","[27, 240]",0.0,12.784911717495987
0,q2,high_delay,4,bootstrap_conditional,0.2569949213941421,"[29.130029079670052, 29.80803022604035, 30.406106735]","[11.0, 11.0, 11.0, 11.0]","[37, 32, 28, 170]",13,1.0,1,[],[11.0],[267],0.0,11.0
0,q3_basic,step_only,4,bootstrap_conditional,0.1361057791013193,"[29.152824510000002, 29.92762346, 30.70173971]","[25.0, 25.0, 25.0, 25.0]","[41, 32, 48, 146]",13,1.0,1,[],[25.0],[267],1.0,25.0
0,q3_basic,low_delay,4,bootstrap_conditional,0.1959930715414252,"[28.995840137890752, 29.398260685, 31.4807653089329]","[12.857142857142858, 12.857142857142858, 12.857142857142858, 25.0]","[27, 25, 88, 127]",13,1.0,2,[31.4807653089329],"[12.857142857142858, 25.0]","[140, 127]",0.4756554307116105,18.632958801498127
0,q3_basic,medium_delay,4,bootstrap_conditional,0.2469052188066941,"[29.0780592777865, 29.5907377837715, 30.119401915]","[12.285714285714286, 12.857142857142858, 12.857142857142858, 12.857142857142858]","[33, 25, 25, 184]",13,1.0,2,[29.0780592777865],"[12.285714285714286, 12.857142857142858]","[33, 234]",0.0,12.786516853932586
0,q3_basic,high_delay,4,bootstrap_conditional,0.2571671579928385,"[29.130029079670052, 29.85108298827395, 31.743230699999998]","[11.0, 11.0, 11.0, 11.0]","[37, 33, 81, 116]",13,1.0,1,[],[11.0],[267],0.0,11.0
0,q2,step_only,4,bootstrap_conditional,0.1440403978116069,"[29.398260685, 30.6453224487093, 34.96257461]","[25.0, 25.0, 25.0, 25.0]","[52, 64, 118, 33]",13,1.5,1,[],[25.0],[267],1.0,25.0
0,q2,low_delay,4,bootstrap_conditional,0.2054424547759121,"[28.995840137890752, 29.398260685, 30.90865332054825]","[12.857142857142858, 12.857142857142858, 12.857142857142858, 25.0]","[27, 25, 76, 139]",13,1.5,2,[30.90865332054825],"[12.857142857142858, 25.0]","[128, 139]",0.5205992509363296,19.178705189941148
0,q2,medium_delay,4,bootstrap_conditional,0.2566244379281168,"[28.995840137890752, 29.398260685, 30.119401915]","[11.714285714285714, 12.714285714285714, 12.857142857142858, 12.857142857142858]","[27, 25, 31, 184]",13,1.5,3,"[28.995840137890752, 29.398260685]","[11.714285714285714, 12.714285714285714, 12.857142857142858]","[27, 25, 215]",0.0,12.728196896736224
0,q2,high_delay,4,bootstrap_conditional,0.2648862611772403,"[29.46600999140705, 30.85851518, 32.5830326425095]","[11.0, 11.0, 11.0, 11.0]","[55, 72, 52, 88]",13,1.5,1,[],[11.0],[267],0.0,11.0
0,q3_basic,step_only,4,bootstrap_conditional,0.1440200395574088,"[29.152824510000002, 29.92762346, 30.70173971]","[25.0, 25.0, 25.0, 25.0]","[41, 32, 48, 146]",13,1.5,1,[],[25.0],[267],1.0,25.0
0,q3_basic,low_delay,4,bootstrap_conditional,0.2053519034907859,"[28.995840137890752, 29.398260685, 30.70173971]","[12.857142857142858, 12.857142857142858, 12.857142857142858, 25.0]","[27, 25, 69, 146]",13,1.5,2,[30.70173971],"[12.857142857142858, 25.0]","[121, 146]",0.5468164794007491,19.49705724986624
0,q3_basic,medium_delay,4,bootstrap_conditional,0.2567115563697926,"[28.995840137890752, 29.398260685, 31.10374034281495]","[11.857142857142858, 12.571428571428571, 12.857142857142858, 12.857142857142858]","[27, 25, 80, 135]",13,1.5,3,"[28.995840137890752, 29.398260685]","[11.857142857142858, 12.571428571428571, 12.857142857142858]","[27, 25, 215]",0.0,12.729266987693954
0,q3_basic,high_delay,4,bootstrap_conditional,0.2650209217616254,"[29.130029079670052, 29.80803022604035, 30.406106735]","[11.0, 11.0, 11.0, 11.0]","[37, 32, 28, 170]",13,1.5,1,[],[11.0],[267],0.0,11.0
0,q2,step_only,4,bootstrap_conditional,0.1500504642122603,"[28.92216465289075, 29.716817785, 32.0931884444288]","[12.857142857142858, 25.0, 25.0, 25.0]","[26, 35, 116, 90]",14,0.0,2,[28.92216465289075],"[12.857142857142858, 25.0]","[26, 241]",0.9026217228464419,23.817549491706796
0,q2,low_delay,4,bootstrap_conditional,0.1801295046450888,"[28.75572777, 29.45233963460275, 34.7490199464828]","[12.857142857142858, 12.857142857142858, 12.857142857142858, 24.857142857142858]","[25, 27, 190, 25]",14,0.0,2,[34.7490199464828],"[12.857142857142858, 24.857142857142858]","[242, 25]",0.0,13.980738362760835
0,q2,medium_delay,4,bootstrap_conditional,0.1996623788956875,"[29.02420649077765, 29.66606058, 30.63776876310955]","[11.0, 11.0, 11.0, 11.0]","[29, 29, 63, 146]",14,0.0,1,[],[11.0],[267],0.0,11.0
0,q2,high_delay,4,bootstrap_conditional,0.1996623788956875,"[29.02420649077765, 29.66606058, 30.63776876310955]","[11.0, 11.0, 11.0, 11.0]","[29, 29, 63, 146]",14,0.0,1,[],[11.0],[267],0.0,11.0
0,q3_basic,step_only,4,bootstrap_conditional,0.1493278521999203,"[29.37857702, 30.68221255328655, 31.4807653089329]","[12.857142857142858, 25.0, 12.857142857142858, 25.0]","[44, 81, 26, 116]",14,0.0,4,"[29.37857702, 30.68221255328655, 31.4807653089329]","[12.857142857142858, 25.0, 12.857142857142858, 25.0]","[44, 81, 26, 116]",0.7378277153558053,21.816479400749063
0,q3_basic,low_delay,4,bootstrap_conditional,0.1806291304806733,"[28.75572777, 29.45233963460275, 34.7490199464828]","[12.857142857142858, 12.857142857142858, 12.857142857142858, 24.857142857142858]","[25, 27, 190, 25]",14,0.0,2,[34.7490199464828],"[12.857142857142858, 24.857142857142858]","[242, 25]",0.0,13.980738362760835
0,q3_basic,medium_delay,4,bootstrap_conditional,0.2005791152023769,"[29.113345477786503, 30.0196636680224, 32.35873326694265]","[11.0, 11.0, 11.0, 11.0]","[32, 48, 102, 85]",14,0.0,1,[],[11.0],[267],0.0,11.0
0,q3_basic,high_delay,4,bootstrap_conditional,0.2005791152023769,"[29.113345477786503, 30.0196636680224, 32.35873326694265]","[11.0, 11.0, 11.0, 11.0]","[32, 48, 102, 85]",14,0.0,1,[],[11.0],[267],0.0,11.0
0,q2,step_only,4,bootstrap_conditional,0.1444431861763201,"[29.172108809999997, 29.756464415, 32.5165379383577]","[25.0, 25.0, 25.0, 25.0]","[35, 32, 118, 82]",14,0.5,1,[],[25.0],[267],1.0,25.0
0,q2,low_delay,4,bootstrap_conditional,0.1792740222385637,"[28.75572777, 29.45233963460275, 34.7490199464828]","[12.857142857142858, 12.857142857142858, 12.857142857142858, 24.857142857142858]","[25, 27, 190, 25]",14,0.5,2,[34.7490199464828],"[12.857142857142858, 24.857142857142858]","[242, 25]",0.0,13.980738362760835
0,q2,medium_delay,4,bootstrap_conditional,0.2010325251045105,"[29.02420649077765, 29.716817785, 34.7490199464828]","[11.0, 11.0, 11.0, 11.857142857142858]","[29, 32, 181, 25]",14,0.5,2,[34.7490199464828],"[11.0, 11.857142857142858]","[242, 25]",0.0,11.080256821829856
0,q2,high_delay,4,bootstrap_conditional,0.2010574691781935,"[29.02420649077765, 29.975810298022402, 32.0931884444288]","[11.0, 11.0, 11.0, 11.0]","[29, 49, 99, 90]",14,0.5,1,[],[11.0],[267],0.0,11.0
0,q3_basic,step_only,4,bootstrap_conditional,0.1440698197521341,"[29.172108809999997, 29.756464415, 30.68221255328655]","[25.0, 25.0, 25.0, 25.0]","[35, 32, 58, 142]",14,0.5,1,[],[25.0],[267],1.0,25.0
0,q3_basic,low_delay,4,bootstrap_conditional,0.1795477863489979,"[28.75572777, 33.35454504804695, 34.2304863568548]","[12.857142857142858, 12.857142857142858, 24.428571428571427, 12.857142857142858]","[25, 180, 25, 37]",14,0.5,3,"[33.35454504804695, 34.2304863568548]","[12.857142857142858, 24.428571428571427, 12.857142857142858]","[205, 25, 37]",0.0,13.940609951845907
0,q3_basic,medium_delay,4,bootstrap_conditional,0.2016933651808198,"[29.02420649077765, 33.35454504804695, 34.2304863568548]","[11.0, 11.0, 12.285714285714286, 11.142857142857142]","[29, 176, 25, 37]",14,0.5,3,"[33.35454504804695, 34.2304863568548]","[11.0, 12.285714285714286, 11.142857142857142]","[205, 25, 37]",0.0,11.140181915462815
0,q3_basic,high_delay,4,bootstrap_conditional,0.2017426308736519,"[29.02420649077765, 29.66606058, 30.519692062512547]","[11.0, 11.0, 11.0, 11.0]","[29, 29, 56, 153]",14,0.5,1,[],[11.0],[267],0.0,11.0
0,q2,step_only,4,bootstrap_conditional,0.1453876259498245,"[29.172108809999997, 29.756464415, 30.68221255328655]","[25.0, 25.0, 25.0, 25.0]","[35, 32, 58, 142]",14,1.0,1,[],[25.0],[267],1.0,25.0
0,q2,low_delay,4,bootstrap_conditional,0.1840796072480168,"[28.75572777, 29.55072956140705, 34.7490199464828]","[12.857142857142858, 12.857142857142858, 12.857142857142858, 24.857142857142858]","[25, 29, 188, 25]",14,1.0,2,[34.7490199464828],"[12.857142857142858, 24.857142857142858]","[242, 25]",0.0,13.980738362760835
0,q2,medium_delay,4,bootstrap_conditional,0.2079100082235749,"[29.02420649077765, 29.92335859103325, 34.7490199464828]","[11.0, 11.0, 11.0, 12.857142857142858]","[29, 47, 166, 25]",14,1.0,2,[34.7490199464828],"[11.0, 12.857142857142858]","[242, 25]",0.0,11.173889780631354
0,q2,high_delay,4,bootstrap_conditional,0.2080737313712861,"[29.02420649077765, 29.66606058, 30.46963577]","[11.0, 11.0, 11.0, 11.0]","[29, 29, 49, 160]",14,1.0,1,[],[11.0],[267],0.0,11.0
0,q3_basic,step_only,4,bootstrap_conditional,0.1448810672279835,"[29.172108809999997, 29.756464415, 30.68221255328655]","[25.0, 25.0, 25.0, 25.0]","[35, 32, 58, 142]",14,1.0,1,[],[25.0],[267],1.0,25.0
0,q3_basic,low_delay,4,bootstrap_conditional,0.1845527722763079,"[29.0518100428869, 33.75437025555455, 34.7490199464828]","[12.857142857142858, 12.857142857142858, 12.857142857142858, 24.857142857142858]","[30, 183, 29, 25]",14,1.0,2,[34.7490199464828],"[12.857142857142858, 24.857142857142858]","[242, 25]",0.0,13.980738362760835
0,q3_basic,medium_delay,4,bootstrap_conditional,0.2088066603957437,"[29.02420649077765, 33.411452741852145, 34.7490199464828]","[11.0, 11.0, 12.0, 12.857142857142858]","[29, 181, 32, 25]",14,1.0,3,"[33.411452741852145, 34.7490199464828]","[11.0, 12.0, 12.857142857142858]","[210, 32, 25]",0.0,11.293739967897272
0,q3_basic,high_delay,4,bootstrap_conditional,0.2090056920086428,"[29.0780592777865, 29.858344816033252, 32.031642343137]","[11.0, 11.0, 11.0, 11.0]","[31, 44, 96, 96]",14,1.0,1,[],[11.0],[267],0.0,11.0
0,q2,step_only,4,bootstrap_conditional,0.1557694289113815,"[28.75572777, 29.45233963460275, 30.44797393]","[12.857142857142858, 25.0, 25.0, 25.0]","[25, 27, 50, 165]",14,1.5,2,[28.75572777],"[12.857142857142858, 25.0]","[25, 242]",0.9063670411985019,23.863028357410382
0,q2,low_delay,4,bootstrap_conditional,0.1800359238867868,"[28.75572777, 29.45233963460275, 29.975810298022402]","[12.857142857142858, 12.857142857142858, 12.857142857142858, 12.857142857142858]","[25, 27, 26, 189]",14,1.5,1,[],[12.857142857142858],[267],0.0,12.857142857142858
0,q2,medium_delay,4,bootstrap_conditional,0.1970341167041389,"[29.02420649077765, 29.66606058, 30.44797393]","[11.0, 11.0, 11.0, 11.0]","[29, 29, 44, 165]",14,1.5,1,[],[11.0],[267],0.0,11.0
0,q2,high_delay,4,bootstrap_conditional,0.1970341167041389,"[29.02420649077765, 29.66606058, 30.44797393]","[11.0, 11.0, 11.0, 11.0]","[29, 29, 44, 165]",14,1.5,1,[],[11.0],[267],0.0,11.0
0,q3_basic,step_only,4,bootstrap_conditional,0.1554743615339933,"[29.37857702, 30.68221255328655, 31.4807653089329]","[12.857142857142858, 25.0, 12.857142857142858, 25.0]","[44, 81, 26, 116]",14,1.5,4,"[29.37857702, 30.68221255328655, 31.4807653089329]","[12.857142857142858, 25.0, 12.857142857142858, 25.0]","[44, 81, 26, 116]",0.7378277153558053,21.816479400749063
0,q3_basic,low_delay,4,bootstrap_conditional,0.1802130993734918,"[28.75572777, 29.45233963460275, 30.18303856416215]","[12.857142857142858, 12.857142857142858, 12.857142857142858, 12.857142857142858]","[25, 27, 42, 173]",14,1.5,1,[],[12.857142857142858],[267],0.0,12.857142857142858
0,q3_basic,medium_delay,4,bootstrap_conditional,0.1974235074864726,"[29.02420649077765, 30.63776876310955, 32.13576459650285]","[11.0, 11.0, 11.0, 11.0]","[29, 92, 57, 89]",14,1.5,1,[],[11.0],[267],0.0,11.0
0,q3_basic,high_delay,4,bootstrap_conditional,0.1974235074864726,"[29.02420649077765, 30.63776876310955, 32.13576459650285]","[11.0, 11.0, 11.0, 11.0]","[29, 92, 57, 89]",14,1.5,1,[],[11.0],[267],0.0,11.0
0,q2,step_only,4,bootstrap_conditional,0.1307400666352103,"[28.436481376772548, 29.23587997, 31.255424249441752]","[12.857142857142858, 25.0, 25.0, 25.0]","[28, 31, 81, 127]",15,0.0,2,[28.436481376772548],"[12.857142857142858, 25.0]","[28, 239]",0.8951310861423221,23.726591760299627
0,q2,low_delay,4,bootstrap_conditional,0.1739141010994174,"[28.436481376772548, 29.130029079670052, 33.17799903161085]","[12.857142857142858, 12.857142857142858, 12.857142857142858, 25.0]","[28, 25, 150, 64]",15,0.0,2,[33.17799903161085],"[12.857142857142858, 25.0]","[203, 64]",0.2397003745318352,15.767790262172285
0,q2,medium_delay,4,bootstrap_conditional,0.207776534982436,"[30.0196636680224, 30.75052001013085, 31.50660346546065]","[11.0, 11.571428571428571, 12.285714285714286, 12.857142857142858]","[85, 39, 26, 117]",15,0.0,4,"[30.0196636680224, 30.75052001013085, 31.50660346546065]","[11.0, 11.571428571428571, 12.285714285714286, 12.857142857142858]","[85, 39, 26, 117]",0.0,12.02247191011236
0,q2,high_delay,4,bootstrap_conditional,0.2112243243435068,"[29.0455820628869, 31.255424249441752, 32.542167035]","[11.0, 11.0, 11.0, 11.0]","[50, 90, 42, 85]",15,0.0,1,[],[11.0],[267],0.0,11.0
0,q3_basic,step_only,4,bootstrap_conditional,0.1306400413771269,"[29.09474287967005, 29.975810298022402, 31.996085665000003]","[25.0, 12.857142857142858, 25.0, 25.0]","[52, 32, 76, 107]",15,0.0,3,"[29.09474287967005, 29.975810298022402]","[25.0, 12.857142857142858, 25.0]","[52, 32, 183]",0.8801498127340824,23.544676297485285
0,q3_basic,low_delay,4,bootstrap_conditional,0.1733882693143118,"[28.938497648086297, 30.435518495, 33.411452741852145]","[12.857142857142858, 12.857142857142858, 12.857142857142858, 25.0]","[42, 62, 112, 51]",15,0.0,2,[33.411452741852145],"[12.857142857142858, 25.0]","[216, 51]",0.19101123595505617,15.176565008025683
0,q3_basic,medium_delay,4,bootstrap_conditional,0.2081253888080728,"[30.102058579967398, 31.145124715, 31.83326575245955]","[11.0, 11.857142857142858, 12.857142857142858, 12.857142857142858]","[88, 43, 25, 111]",15,0.0,3,"[30.102058579967398, 31.145124715]","[11.0, 11.857142857142858, 12.857142857142858]","[88, 43, 136]",0.0,12.084002140181916
0,q3_basic,high_delay,4,bootstrap_conditional,0.2116399434672832,"[29.0455820628869, 31.255424249441752, 32.566909555448945]","[11.0, 11.0, 11.0, 11.0]","[50, 90, 43, 84]",15,0.0,1,[],[11.0],[267],0.0,11.0
0,q2,step_only,4,bootstrap_conditional,0.1369077610614629,"[28.870021235, 30.11360183, 31.996085665000003]","[25.0, 25.0, 25.0, 25.0]","[40, 49, 71, 107]",15,0.5,1,[],[25.0],[267],1.0,25.0
0,q2,low_delay,4,bootstrap_conditional,0.1807396409869901,"[28.436481376772548, 29.130029079670052, 33.6181502639047]","[12.857142857142858, 12.857142857142858, 12.857142857142858, 25.0]","[28, 25, 166, 48]",15,0.5,2,[33.6181502639047],"[12.857142857142858, 25.0]","[219, 48]",0.1797752808988764,15.040128410914928
0,q2,medium_delay,4,bootstrap_conditional,0.2117106551484803,"[30.90413263054825, 31.709000680000003, 32.4662509483577]","[11.0, 11.571428571428571, 12.285714285714286, 12.857142857142858]","[126, 26, 28, 87]",15,0.5,4,"[30.90413263054825, 31.709000680000003, 32.4662509483577]","[11.0, 11.571428571428571, 12.285714285714286, 12.857142857142858]","[126, 26, 28, 87]",0.0,11.795612627073302
0,q2,high_delay,4,bootstrap_conditional,0.2136135372037896,"[29.748133, 31.95259136745955, 33.06560747004135]","[11.0, 11.0, 11.0, 11.0]","[72, 85, 43, 67]",15,0.5,1,[],[11.0],[267],0.0,11.0
0,q3_basic,step_only,4,bootstrap_conditional,0.1369888244087026,"[28.870021235, 30.11360183, 31.996085665000003]","[25.0, 25.0, 25.0, 25.0]","[40, 49, 71, 107]",15,0.5,1,[],[25.0],[267],1.0,25.0
0,q3_basic,low_delay,4,bootstrap_conditional,0.1802612196182067,"[28.436481376772548, 29.130029079670052, 33.411452741852145]","[12.857142857142858, 12.857142857142858, 12.857142857142858, 25.0]","[28, 25, 163, 51]",15,0.5,2,[33.411452741852145],"[12.857142857142858, 25.0]","[216, 51]",0.19101123595505617,15.176565008025683
0,q3_basic,medium_delay,4,bootstrap_conditional,0.2119760964781637,"[31.145124715, 32.7032818769354, 33.3978292790151]","[11.0, 12.857142857142858, 11.142857142857142, 12.857142857142858]","[131, 55, 29, 52]",15,0.5,4,"[31.145124715, 32.7032818769354, 33.3978292790151]","[11.0, 12.857142857142858, 11.142857142857142, 12.857142857142858]","[131, 55, 29, 52]",0.0,11.7597645799893
0,q3_basic,high_delay,4,bootstrap_conditional,0.2139969006355036,"[29.23587997, 31.426179554571, 32.63123790044895]","[11.0, 11.0, 11.0, 11.0]","[59, 88, 37, 83]",15,0.5,1,[],[11.0],[267],0.0,11.0
0,q2,step_only,4,bootstrap_conditional,0.1371541783139687,"[28.870021235, 30.435518495, 32.18924892207405]","[25.0, 25.0, 25.0, 25.0]","[40, 64, 68, 95]",15,1.0,1,[],[25.0],[267],1.0,25.0
0,q2,low_delay,4,bootstrap_conditional,0.1742125979239203,"[28.436481376772548, 29.130029079670052, 34.827777775]","[12.857142857142858, 12.857142857142858, 12.857142857142858, 25.0]","[28, 25, 184, 30]",15,1.0,2,[34.827777775],"[12.857142857142858, 25.0]","[237, 30]",0.11235955056179775,14.221508828250402
0,q2,medium_delay,4,bootstrap_conditional,0.200580889315678,"[32.3567186049637, 33.1279444036214, 34.22124242450115]","[11.0, 11.285714285714286, 11.857142857142858, 12.857142857142858]","[176, 26, 25, 40]",15,1.0,4,"[32.3567186049637, 33.1279444036214, 34.22124242450115]","[11.0, 11.285714285714286, 11.857142857142858, 12.857142857142858]","[176, 26, 25, 40]",0.0,11.386302835741038
0,q2,high_delay,4,bootstrap_conditional,0.2012723124824073,"[29.009509792886902, 31.2908888938616, 32.566909555448945]","[11.0, 11.0, 11.0, 11.0]","[48, 93, 42, 84]",15,1.0,1,[],[11.0],[267],0.0,11.0
0,q3_basic,step_only,4,bootstrap_conditional,0.1369529937732945,"[29.09474287967005, 29.975810298022402, 31.996085665000003]","[25.0, 12.857142857142858, 25.0, 25.0]","[52, 32, 76, 107]",15,1.0,3,"[29.09474287967005, 29.975810298022402]","[25.0, 12.857142857142858, 25.0]","[52, 32, 183]",0.8801498127340824,23.544676297485285
0,q3_basic,low_delay,4,bootstrap_conditional,0.1739910622934853,"[28.56652825177255, 30.117794359999998, 35.55795257478585]","[12.857142857142858, 12.857142857142858, 12.857142857142858, 24.857142857142858]","[30, 60, 152, 25]",15,1.0,2,[35.55795257478585],"[12.857142857142858, 24.857142857142858]","[242, 25]",0.0,13.980738362760835
0,q3_basic,medium_delay,4,bootstrap_conditional,0.20073600113879,"[31.145124715, 32.023073225000005, 33.411452741852145]","[11.0, 11.714285714285714, 11.0, 12.857142857142858]","[131, 31, 54, 51]",15,1.0,4,"[31.145124715, 32.023073225000005, 33.411452741852145]","[11.0, 11.714285714285714, 11.0, 12.857142857142858]","[131, 31, 54, 51]",0.0,11.437667201712145
0,q3_basic,high_delay,4,bootstrap_conditional,0.2015698524025114,"[29.130029079670052, 31.373618482277948, 32.88265373593305]","[11.0, 11.0, 11.0, 11.0]","[53, 93, 43, 78]",15,1.0,1,[],[11.0],[267],0.0,11.0
0,q2,step_only,4,bootstrap_conditional,0.1451750152418006,"[28.870021235, 30.2646582128532, 34.411814519222446]","[25.0, 25.0, 25.0, 25.0]","[40, 60, 129, 38]",15,1.5,1,[],[25.0],[267],1.0,25.0
0,q2,low_delay,4,bootstrap_conditional,0.1876176631327925,"[28.436481376772548, 29.130029079670052, 33.9632508881169]","[12.857142857142858, 12.857142857142858, 12.857142857142858, 25.0]","[28, 25, 172, 42]",15,1.5,2,[33.9632508881169],"[12.857142857142858, 25.0]","[225, 42]",0.15730337078651685,14.76725521669342
0,q2,medium_delay,4,bootstrap_conditional,0.2158688785573648,"[32.3282979883502, 33.06560747004135, 33.9632508881169]","[11.0, 11.571428571428571, 12.142857142857142, 12.857142857142858]","[175, 25, 25, 42]",15,1.5,4,"[32.3282979883502, 33.06560747004135, 33.9632508881169]","[11.0, 11.571428571428571, 12.142857142857142, 12.857142857142858]","[175, 25, 25, 42]",0.0,11.452648475120384
0,q2,high_delay,4,bootstrap_conditional,0.2167061756742133,"[29.09474287967005, 31.23327048, 32.4662509483577]","[11.0, 11.0, 11.0, 11.0]","[52, 84, 44, 87]",15,1.5,1,[],[11.0],[267],0.0,11.0
0,q3_basic,step_only,4,bootstrap_conditional,0.1457869617739352,"[28.870021235, 30.3549329065045, 32.04871425]","[25.0, 25.0, 25.0, 25.0]","[40, 63, 66, 98]",15,1.5,1,[],[25.0],[267],1.0,25.0
0,q3_basic,low_delay,4,bootstrap_conditional,0.1871826013153424,"[28.436481376772548, 29.92762346, 33.411452741852145]","[12.857142857142858, 12.857142857142858, 12.857142857142858, 25.0]","[28, 53, 135, 51]",15,1.5,2,[33.411452741852145],"[12.857142857142858, 25.0]","[216, 51]",0.19101123595505617,15.176565008025683
0,q3_basic,medium_delay,4,bootstrap_conditional,0.2160197253813475,"[31.145124715, 32.023073225000005, 33.411452741852145]","[11.0, 11.571428571428571, 11.0, 12.857142857142858]","[131, 31, 54, 51]",15,1.5,4,"[31.145124715, 32.023073225000005, 33.411452741852145]","[11.0, 11.571428571428571, 11.0, 12.857142857142858]","[131, 31, 54, 51]",0.0,11.42108079186731
0,q3_basic,high_delay,4,bootstrap_conditional,0.2169157943636336,"[29.009509792886902, 31.23327048, 32.41381647855615]","[11.0, 11.0, 11.0, 11.0]","[48, 88, 43, 88]",15,1.5,1,[],[11.0],[267],0.0,11.0
0,q2,step_only,4,bootstrap_conditional,0.1385590023886448,"[29.0780592777865, 29.78295940379965, 30.456294565]","[25.0, 25.0, 25.0, 25.0]","[48, 26, 43, 150]",16,0.0,1,[],[25.0],[267],1.0,25.0
0,q2,low_delay,4,bootstrap_conditional,0.2084410724916143,"[28.376274255, 29.172108809999997, 30.119401915]","[12.857142857142858, 25.0, 25.0, 25.0]","[26, 27, 44, 170]",16,0.0,2,[28.376274255],"[12.857142857142858, 25.0]","[26, 241]",0.9026217228464419,23.817549491706796
0,q2,medium_delay,4,bootstrap_conditional,0.276802738032491,"[28.376274255, 30.119401915, 35.02655091]","[12.857142857142858, 12.857142857142858, 12.857142857142858, 12.857142857142858]","[26, 71, 145, 25]",16,0.0,1,[],[12.857142857142858],[267],0.0,12.857142857142858
0,q2,high_delay,4,bootstrap_conditional,0.2934812345676832,"[28.5703708870288, 30.117794359999998, 30.4768398]","[11.0, 11.0, 11.0, 11.0]","[30, 64, 26, 147]",16,0.0,1,[],[11.0],[267],0.0,11.0
0,q3_basic,step_only,4,bootstrap_conditional,0.1385434631384936,"[29.152824510000002, 30.4768398, 32.626213435]","[25.0, 25.0, 25.0, 25.0]","[51, 69, 65, 82]",16,0.0,1,[],[25.0],[267],1.0,25.0
0,q3_basic,low_delay,4,bootstrap_conditional,0.2085434631384934,"[29.10705821745655, 31.426179554571, 32.542167035]","[25.0, 25.0, 25.0, 25.0]","[49, 99, 36, 83]",16,0.0,1,[],[25.0],[267],1.0,25.0
0,q3_basic,medium_delay,4,bootstrap_conditional,0.2768066096141066,"[28.376274255, 29.26591345677795, 30.6746588676868]","[12.857142857142858, 12.857142857142858, 12.857142857142858, 12.857142857142858]","[26, 29, 73, 139]",16,0.0,1,[],[12.857142857142858],[267],0.0,12.857142857142858
0,q3_basic,high_delay,4,bootstrap_conditional,0.2935181406734417,"[28.5703708870288, 29.26591345677795, 30.3529487489287]","[11.0, 11.0, 11.0, 11.0]","[30, 25, 48, 164]",16,0.0,1,[],[11.0],[267],0.0,11.0
0,q2,step_only,4,bootstrap_conditional,0.1408662069471929,"[29.0780592777865, 30.060693649999997, 33.307927785000004]","[25.0, 25.0, 25.0, 25.0]","[48, 37, 116, 66]",16,0.5,1,[],[25.0],[267],1.0,25.0
0,q2,low_delay,4,bootstrap_conditional,0.2107512955055436,"[28.376274255, 29.172108809999997, 29.8182661822407]","[12.857142857142858, 25.0, 25.0, 25.0]","[26, 27, 25, 189]",16,0.5,2,[28.376274255],"[12.857142857142858, 25.0]","[26, 241]",0.9026217228464419,23.817549491706796
0,q2,medium_delay,4,bootstrap_conditional,0.2744114501096903,"[28.376274255, 29.152824510000002, 29.80803022604035]","[12.857142857142858, 12.857142857142858, 12.857142857142858, 12.857142857142858]","[26, 25, 25, 191]",16,0.5,1,[],[12.857142857142858],[267],0.0,12.857142857142858
0,q2,high_delay,4,bootstrap_conditional,0.289058997396895,"[28.5703708870288, 29.652620804999998, 30.406106735]","[11.0, 11.0, 11.0, 11.0]","[30, 33, 46, 158]",16,0.5,1,[],[11.0],[267],0.0,11.0
0,q3_basic,step_only,4,bootstrap_conditional,0.1409488630336786,"[29.10705821745655, 30.4768398, 34.6456217064828]","[25.0, 25.0, 25.0, 25.0]","[49, 71, 115, 32]",16,0.5,1,[],[25.0],[267],1.0,25.0
0,q3_basic,low_delay,4,bootstrap_conditional,0.2108895202316629,"[28.46808443177255, 29.398260685, 30.11360183]","[12.857142857142858, 25.0, 25.0, 25.0]","[28, 30, 34, 175]",16,0.5,2,[28.46808443177255],"[12.857142857142858, 25.0]","[28, 239]",0.8951310861423221,23.726591760299627
0,q3_basic,medium_delay,4,bootstrap_conditional,0.2742123777061833,"[28.376274255, 29.152824510000002, 29.80803022604035]","[12.857142857142858, 12.857142857142858, 12.857142857142858, 12.857142857142858]","[26, 25, 25, 191]",16,0.5,1,[],[12.857142857142858],[267],0.0,12.857142857142858
0,q3_basic,high_delay,4,bootstrap_conditional,0.2887532204928449,"[28.5703708870288, 29.26591345677795, 30.3529487489287]","[11.0, 11.0, 11.0, 11.0]","[30, 25, 48, 164]",16,0.5,1,[],[11.0],[267],0.0,11.0
0,q2,step_only,4,bootstrap_conditional,0.1443814066452613,"[29.398260685, 30.456294565, 34.5435630114828]","[25.0, 25.0, 25.0, 25.0]","[58, 59, 117, 33]",16,1.0,1,[],[25.0],[267],1.0,25.0
0,q2,low_delay,4,bootstrap_conditional,0.2130827353232219,"[28.907467955, 29.94361332905565, 30.456294565]","[12.857142857142858, 25.0, 25.0, 25.0]","[40, 42, 35, 150]",16,1.0,2,[28.907467955],"[12.857142857142858, 25.0]","[40, 227]",0.850187265917603,23.18084537185661
0,q2,medium_delay,4,bootstrap_conditional,0.2721998540988612,"[28.376274255, 29.152824510000002, 29.80803022604035]","[12.857142857142858, 12.857142857142858, 12.857142857142858, 12.857142857142858]","[26, 25, 25, 191]",16,1.0,1,[],[12.857142857142858],[267],0.0,12.857142857142858
0,q2,high_delay,4,bootstrap_conditional,0.2843496705174251,"[28.5703708870288, 29.5907377837715, 30.521331102512548]","[11.0, 11.0, 11.0, 11.0]","[30, 31, 63, 143]",16,1.0,1,[],[11.0],[267],0.0,11.0
0,q3_basic,step_only,4,bootstrap_conditional,0.1444889346367265,"[29.0780592777865, 30.435518495, 34.50887419732065]","[25.0, 25.0, 25.0, 25.0]","[48, 65, 118, 36]",16,1.0,1,[],[25.0],[267],1.0,25.0
0,q3_basic,low_delay,4,bootstrap_conditional,0.2132306085352127,"[28.813373329999997, 29.749820315464298, 30.119388739999998]","[12.857142857142858, 25.0, 25.0, 25.0]","[39, 28, 28, 172]",16,1.0,2,[28.813373329999997],"[12.857142857142858, 25.0]","[39, 228]",0.8539325842696629,23.226324237560192
0,q3_basic,medium_delay,4,bootstrap_conditional,0.2719628227306243,"[28.376274255, 29.152824510000002, 29.80803022604035]","[12.857142857142858, 12.857142857142858, 12.857142857142858, 12.857142857142858]","[26, 25, 25, 191]",16,1.0,1,[],[12.857142857142858],[267],0.0,12.857142857142858
0,q3_basic,high_delay,4,bootstrap_conditional,0.2839851565631938,"[28.5703708870288, 29.398260685, 30.5711615791423]","[11.0, 11.0, 11.0, 11.0]","[30, 28, 67, 142]",16,1.0,1,[],[11.0],[267],0.0,11.0
0,q2,step_only,4,bootstrap_conditional,0.1470802480247398,"[29.0780592777865, 30.406106735, 34.411814519222446]","[25.0, 25.0, 25.0, 25.0]","[48, 61, 119, 39]",16,1.5,1,[],[25.0],[267],1.0,25.0
0,q2,low_delay,4,bootstrap_conditional,0.2136470318334613,"[28.7075496663795, 29.94361332905565, 30.456294565]","[12.857142857142858, 12.857142857142858, 25.0, 25.0]","[35, 47, 35, 150]",16,1.5,2,[29.94361332905565],"[12.857142857142858, 25.0]","[82, 185]",0.6928838951310862,21.270733012306042
0,q2,medium_delay,4,bootstrap_conditional,0.2638258048234981,"[28.376274255, 29.152824510000002, 29.80803022604035]","[12.571428571428571, 12.857142857142858, 12.857142857142858, 12.857142857142858]","[26, 25, 25, 191]",16,1.5,2,[28.376274255],"[12.571428571428571, 12.857142857142858]","[26, 241]",0.0,12.829320492241841
0,q2,high_delay,4,bootstrap_conditional,0.2721712106807026,"[28.5703708870288, 29.26591345677795, 30.3529487489287]","[11.0, 11.0, 11.0, 11.0]","[30, 25, 48, 164]",16,1.5,1,[],[11.0],[267],0.0,11.0
0,q3_basic,step_only,4,bootstrap_conditional,0.1471267891026123,"[29.130029079670052, 30.406106735, 31.71929008]","[25.0, 25.0, 25.0, 25.0]","[50, 59, 51, 107]",16,1.5,1,[],[25.0],[267],1.0,25.0
0,q3_basic,low_delay,4,bootstrap_conditional,0.2138856507921943,"[28.376274255, 29.94361332905565, 30.484907720000002]","[12.857142857142858, 12.857142857142858, 25.0, 25.0]","[26, 56, 41, 144]",16,1.5,2,[29.94361332905565],"[12.857142857142858, 25.0]","[82, 185]",0.6928838951310862,21.270733012306042
0,q3_basic,medium_delay,4,bootstrap_conditional,0.263746791161096,"[28.376274255, 29.152824510000002, 29.80803022604035]","[12.571428571428571, 12.857142857142858, 12.857142857142858, 12.857142857142858]","[26, 25, 25, 191]",16,1.5,2,[28.376274255],"[12.571428571428571, 12.857142857142858]","[26, 241]",0.0,12.829320492241841
0,q3_basic,high_delay,4,bootstrap_conditional,0.2720450400760823,"[28.5703708870288, 30.228917610560153, 31.426179554571]","[11.0, 11.0, 11.0, 11.0]","[30, 71, 47, 119]",16,1.5,1,[],[11.0],[267],0.0,11.0
0,q2,step_only,4,bootstrap_conditional,0.1606271952546115,"[29.03191240789075, 30.2646582128532, 31.4420992745277]","[12.857142857142858, 12.857142857142858, 12.857142857142858, 25.0]","[34, 59, 45, 129]",17,0.0,2,[31.4420992745277],"[12.857142857142858, 25.0]","[138, 129]",0.48314606741573035,18.7239165329053
0,q2,low_delay,4,bootstrap_conditional,0.1799209585175796,"[28.62684680525625, 29.35954207201715, 30.13270729597285]","[12.857142857142858, 12.857142857142858, 12.857142857142858, 12.857142857142858]","[25, 25, 38, 179]",17,0.0,1,[],[12.857142857142858],[267],0.0,12.857142857142858
0,q2,medium_delay,4,bootstrap_conditional,0.1927299924629239,"[28.9759443680863, 31.30462428941985, 33.21173465295685]","[11.0, 11.0, 11.0, 11.0]","[31, 105, 56, 75]",17,0.0,1,[],[11.0],[267],0.0,11.0
0,q2,high_delay,4,bootstrap_conditional,0.1927299924629239,"[28.9759443680863, 31.30462428941985, 33.21173465295685]","[11.0, 11.0, 11.0, 11.0]","[31, 105, 56, 75]",17,0.0,1,[],[11.0],[267],0.0,11.0
0,q3_basic,step_only,4,bootstrap_conditional,0.1604583304492153,"[28.62684680525625, 29.35954207201715, 31.13775394781495]","[12.857142857142858, 12.857142857142858, 12.857142857142858, 25.0]","[25, 25, 78, 139]",17,0.0,2,[31.13775394781495],"[12.857142857142858, 25.0]","[128, 139]",0.5205992509363296,19.178705189941148
0,q3_basic,low_delay,4,bootstrap_conditional,0.1799912364551645,"[28.62684680525625, 29.35954207201715, 30.406106735]","[12.857142857142858, 12.857142857142858, 12.857142857142858, 12.857142857142858]","[25, 25, 50, 167]",17,0.0,1,[],[12.857142857142858],[267],0.0,12.857142857142858
0,q3_basic,medium_delay,4,bootstrap_conditional,0.1928507500348037,"[28.9759443680863, 29.7859335322407, 30.5711615791423]","[11.0, 11.0, 11.0, 11.0]","[31, 34, 53, 149]",17,0.0,1,[],[11.0],[267],0.0,11.0
0,q3_basic,high_delay,4,bootstrap_conditional,0.1928507500348037,"[28.9759443680863, 29.7859335322407, 30.5711615791423]","[11.0, 11.0, 11.0, 11.0]","[31, 34, 53, 149]",17,0.0,1,[],[11.0],[267],0.0,11.0
0,q2,step_only,4,bootstrap_conditional,0.1622490551273837,"[28.62684680525625, 29.7458871954643, 31.952446668137]","[12.857142857142858, 12.857142857142858, 12.857142857142858, 25.0]","[25, 34, 91, 117]",17,0.5,2,[31.952446668137],"[12.857142857142858, 25.0]","[150, 117]",0.43820224719101125,18.17817014446228
0,q2,low_delay,4,bootstrap_conditional,0.1796209572107565,"[28.62684680525625, 29.55072956140705, 30.0856258249674]","[12.857142857142858, 12.857142857142858, 12.857142857142858, 12.857142857142858]","[25, 29, 25, 188]",17,0.5,1,[],[12.857142857142858],[267],0.0,12.857142857142858
0,q2,medium_delay,4,bootstrap_conditional,0.1914358800467962,"[29.088514899670052, 30.16560389281525, 30.62994764933135]","[11.0, 11.0, 11.0, 11.0]","[36, 53, 31, 147]",17,0.5,1,[],[11.0],[267],0.0,11.0
0,q2,high_delay,4,bootstrap_conditional,0.1914358800467962,"[29.088514899670052, 30.16560389281525, 30.62994764933135]","[11.0, 11.0, 11.0, 11.0]","[36, 53, 31, 147]",17,0.5,1,[],[11.0],[267],0.0,11.0
0,q3_basic,step_only,4,bootstrap_conditional,0.1622069178913791,"[28.62684680525625, 29.35954207201715, 31.231359400000002]","[12.857142857142858, 12.857142857142858, 12.857142857142858, 25.0]","[25, 25, 80, 137]",17,0.5,2,[31.231359400000002],"[12.857142857142858, 25.0]","[130, 137]",0.5131086142322098,19.087747458533975
0,q3_basic,low_delay,4,bootstrap_conditional,0.1797243673775903,"[29.152824510000002, 31.952446668137, 34.056319955]","[12.857142857142858, 12.857142857142858, 12.857142857142858, 12.857142857142858]","[42, 108, 69, 48]",17,0.5,1,[],[12.857142857142858],[267],0.0,12.857142857142858
0,q3_basic,medium_delay,4,bootstrap_conditional,0.1916090559178014,"[28.9759443680863, 29.7859335322407, 30.483268680000002]","[11.0, 11.0, 11.0, 11.0]","[31, 34, 47, 155]",17,0.5,1,[],[11.0],[267],0.0,11.0
0,q3_basic,high_delay,4,bootstrap_conditional,0.1916090559178014,"[28.9759443680863, 29.7859335322407, 30.483268680000002]","[11.0, 11.0, 11.0, 11.0]","[31, 34, 47, 155]",17,0.5,1,[],[11.0],[267],0.0,11.0
0,q2,step_only,4,bootstrap_conditional,0.1658474357211421,"[28.9759443680863, 30.46963577, 32.3383934589816]","[12.857142857142858, 12.857142857142858, 12.857142857142858, 25.0]","[31, 78, 52, 106]",17,1.0,2,[32.3383934589816],"[12.857142857142858, 25.0]","[161, 106]",0.3970037453183521,17.677902621722847
0,q2,low_delay,4,bootstrap_conditional,0.1811588209114498,"[28.62684680525625, 29.35954207201715, 30.115183039999998]","[12.857142857142858, 12.857142857142858, 12.857142857142858, 12.857142857142858]","[25, 25, 32, 185]",17,1.0,1,[],[12.857142857142858],[267],0.0,12.857142857142858
0,q2,medium_delay,4,bootstrap_conditional,0.1919187382311502,"[28.9759443680863, 29.7859335322407, 30.48501834]","[11.0, 11.0, 11.0, 11.0]","[31, 34, 48, 154]",17,1.0,1,[],[11.0],[267],0.0,11.0
0,q2,high_delay,4,bootstrap_conditional,0.1919187382311502,"[28.9759443680863, 29.7859335322407, 30.48501834]","[11.0, 11.0, 11.0, 11.0]","[31, 34, 48, 154]",17,1.0,1,[],[11.0],[267],0.0,11.0
0,q3_basic,step_only,4,bootstrap_conditional,0.1659098896666205,"[28.62684680525625, 29.35954207201715, 32.54128045880665]","[12.857142857142858, 12.857142857142858, 12.857142857142858, 25.0]","[25, 25, 119, 98]",17,1.0,2,[32.54128045880665],"[12.857142857142858, 25.0]","[169, 98]",0.36704119850187267,17.314071696094167
0,q3_basic,low_delay,4,bootstrap_conditional,0.1811948652231516,"[28.9759443680863, 30.119401915, 30.483268680000002]","[12.857142857142858, 12.857142857142858, 12.857142857142858, 12.857142857142858]","[31, 56, 25, 155]",17,1.0,1,[],[12.857142857142858],[267],0.0,12.857142857142858
0,q3_basic,medium_delay,4,bootstrap_conditional,0.1919668841612299,"[28.9759443680863, 29.7859335322407, 30.406106735]","[11.0, 11.0, 11.0, 11.0]","[31, 34, 35, 167]",17,1.0,1,[],[11.0],[267],0.0,11.0
0,q3_basic,high_delay,4,bootstrap_conditional,0.1919668841612299,"[28.9759443680863, 29.7859335322407, 30.406106735]","[11.0, 11.0, 11.0, 11.0]","[31, 34, 35, 167]",17,1.0,1,[],[11.0],[267],0.0,11.0
0,q2,step_only,4,bootstrap_conditional,0.1780423735292874,"[28.62684680525625, 29.35954207201715, 33.99974703784895]","[12.857142857142858, 12.857142857142858, 12.857142857142858, 25.0]","[25, 25, 168, 49]",17,1.5,2,[33.99974703784895],"[12.857142857142858, 25.0]","[218, 49]",0.18352059925093633,15.085607276618514
0,q2,low_delay,4,bootstrap_conditional,0.1899391568182193,"[28.62684680525625, 30.115183039999998, 30.48501834]","[12.857142857142858, 12.857142857142858, 12.857142857142858, 12.857142857142858]","[25, 57, 31, 154]",17,1.5,1,[],[12.857142857142858],[267],0.0,12.857142857142858
0,q2,medium_delay,4,bootstrap_conditional,0.1972060237683544,"[29.130029079670052, 30.2989175471691, 30.75052001013085]","[11.0, 11.0, 11.0, 11.0]","[37, 57, 29, 144]",17,1.5,1,[],[11.0],[267],0.0,11.0
0,q2,high_delay,4,bootstrap_conditional,0.1972060237683544,"[29.130029079670052, 30.2989175471691, 30.75052001013085]","[11.0, 11.0, 11.0, 11.0]","[37, 57, 29, 144]",17,1.5,1,[],[11.0],[267],0.0,11.0
0,q3_basic,step_only,4,bootstrap_conditional,0.1780943800417103,"[28.62684680525625, 29.35954207201715, 34.056319955]","[12.857142857142858, 12.857142857142858, 12.857142857142858, 25.0]","[25, 25, 169, 48]",17,1.5,2,[34.056319955],"[12.857142857142858, 25.0]","[219, 48]",0.1797752808988764,15.040128410914928
0,q3_basic,low_delay,4,bootstrap_conditional,0.1899877082912776,"[29.03191240789075, 30.13270729597285, 30.62994764933135]","[12.857142857142858, 12.857142857142858, 12.857142857142858, 12.857142857142858]","[34, 54, 32, 147]",17,1.5,1,[],[12.857142857142858],[267],0.0,12.857142857142858
0,q3_basic,medium_delay,4,bootstrap_conditional,0.197274136510314,"[28.995840137890752, 30.119388739999998, 30.4768398]","[11.0, 11.0, 11.0, 11.0]","[33, 52, 26, 156]",17,1.5,1,[],[11.0],[267],0.0,11.0
0,q3_basic,high_delay,4,bootstrap_conditional,0.197274136510314,"[28.995840137890752, 30.119388739999998, 30.4768398]","[11.0, 11.0, 11.0, 11.0]","[33, 52, 26, 156]",17,1.5,1,[],[11.0],[267],0.0,11.0
0,q2,step_only,4,bootstrap_conditional,0.1472755247414981,"[28.9022688830863, 29.8182661822407, 33.27154536798945]","[25.0, 25.0, 25.0, 25.0]","[41, 39, 111, 76]",18,0.0,1,[],[25.0],[267],1.0,25.0
0,q2,low_delay,4,bootstrap_conditional,0.2045495128409469,"[28.33249185, 29.09474287967005, 32.090620644428796]","[12.857142857142858, 12.857142857142858, 12.857142857142858, 25.0]","[26, 26, 105, 110]",18,0.0,2,[32.090620644428796],"[12.857142857142858, 25.0]","[157, 110]",0.41198501872659177,17.859818084537185
0,q2,medium_delay,4,bootstrap_conditional,0.2408427367935939,"[29.26591345677795, 30.13270729597285, 31.13775394781495]","[11.0, 11.571428571428571, 12.142857142857142, 12.857142857142858]","[64, 28, 43, 132]",18,0.0,4,"[29.26591345677795, 30.13270729597285, 31.13775394781495]","[11.0, 11.571428571428571, 12.142857142857142, 12.857142857142858]","[64, 28, 43, 132]",0.0,12.162118780096307
0,q2,high_delay,4,bootstrap_conditional,0.2435633733116542,"[28.7651952263795, 29.26591345677795, 30.2989175471691]","[11.0, 11.0, 11.0, 11.0]","[38, 26, 33, 170]",18,0.0,1,[],[11.0],[267],0.0,11.0
0,q3_basic,step_only,4,bootstrap_conditional,0.1471025363063216,"[28.9022688830863, 29.7815352372407, 33.27154536798945]","[25.0, 25.0, 25.0, 25.0]","[41, 38, 112, 76]",18,0.0,1,[],[25.0],[267],1.0,25.0
0,q3_basic,low_delay,4,bootstrap_conditional,0.2021028318681795,"[31.5045234250675, 32.566909555448945, 33.3978292790151]","[12.857142857142858, 24.428571428571427, 12.857142857142858, 25.0]","[143, 29, 26, 69]",18,0.0,4,"[31.5045234250675, 32.566909555448945, 33.3978292790151]","[12.857142857142858, 24.428571428571427, 12.857142857142858, 25.0]","[143, 29, 26, 69]",0.25842696629213485,17.252006420545744
0,q3_basic,medium_delay,4,bootstrap_conditional,0.2407719727907458,"[29.35954207201715, 30.3529487489287, 31.297407763059752]","[11.0, 12.857142857142858, 11.0, 12.857142857142858]","[68, 30, 43, 126]",18,0.0,4,"[29.35954207201715, 30.3529487489287, 31.297407763059752]","[11.0, 12.857142857142858, 11.0, 12.857142857142858]","[68, 30, 43, 126]",0.0,12.085072231139646
0,q3_basic,high_delay,4,bootstrap_conditional,0.2436411960248596,"[28.7651952263795, 29.26591345677795, 30.2989175471691]","[11.0, 11.0, 11.0, 11.0]","[38, 26, 33, 170]",18,0.0,1,[],[11.0],[267],0.0,11.0
0,q2,step_only,4,bootstrap_conditional,0.149141627538833,"[28.9022688830863, 29.8182661822407, 33.337644175911]","[25.0, 25.0, 25.0, 25.0]","[41, 39, 116, 71]",18,0.5,1,[],[25.0],[267],1.0,25.0
0,q2,low_delay,4,bootstrap_conditional,0.2141351664940402,"[28.33249185, 29.0518100428869, 30.66624308199585]","[12.857142857142858, 12.857142857142858, 12.857142857142858, 25.0]","[26, 25, 67, 149]",18,0.5,2,[30.66624308199585],"[12.857142857142858, 25.0]","[118, 149]",0.5580524344569289,19.633493846976993
0,q2,medium_delay,4,bootstrap_conditional,0.2540896913862459,"[28.33249185, 29.0518100428869, 29.629245695]","[11.428571428571429, 12.428571428571429, 12.714285714285714, 12.857142857142858]","[26, 25, 25, 191]",18,0.5,4,"[28.33249185, 29.0518100428869, 29.629245695]","[11.428571428571429, 12.428571428571429, 12.714285714285714, 12.857142857142858]","[26, 25, 25, 191]",0.0,12.664526484751205
0,q2,high_delay,4,bootstrap_conditional,0.2584534118996344,"[28.7651952263795, 29.26591345677795, 30.2989175471691]","[11.0, 11.0, 11.0, 11.0]","[38, 26, 33, 170]",18,0.5,1,[],[11.0],[267],0.0,11.0
0,q3_basic,step_only,4,bootstrap_conditional,0.149225797093928,"[28.9022688830863, 30.2989175471691, 34.01253445026795]","[25.0, 25.0, 25.0, 25.0]","[41, 56, 125, 45]",18,0.5,1,[],[25.0],[267],1.0,25.0
0,q3_basic,low_delay,4,bootstrap_conditional,0.2123554435208577,"[31.297407763059752, 32.5830326425095, 33.3978292790151]","[12.857142857142858, 24.428571428571427, 12.857142857142858, 25.0]","[141, 32, 25, 69]",18,0.5,4,"[31.297407763059752, 32.5830326425095, 33.3978292790151]","[12.857142857142858, 24.428571428571427, 12.857142857142858, 25.0]","[141, 32, 25, 69]",0.25842696629213485,17.382022471910112
0,q3_basic,medium_delay,4,bootstrap_conditional,0.2534344689122008,"[28.33249185, 30.5924608559611, 31.297407763059752]","[11.428571428571429, 12.857142857142858, 11.571428571428571, 12.857142857142858]","[26, 90, 25, 126]",18,0.5,4,"[28.33249185, 30.5924608559611, 31.297407763059752]","[11.428571428571429, 12.857142857142858, 11.571428571428571, 12.857142857142858]","[26, 90, 25, 126]",0.0,12.597645799892991
0,q3_basic,high_delay,4,bootstrap_conditional,0.2577170140366046,"[28.7651952263795, 29.26591345677795, 30.2989175471691]","[11.0, 11.0, 11.0, 11.0]","[38, 26, 33, 170]",18,0.5,1,[],[11.0],[267],0.0,11.0
0,q2,step_only,4,bootstrap_conditional,0.1478683763444364,"[28.9022688830863, 29.8182661822407, 33.3642043449261]","[25.0, 25.0, 25.0, 25.0]","[41, 39, 117, 70]",18,1.0,1,[],[25.0],[267],1.0,25.0
0,q2,low_delay,4,bootstrap_conditional,0.2102668273697827,"[28.33249185, 29.0518100428869, 31.5045234250675]","[12.857142857142858, 12.857142857142858, 12.857142857142858, 25.0]","[26, 25, 92, 124]",18,1.0,2,[31.5045234250675],"[12.857142857142858, 25.0]","[143, 124]",0.46441947565543074,18.49652220438737
0,q2,medium_delay,4,bootstrap_conditional,0.2470857685689615,"[28.33249185, 29.32178088201715, 30.16560389281525]","[11.285714285714286, 12.0, 12.428571428571429, 12.857142857142858]","[26, 40, 27, 174]",18,1.0,4,"[28.33249185, 29.32178088201715, 30.16560389281525]","[11.285714285714286, 12.0, 12.428571428571429, 12.857142857142858]","[26, 40, 27, 174]",0.0,12.532370251471376
0,q2,high_delay,4,bootstrap_conditional,0.2504979064440299,"[28.7651952263795, 29.26591345677795, 30.2989175471691]","[11.0, 11.0, 11.0, 11.0]","[38, 26, 33, 170]",18,1.0,1,[],[11.0],[267],0.0,11.0
0,q3_basic,step_only,4,bootstrap_conditional,0.1480201895126282,"[28.9022688830863, 29.7815352372407, 33.20719191798945]","[25.0, 25.0, 25.0, 25.0]","[41, 38, 110, 78]",18,1.0,1,[],[25.0],[267],1.0,25.0
0,q3_basic,low_delay,4,bootstrap_conditional,0.2078796849352455,"[31.5045234250675, 32.566909555448945, 33.3978292790151]","[12.857142857142858, 24.428571428571427, 12.857142857142858, 25.0]","[143, 29, 26, 69]",18,1.0,4,"[31.5045234250675, 32.566909555448945, 33.3978292790151]","[12.857142857142858, 24.428571428571427, 12.857142857142858, 25.0]","[143, 29, 26, 69]",0.25842696629213485,17.252006420545744
0,q3_basic,medium_delay,4,bootstrap_conditional,0.2465996376590776,"[28.33249185, 30.5924608559611, 31.297407763059752]","[11.285714285714286, 12.714285714285714, 11.571428571428571, 12.857142857142858]","[26, 90, 25, 126]",18,1.0,4,"[28.33249185, 30.5924608559611, 31.297407763059752]","[11.285714285714286, 12.714285714285714, 11.571428571428571, 12.857142857142858]","[26, 90, 25, 126]",0.0,12.535580524344569
0,q3_basic,high_delay,4,bootstrap_conditional,0.2499687014499293,"[28.7651952263795, 29.398260685, 31.561189219822552]","[11.0, 11.0, 11.0, 11.0]","[38, 34, 72, 123]",18,1.0,1,[],[11.0],[267],0.0,11.0
0,q2,step_only,4,bootstrap_conditional,0.1603678109314263,"[28.9022688830863, 30.2187791664552, 32.4464685187638]","[25.0, 25.0, 25.0, 25.0]","[41, 54, 68, 104]",18,1.5,1,[],[25.0],[267],1.0,25.0
0,q2,low_delay,4,bootstrap_conditional,0.2168124941704837,"[28.33249185, 29.0518100428869, 33.128525569527596]","[12.857142857142858, 12.857142857142858, 12.857142857142858, 25.0]","[26, 25, 132, 84]",18,1.5,2,[33.128525569527596],"[12.857142857142858, 25.0]","[183, 84]",0.3146067415730337,16.67736757624398
0,q2,medium_delay,4,bootstrap_conditional,0.2466609795922007,"[32.395212404999995, 33.27154536798945, 34.35003519704645]","[11.0, 11.571428571428571, 12.0, 12.857142857142858]","[162, 29, 34, 42]",18,1.5,4,"[32.395212404999995, 33.27154536798945, 34.35003519704645]","[11.0, 11.571428571428571, 12.0, 12.857142857142858]","[162, 29, 34, 42]",0.0,11.481540930979133
0,q2,high_delay,4,bootstrap_conditional,0.2472016442563765,"[28.9022688830863, 30.761083097004153, 32.55993621748835]","[11.0, 11.0, 11.0, 11.0]","[41, 81, 47, 98]",18,1.5,1,[],[11.0],[267],0.0,11.0
0,q3_basic,step_only,4,bootstrap_conditional,0.1603436854593036,"[29.09474287967005, 32.13576459650285, 35.02941549]","[25.0, 25.0, 25.0, 25.0]","[52, 106, 76, 33]",18,1.5,1,[],[25.0],[267],1.0,25.0
0,q3_basic,low_delay,4,bootstrap_conditional,0.2159705430216183,"[31.5045234250675, 32.566909555448945, 33.411452741852145]","[12.857142857142858, 24.428571428571427, 12.857142857142858, 25.0]","[143, 29, 27, 68]",18,1.5,4,"[31.5045234250675, 32.566909555448945, 33.411452741852145]","[12.857142857142858, 24.428571428571427, 12.857142857142858, 25.0]","[143, 29, 27, 68]",0.2546816479400749,17.20652755484216
0,q3_basic,medium_delay,4,bootstrap_conditional,0.2468919111324186,"[31.297407763059752, 32.54021816248835, 33.411452741852145]","[11.0, 11.857142857142858, 11.0, 12.857142857142858]","[141, 25, 33, 68]",18,1.5,4,"[31.297407763059752, 32.54021816248835, 33.411452741852145]","[11.0, 11.857142857142858, 11.0, 12.857142857142858]","[141, 25, 33, 68]",0.0,11.553237025147137
0,q3_basic,high_delay,4,bootstrap_conditional,0.2475853206353775,"[28.7651952263795, 29.26591345677795, 30.2989175471691]","[11.0, 11.0, 11.0, 11.0]","[38, 26, 33, 170]",18,1.5,1,[],[11.0],[267],0.0,11.0
0,q2,step_only,4,bootstrap_conditional,0.1465899439693827,"[28.94369672, 29.8182661822407, 34.411814519222446]","[12.857142857142858, 25.0, 25.0, 25.0]","[26, 43, 159, 39]",19,0.0,2,[28.94369672],"[12.857142857142858, 25.0]","[26, 241]",0.9026217228464419,23.817549491706796
0,q2,low_delay,4,bootstrap_conditional,0.1842267301221027,"[29.862609685, 32.031642343137, 34.5435630114828]","[12.857142857142858, 12.857142857142858, 12.857142857142858, 25.0]","[70, 95, 68, 34]",19,0.0,2,[34.5435630114828],"[12.857142857142858, 25.0]","[233, 34]",0.12734082397003746,14.403424291064741
0,q2,medium_delay,4,bootstrap_conditional,0.2096703706121857,"[29.113345477786503, 33.86868099210485, 34.82428092]","[11.0, 11.0, 11.714285714285714, 12.857142857142858]","[35, 177, 26, 29]",19,0.0,3,"[33.86868099210485, 34.82428092]","[11.0, 11.714285714285714, 12.857142857142858]","[212, 26, 29]",0.0,11.271268057784912
0,q2,high_delay,4,bootstrap_conditional,0.2101016297257411,"[29.02116332289075, 30.0196636680224, 30.483268680000002]","[11.0, 11.0, 11.0, 11.0]","[29, 47, 35, 156]",19,0.0,1,[],[11.0],[267],0.0,11.0
0,q3_basic,step_only,4,bootstrap_conditional,0.1467330718903706,"[29.152824510000002, 30.3804461322209, 31.820637599999998]","[25.0, 25.0, 25.0, 25.0]","[37, 60, 61, 109]",19,0.0,1,[],[25.0],[267],1.0,25.0
0,q3_basic,low_delay,4,bootstrap_conditional,0.1842926235604692,"[28.94369672, 29.5907377837715, 34.6456217064828]","[12.857142857142858, 12.857142857142858, 12.857142857142858, 25.0]","[26, 27, 182, 32]",19,0.0,2,[34.6456217064828],"[12.857142857142858, 25.0]","[235, 32]",0.1198501872659176,14.31246655965757
0,q3_basic,medium_delay,4,bootstrap_conditional,0.2099820552218795,"[29.02116332289075, 33.411452741852145, 35.02655091]","[11.0, 11.0, 11.571428571428571, 12.857142857142858]","[29, 174, 37, 27]",19,0.0,3,"[33.411452741852145, 35.02655091]","[11.0, 11.571428571428571, 12.857142857142858]","[203, 37, 27]",0.0,11.266987693953986
0,q3_basic,high_delay,4,bootstrap_conditional,0.2104522307656697,"[29.02116332289075, 29.629245695, 30.3017749204332]","[11.0, 11.0, 11.0, 11.0]","[29, 29, 37, 172]",19,0.0,1,[],[11.0],[267],0.0,11.0
0,q2,step_only,4,bootstrap_conditional,0.1423428840225207,"[29.334636189999998, 30.521331102512548, 32.395212404999995]","[25.0, 25.0, 25.0, 25.0]","[44, 72, 61, 90]",19,0.5,1,[],[25.0],[267],1.0,25.0
0,q2,low_delay,4,bootstrap_conditional,0.192265216383297,"[28.94369672, 29.5907377837715, 32.817956918624745]","[12.857142857142858, 12.857142857142858, 12.857142857142858, 25.0]","[26, 27, 135, 79]",19,0.5,2,[32.817956918624745],"[12.857142857142858, 25.0]","[188, 79]",0.2958801498127341,16.449973247726057
0,q2,medium_delay,4,bootstrap_conditional,0.226500495622629,"[30.3483792711496, 30.96463170281495, 31.820637599999998]","[11.0, 11.428571428571429, 12.142857142857142, 12.857142857142858]","[96, 33, 29, 109]",19,0.5,4,"[30.3483792711496, 30.96463170281495, 31.820637599999998]","[11.0, 11.428571428571429, 12.142857142857142, 12.857142857142858]","[96, 33, 29, 109]",0.0,11.93525949705725
0,q2,high_delay,4,bootstrap_conditional,0.2289484234049932,"[29.042538895, 30.521331102512548, 32.004654783137]","[11.0, 11.0, 11.0, 11.0]","[30, 86, 48, 103]",19,0.5,1,[],[11.0],[267],0.0,11.0
0,q3_basic,step_only,4,bootstrap_conditional,0.1422403057166765,"[29.152824510000002, 30.435518495, 32.031642343137]","[25.0, 25.0, 25.0, 25.0]","[37, 64, 64, 102]",19,0.5,1,[],[25.0],[267],1.0,25.0
0,q3_basic,low_delay,4,bootstrap_conditional,0.1926603027972199,"[28.94369672, 29.5907377837715, 33.3978292790151]","[12.857142857142858, 12.857142857142858, 12.857142857142858, 25.0]","[26, 27, 149, 65]",19,0.5,2,[33.3978292790151],"[12.857142857142858, 25.0]","[202, 65]",0.24344569288389514,15.813269127875868
0,q3_basic,medium_delay,4,bootstrap_conditional,0.226801772960348,"[29.9478781980224, 31.145124715, 31.743230699999998]","[11.0, 11.285714285714286, 12.285714285714286, 12.857142857142858]","[73, 59, 25, 110]",19,0.5,4,"[29.9478781980224, 31.145124715, 31.743230699999998]","[11.0, 11.285714285714286, 12.285714285714286, 12.857142857142858]","[73, 59, 25, 110]",0.0,11.948635634028895
0,q3_basic,high_delay,4,bootstrap_conditional,0.2292830570185572,"[29.02116332289075, 29.629245695, 30.3017749204332]","[11.0, 11.0, 11.0, 11.0]","[29, 29, 37, 172]",19,0.5,1,[],[11.0],[267],0.0,11.0
0,q2,step_only,4,bootstrap_conditional,0.1440553608911609,"[29.113345477786503, 30.47595403, 34.492691086543104]","[25.0, 25.0, 25.0, 25.0]","[35, 71, 125, 36]",19,1.0,1,[],[25.0],[267],1.0,25.0
0,q2,low_delay,4,bootstrap_conditional,0.1930955589982853,"[28.94369672, 29.5907377837715, 32.817956918624745]","[12.857142857142858, 12.857142857142858, 12.857142857142858, 25.0]","[26, 27, 135, 79]",19,1.0,2,[32.817956918624745],"[12.857142857142858, 25.0]","[188, 79]",0.2958801498127341,16.449973247726057
0,q2,medium_delay,4,bootstrap_conditional,0.2273606568097353,"[30.6508682826179, 31.39737659841255, 32.3383934589816]","[11.0, 11.571428571428571, 12.285714285714286, 12.857142857142858]","[121, 25, 25, 96]",19,1.0,4,"[30.6508682826179, 31.39737659841255, 32.3383934589816]","[11.0, 11.571428571428571, 12.285714285714286, 12.857142857142858]","[121, 25, 25, 96]",0.0,11.84162653825575
0,q2,high_delay,4,bootstrap_conditional,0.2296177051357343,"[29.02116332289075, 29.629245695, 30.435518495]","[11.0, 11.0, 11.0, 11.0]","[29, 29, 43, 166]",19,1.0,1,[],[11.0],[267],0.0,11.0
0,q3_basic,step_only,4,bootstrap_conditional,0.1439988781954402,"[29.113345477786503, 30.456294565, 34.50887419732065]","[25.0, 25.0, 25.0, 25.0]","[35, 69, 128, 35]",19,1.0,1,[],[25.0],[267],1.0,25.0
0,q3_basic,low_delay,4,bootstrap_conditional,0.1933395623411694,"[28.94369672, 29.5907377837715, 33.3978292790151]","[12.857142857142858, 12.857142857142858, 12.857142857142858, 25.0]","[26, 27, 149, 65]",19,1.0,2,[33.3978292790151],"[12.857142857142858, 25.0]","[202, 65]",0.24344569288389514,15.813269127875868
0,q3_basic,medium_delay,4,bootstrap_conditional,0.2275288069623861,"[30.435518495, 31.3328724074796, 32.1814953133865]","[11.0, 11.285714285714286, 12.285714285714286, 12.857142857142858]","[101, 43, 26, 97]",19,1.0,4,"[30.435518495, 31.3328724074796, 32.1814953133865]","[11.0, 11.285714285714286, 12.285714285714286, 12.857142857142858]","[101, 43, 26, 97]",0.0,11.845906902086679
0,q3_basic,high_delay,4,bootstrap_conditional,0.2297995884381408,"[29.02116332289075, 29.629245695, 30.435518495]","[11.0, 11.0, 11.0, 11.0]","[29, 29, 43, 166]",19,1.0,1,[],[11.0],[267],0.0,11.0
0,q2,step_only,4,bootstrap_conditional,0.145265958901787,"[29.113345477786503, 30.521331102512548, 32.7032818769354]","[25.0, 25.0, 25.0, 25.0]","[35, 81, 69, 82]",19,1.5,1,[],[25.0],[267],1.0,25.0
0,q2,low_delay,4,bootstrap_conditional,0.2001329880449053,"[28.94369672, 29.5907377837715, 31.820637599999998]","[12.857142857142858, 12.857142857142858, 12.857142857142858, 25.0]","[26, 27, 105, 109]",19,1.5,2,[31.820637599999998],"[12.857142857142858, 25.0]","[158, 109]",0.40823970037453183,17.814339218833602
0,q2,medium_delay,4,bootstrap_conditional,0.2418942354817279,"[29.525661425178548, 30.2187791664552, 30.7981037518733]","[11.0, 11.714285714285714, 12.285714285714286, 12.857142857142858]","[50, 38, 40, 139]",19,1.5,4,"[29.525661425178548, 30.2187791664552, 30.7981037518733]","[11.0, 11.714285714285714, 12.285714285714286, 12.857142857142858]","[50, 38, 40, 139]",0.0,12.261102193686462
0,q2,high_delay,4,bootstrap_conditional,0.2461809224834685,"[29.02116332289075, 29.629245695, 30.3017749204332]","[11.0, 11.0, 11.0, 11.0]","[29, 29, 37, 172]",19,1.5,1,[],[11.0],[267],0.0,11.0
0,q3_basic,step_only,4,bootstrap_conditional,0.1452505627588899,"[29.0780592777865, 30.18303856416215, 33.3978292790151]","[25.0, 25.0, 25.0, 25.0]","[34, 53, 115, 65]",19,1.5,1,[],[25.0],[267],1.0,25.0
0,q3_basic,low_delay,4,bootstrap_conditional,0.2000765670671423,"[29.05951596, 30.119401915, 31.677154004578902]","[12.857142857142858, 12.857142857142858, 12.857142857142858, 25.0]","[32, 52, 70, 113]",19,1.5,2,[31.677154004578902],"[12.857142857142858, 25.0]","[154, 113]",0.4232209737827715,17.99625468164794
0,q3_basic,medium_delay,4,bootstrap_conditional,0.2419119653282417,"[29.152824510000002, 30.0196636680224, 30.72266034328655]","[11.0, 11.285714285714286, 12.142857142857142, 12.857142857142858]","[37, 39, 47, 144]",19,1.5,4,"[29.152824510000002, 30.0196636680224, 30.72266034328655]","[11.0, 11.285714285714286, 12.142857142857142, 12.857142857142858]","[37, 39, 47, 144]",0.0,12.244515783841626
0,q3_basic,high_delay,4,bootstrap_conditional,0.2462055013501,"[29.02116332289075, 29.629245695, 30.3017749204332]","[11.0, 11.0, 11.0, 11.0]","[29, 29, 37, 172]",19,1.5,1,[],[11.0],[267],0.0,11.0
