fold,model,scenario,k,status,train_expected_risk,cutpoints,weeks,counts,repeat,scale
0,q2,step_only,4,bootstrap_conditional,0.16519206334038622,"[28.821843131379502, 30.3017749204332, 32.9759465231214]","[12.857142857142858, 12.857142857142858, 25.0, 25.0]","[25, 58, 102, 82]",0,0.0
0,q2,low_delay,4,bootstrap_conditional,0.19308227872889322,"[28.821843131379502, 29.9478781980224, 35.1705589940727]","[12.857142857142858, 12.857142857142858, 12.857142857142858, 25.0]","[25, 44, 173, 25]",0,0.0
0,q2,medium_delay,4,bootstrap_conditional,0.21077069086055955,"[29.10705821745655, 31.269159645000002, 33.0606690944397]","[11.0, 11.0, 11.0, 11.0]","[36, 95, 59, 77]",0,0.0
0,q2,high_delay,4,bootstrap_conditional,0.21077069086055955,"[29.10705821745655, 31.269159645000002, 33.0606690944397]","[11.0, 11.0, 11.0, 11.0]","[36, 95, 59, 77]",0,0.0
0,q3_basic,step_only,4,bootstrap_conditional,0.16528315048827488,"[29.37857702, 30.201034931504502, 31.145124715]","[12.857142857142858, 25.0, 12.857142857142858, 25.0]","[51, 30, 41, 145]",0,0.0
0,q3_basic,low_delay,4,bootstrap_conditional,0.19254078411322773,"[28.821843131379502, 29.89542649103325, 35.1705589940727]","[12.857142857142858, 12.857142857142858, 12.857142857142858, 25.0]","[25, 43, 174, 25]",0,0.0
0,q3_basic,medium_delay,4,bootstrap_conditional,0.21055900715534065,"[28.821843131379502, 29.398260685, 30.435518495]","[11.0, 11.0, 11.0, 11.0]","[25, 28, 38, 176]",0,0.0
0,q3_basic,high_delay,4,bootstrap_conditional,0.21055900715534065,"[28.821843131379502, 29.398260685, 30.435518495]","[11.0, 11.0, 11.0, 11.0]","[25, 28, 38, 176]",0,0.0
0,q2,step_only,4,bootstrap_conditional,0.1695464736806619,"[28.821843131379502, 29.37857702, 30.84796485]","[12.857142857142858, 12.857142857142858, 12.857142857142858, 25.0]","[25, 26, 64, 152]",0,0.5
0,q2,low_delay,4,bootstrap_conditional,0.19338705123150568,"[28.821843131379502, 29.37857702, 35.1705589940727]","[12.857142857142858, 12.857142857142858, 12.857142857142858, 25.0]","[25, 26, 191, 25]",0,0.5
0,q2,medium_delay,4,bootstrap_conditional,0.20760422421033423,"[28.821843131379502, 29.398260685, 30.3017749204332]","[11.0, 11.0, 11.0, 11.0]","[25, 28, 30, 184]",0,0.5
0,q2,high_delay,4,bootstrap_conditional,0.20760422421033423,"[28.821843131379502, 29.398260685, 30.3017749204332]","[11.0, 11.0, 11.0, 11.0]","[25, 28, 30, 184]",0,0.5
0,q3_basic,step_only,4,bootstrap_conditional,0.16957279686422216,"[29.02420649077765, 30.435518495, 31.4872464292182]","[12.857142857142858, 12.857142857142858, 12.857142857142858, 25.0]","[30, 61, 45, 131]",0,0.5
0,q3_basic,low_delay,4,bootstrap_conditional,0.1930258763346914,"[29.0455820628869, 33.9632508881169, 35.1705589940727]","[12.857142857142858, 12.857142857142858, 12.857142857142858, 25.0]","[31, 183, 28, 25]",0,0.5
0,q3_basic,medium_delay,4,bootstrap_conditional,0.20719746788843305,"[29.071831297786503, 31.30462428941985, 32.9759465231214]","[11.0, 11.0, 11.0, 11.0]","[35, 97, 53, 82]",0,0.5
0,q3_basic,high_delay,4,bootstrap_conditional,0.20719746788843305,"[29.071831297786503, 31.30462428941985, 32.9759465231214]","[11.0, 11.0, 11.0, 11.0]","[35, 97, 53, 82]",0,0.5
0,q2,step_only,4,bootstrap_conditional,0.17296053917066043,"[28.821843131379502, 29.37857702, 30.201034931504502]","[12.857142857142858, 12.857142857142858, 12.857142857142858, 25.0]","[25, 26, 30, 186]",0,1.0
0,q2,low_delay,4,bootstrap_conditional,0.19879008506586773,"[29.152824510000002, 33.9632508881169, 35.1705589940727]","[12.857142857142858, 12.857142857142858, 12.857142857142858, 25.0]","[44, 170, 28, 25]",0,1.0
0,q2,medium_delay,4,bootstrap_conditional,0.21401406448208904,"[29.334636189999998, 30.4768398, 32.825957630000005]","[11.0, 11.0, 11.0, 11.0]","[47, 48, 80, 92]",0,1.0
0,q2,high_delay,4,bootstrap_conditional,0.21401406448208904,"[29.334636189999998, 30.4768398, 32.825957630000005]","[11.0, 11.0, 11.0, 11.0]","[47, 48, 80, 92]",0,1.0
0,q3_basic,step_only,4,bootstrap_conditional,0.1730774463178997,"[28.821843131379502, 29.37857702, 30.435518495]","[12.857142857142858, 12.857142857142858, 12.857142857142858, 25.0]","[25, 26, 40, 176]",0,1.0
0,q3_basic,low_delay,4,bootstrap_conditional,0.19840875912199316,"[29.334636189999998, 34.01253445026795, 35.1705589940727]","[12.857142857142858, 12.857142857142858, 12.857142857142858, 25.0]","[47, 169, 26, 25]",0,1.0
0,q3_basic,medium_delay,4,bootstrap_conditional,0.21362882613823836,"[28.821843131379502, 29.398260685, 30.456294565]","[11.0, 11.0, 11.0, 11.0]","[25, 28, 39, 175]",0,1.0
0,q3_basic,high_delay,4,bootstrap_conditional,0.21362882613823836,"[28.821843131379502, 29.398260685, 30.456294565]","[11.0, 11.0, 11.0, 11.0]","[25, 28, 39, 175]",0,1.0
0,q2,step_only,4,bootstrap_conditional,0.16892682901844655,"[29.071831297786503, 30.456294565, 31.6993715345789]","[25.0, 25.0, 25.0, 25.0]","[35, 57, 51, 124]",0,1.5
0,q2,low_delay,4,bootstrap_conditional,0.21292986273557593,"[28.821843131379502, 29.37857702, 34.411814519222446]","[12.857142857142858, 12.857142857142858, 12.857142857142858, 25.0]","[25, 26, 174, 42]",0,1.5
0,q2,medium_delay,4,bootstrap_conditional,0.23727846448929887,"[28.95839341789075, 30.6746588676868, 35.1705589940727]","[11.0, 11.0, 11.0, 12.571428571428571]","[29, 81, 132, 25]",0,1.5
0,q2,high_delay,4,bootstrap_conditional,0.23734254332873947,"[28.821843131379502, 29.398260685, 31.269159645000002]","[11.0, 11.0, 11.0, 11.0]","[25, 28, 78, 136]",0,1.5
0,q3_basic,step_only,4,bootstrap_conditional,0.16969044945311187,"[29.152824510000002, 30.521331102512548, 31.996085665000003]","[25.0, 25.0, 25.0, 25.0]","[44, 59, 49, 115]",0,1.5
0,q3_basic,low_delay,4,bootstrap_conditional,0.21267533828629911,"[29.37857702, 33.83156313, 34.965401695]","[12.857142857142858, 12.857142857142858, 12.857142857142858, 25.0]","[51, 159, 29, 28]",0,1.5
0,q3_basic,medium_delay,4,bootstrap_conditional,0.23694389869870464,"[28.821843131379502, 29.398260685, 35.1705589940727]","[11.0, 11.0, 11.0, 12.857142857142858]","[25, 28, 189, 25]",0,1.5
0,q3_basic,high_delay,4,bootstrap_conditional,0.23704772882831804,"[28.821843131379502, 29.89542649103325, 30.48501834]","[11.0, 11.0, 11.0, 11.0]","[25, 43, 34, 165]",0,1.5
0,q2,step_only,4,bootstrap_conditional,0.1500475053289894,"[28.938497648086297, 29.401891363195702, 32.2768860333865]","[25.0, 25.0, 25.0, 25.0]","[31, 26, 108, 102]",1,0.0
0,q2,low_delay,4,bootstrap_conditional,0.20991150613298468,"[28.870021235, 30.536487856629748, 32.2768860333865]","[12.857142857142858, 12.857142857142858, 12.857142857142858, 25.0]","[27, 84, 54, 102]",1,0.0
0,q2,medium_delay,4,bootstrap_conditional,0.24499167632616473,"[29.2908193387951, 30.21148293921325, 31.345370364218198]","[11.0, 11.571428571428571, 12.142857142857142, 12.857142857142858]","[52, 40, 45, 130]",1,0.0
0,q2,high_delay,4,bootstrap_conditional,0.2473697032627732,"[29.2908193387951, 30.3017749204332, 31.345370364218198]","[11.0, 11.0, 11.0, 11.0]","[52, 42, 43, 130]",1,0.0
0,q3_basic,step_only,4,bootstrap_conditional,0.1498539249131055,"[29.071831297786503, 30.2798105797449, 32.2768860333865]","[25.0, 25.0, 25.0, 25.0]","[36, 57, 72, 102]",1,0.0
0,q3_basic,low_delay,4,bootstrap_conditional,0.21001147636616538,"[31.835775192944702, 32.89893226593305, 33.8470987770759]","[12.857142857142858, 24.428571428571427, 12.857142857142858, 25.0]","[149, 33, 25, 60]",1,0.0
0,q3_basic,medium_delay,4,bootstrap_conditional,0.24756003863333118,"[29.35954207201715, 30.5924608559611, 31.835775192944702]","[11.428571428571429, 12.857142857142858, 11.285714285714286, 12.857142857142858]","[55, 58, 36, 118]",1,0.0
0,q3_basic,high_delay,4,bootstrap_conditional,0.25070011247584706,"[29.2908193387951, 30.3017749204332, 31.345370364218198]","[11.0, 11.0, 11.0, 11.0]","[52, 42, 43, 130]",1,0.0
0,q2,step_only,4,bootstrap_conditional,0.15660662357133318,"[28.938497648086297, 30.21148293921325, 32.3282979883502]","[25.0, 25.0, 25.0, 25.0]","[31, 61, 74, 101]",1,0.5
0,q2,low_delay,4,bootstrap_conditional,0.21521013837772235,"[28.813373329999997, 29.20491842677795, 32.89893226593305]","[12.857142857142858, 12.857142857142858, 12.857142857142858, 25.0]","[25, 25, 132, 85]",1,0.5
0,q2,medium_delay,4,bootstrap_conditional,0.24684057472003237,"[31.145124715, 32.3282979883502, 33.451538092365254]","[11.0, 11.714285714285714, 12.285714285714286, 12.857142857142858]","[128, 38, 33, 68]",1,0.5
0,q2,high_delay,4,bootstrap_conditional,0.24785791866132323,"[29.2908193387951, 30.3017749204332, 31.345370364218198]","[11.0, 11.0, 11.0, 11.0]","[52, 42, 43, 130]",1,0.5
0,q3_basic,step_only,4,bootstrap_conditional,0.15663001010418123,"[28.938497648086297, 29.401891363195702, 32.2768860333865]","[25.0, 25.0, 25.0, 25.0]","[31, 26, 108, 102]",1,0.5
0,q3_basic,low_delay,4,bootstrap_conditional,0.21537105917577895,"[31.835775192944702, 33.10621120439835, 34.968266275000005]","[12.857142857142858, 24.428571428571427, 12.857142857142858, 24.857142857142858]","[149, 38, 38, 42]",1,0.5
0,q3_basic,medium_delay,4,bootstrap_conditional,0.24914004809564672,"[31.835775192944702, 32.89893226593305, 33.8470987770759]","[11.0, 12.857142857142858, 11.285714285714286, 12.857142857142858]","[149, 33, 25, 60]",1,0.5
0,q3_basic,high_delay,4,bootstrap_conditional,0.25049606943277597,"[29.2908193387951, 30.3017749204332, 31.345370364218198]","[11.0, 11.0, 11.0, 11.0]","[52, 42, 43, 130]",1,0.5
0,q2,step_only,4,bootstrap_conditional,0.1705996877008415,"[28.938497648086297, 29.401891363195702, 32.3549828705588]","[25.0, 25.0, 25.0, 25.0]","[31, 26, 110, 100]",1,1.0
0,q2,low_delay,4,bootstrap_conditional,0.21240657229895113,"[28.813373329999997, 29.43062944343895, 35.642604625000004]","[12.857142857142858, 12.857142857142858, 12.857142857142858, 24.571428571428573]","[25, 34, 182, 26]",1,1.0
0,q2,medium_delay,4,bootstrap_conditional,0.23267472920155877,"[29.44429980024325, 31.24515140444175, 32.566909555448945]","[11.0, 11.0, 11.0, 11.0]","[61, 74, 39, 93]",1,1.0
0,q2,high_delay,4,bootstrap_conditional,0.23267472920155877,"[29.44429980024325, 31.24515140444175, 32.566909555448945]","[11.0, 11.0, 11.0, 11.0]","[61, 74, 39, 93]",1,1.0
0,q3_basic,step_only,4,bootstrap_conditional,0.1712713313359722,"[28.938497648086297, 29.652620804999998, 32.38541814915125]","[25.0, 25.0, 25.0, 25.0]","[31, 37, 100, 99]",1,1.0
0,q3_basic,low_delay,4,bootstrap_conditional,0.21305996621661213,"[28.870021235, 33.10621120439835, 35.55795257478585]","[12.857142857142858, 12.857142857142858, 12.857142857142858, 24.571428571428573]","[27, 160, 49, 31]",1,1.0
0,q3_basic,medium_delay,4,bootstrap_conditional,0.2344008721703768,"[29.2908193387951, 30.3017749204332, 31.345370364218198]","[11.0, 11.0, 11.0, 11.0]","[52, 42, 43, 130]",1,1.0
0,q3_basic,high_delay,4,bootstrap_conditional,0.2344008721703768,"[29.2908193387951, 30.3017749204332, 31.345370364218198]","[11.0, 11.0, 11.0, 11.0]","[52, 42, 43, 130]",1,1.0
0,q2,step_only,4,bootstrap_conditional,0.18750497432551805,"[28.813373329999997, 29.7185051004643, 32.2768860333865]","[12.857142857142858, 12.857142857142858, 25.0, 25.0]","[25, 44, 96, 102]",1,1.5
0,q2,low_delay,4,bootstrap_conditional,0.20754669887492871,"[28.813373329999997, 29.20491842677795, 30.2798105797449]","[12.857142857142858, 12.857142857142858, 12.857142857142858, 12.857142857142858]","[25, 25, 43, 174]",1,1.5
0,q2,medium_delay,4,bootstrap_conditional,0.22077255810595428,"[29.2908193387951, 31.21939287, 32.566909555448945]","[11.0, 11.0, 11.0, 11.0]","[52, 81, 41, 93]",1,1.5
0,q2,high_delay,4,bootstrap_conditional,0.22077255810595428,"[29.2908193387951, 31.21939287, 32.566909555448945]","[11.0, 11.0, 11.0, 11.0]","[52, 81, 41, 93]",1,1.5
0,q3_basic,step_only,4,bootstrap_conditional,0.18796637265677263,"[29.152824510000002, 30.5924608559611, 31.50660346546065]","[12.857142857142858, 25.0, 12.857142857142858, 25.0]","[46, 67, 27, 127]",1,1.5
0,q3_basic,low_delay,4,bootstrap_conditional,0.20851432256803623,"[28.813373329999997, 29.20491842677795, 30.46963577]","[12.857142857142858, 12.857142857142858, 12.857142857142858, 12.857142857142858]","[25, 25, 57, 160]",1,1.5
0,q3_basic,medium_delay,4,bootstrap_conditional,0.22169165035418045,"[29.531086350000002, 31.7336015545789, 33.20719191798945]","[11.0, 11.0, 11.0, 11.0]","[63, 82, 46, 76]",1,1.5
0,q3_basic,high_delay,4,bootstrap_conditional,0.22169165035418045,"[29.531086350000002, 31.7336015545789, 33.20719191798945]","[11.0, 11.0, 11.0, 11.0]","[63, 82, 46, 76]",1,1.5
0,q2,step_only,4,bootstrap_conditional,0.1472084826951961,"[29.20491842677795, 30.8086540818733, 33.1279444036214]","[12.857142857142858, 25.0, 25.0, 25.0]","[41, 68, 77, 81]",2,0.0
0,q2,low_delay,4,bootstrap_conditional,0.18279247900594922,"[29.009509792886902, 30.8086540818733, 35.2208681140727]","[12.857142857142858, 12.857142857142858, 12.857142857142858, 25.0]","[30, 79, 122, 36]",2,0.0
0,q2,medium_delay,4,bootstrap_conditional,0.20787453365648306,"[29.749820315464298, 30.435518495, 35.43452652765335]","[11.0, 11.0, 11.0, 12.857142857142858]","[54, 25, 155, 33]",2,0.0
0,q2,high_delay,4,bootstrap_conditional,0.20825596397164012,"[29.749820315464298, 30.435518495, 31.3028320125015]","[11.0, 11.0, 11.0, 11.0]","[54, 25, 45, 143]",2,0.0
0,q3_basic,step_only,4,bootstrap_conditional,0.14617812727753735,"[29.392081044999998, 30.70173971, 33.1279444036214]","[12.857142857142858, 25.0, 25.0, 25.0]","[46, 57, 83, 81]",2,0.0
0,q3_basic,low_delay,4,bootstrap_conditional,0.1829466893055358,"[28.813373329999997, 29.5907377837715, 35.58841657265335]","[12.857142857142858, 12.857142857142858, 12.857142857142858, 25.0]","[25, 25, 186, 31]",2,0.0
0,q3_basic,medium_delay,4,bootstrap_conditional,0.20861807369161947,"[29.749820315464298, 33.80998091497105, 35.58841657265335]","[11.0, 11.0, 11.285714285714286, 12.857142857142858]","[54, 151, 31, 31]",2,0.0
0,q3_basic,high_delay,4,bootstrap_conditional,0.20908938793854565,"[29.78295940379965, 32.04871425, 33.20719191798945]","[11.0, 11.0, 11.0, 11.0]","[59, 90, 39, 79]",2,0.0
0,q2,step_only,4,bootstrap_conditional,0.14990272908330482,"[28.813373329999997, 29.5907377837715, 30.8086540818733]","[12.857142857142858, 12.857142857142858, 12.857142857142858, 25.0]","[25, 25, 59, 158]",2,0.5
0,q2,low_delay,4,bootstrap_conditional,0.17422117836056172,"[28.938497648086297, 30.5924608559611, 35.818592644999995]","[12.857142857142858, 12.857142857142858, 12.857142857142858, 25.0]","[28, 69, 144, 26]",2,0.5
0,q2,medium_delay,4,bootstrap_conditional,0.19125993148749568,"[30.081318935, 32.70496857986549, 33.75437025555455]","[11.0, 11.0, 11.0, 11.0]","[64, 107, 32, 64]",2,0.5
0,q2,high_delay,4,bootstrap_conditional,0.19125993148749568,"[30.081318935, 32.70496857986549, 33.75437025555455]","[11.0, 11.0, 11.0, 11.0]","[64, 107, 32, 64]",2,0.5
0,q3_basic,step_only,4,bootstrap_conditional,0.1495682540835696,"[29.749820315464298, 30.48501834, 31.255424249441752]","[12.857142857142858, 24.857142857142858, 12.857142857142858, 25.0]","[54, 39, 28, 146]",2,0.5
0,q3_basic,low_delay,4,bootstrap_conditional,0.17473891095557686,"[28.813373329999997, 29.5907377837715, 35.818592644999995]","[12.857142857142858, 12.857142857142858, 12.857142857142858, 25.0]","[25, 25, 191, 26]",2,0.5
0,q3_basic,medium_delay,4,bootstrap_conditional,0.1922749699265156,"[29.749820315464298, 30.435518495, 31.54083685733135]","[11.0, 11.0, 11.0, 11.0]","[54, 25, 47, 141]",2,0.5
0,q3_basic,high_delay,4,bootstrap_conditional,0.1922749699265156,"[29.749820315464298, 30.435518495, 31.54083685733135]","[11.0, 11.0, 11.0, 11.0]","[54, 25, 47, 141]",2,0.5
0,q2,step_only,4,bootstrap_conditional,0.1575338018428773,"[29.7185051004643, 30.97970272281495, 34.09516117264635]","[12.857142857142858, 25.0, 25.0, 25.0]","[53, 60, 103, 51]",2,1.0
0,q2,low_delay,4,bootstrap_conditional,0.1861434292993581,"[28.813373329999997, 29.5907377837715, 35.818592644999995]","[12.857142857142858, 12.857142857142858, 12.857142857142858, 25.0]","[25, 25, 191, 26]",2,1.0
0,q2,medium_delay,4,bootstrap_conditional,0.20464478218351162,"[29.94361332905565, 32.04871425, 33.20719191798945]","[11.0, 11.0, 11.0, 11.0]","[62, 87, 39, 79]",2,1.0
0,q2,high_delay,4,bootstrap_conditional,0.20464478218351162,"[29.94361332905565, 32.04871425, 33.20719191798945]","[11.0, 11.0, 11.0, 11.0]","[62, 87, 39, 79]",2,1.0
0,q3_basic,step_only,4,bootstrap_conditional,0.15666617155597318,"[29.392081044999998, 30.70173971, 33.80998091497105]","[12.857142857142858, 25.0, 25.0, 25.0]","[46, 57, 102, 62]",2,1.0
0,q3_basic,low_delay,4,bootstrap_conditional,0.1867817016935454,"[28.813373329999997, 29.5907377837715, 35.689195755]","[12.857142857142858, 12.857142857142858, 12.857142857142858, 25.0]","[25, 25, 190, 27]",2,1.0
0,q3_basic,medium_delay,4,bootstrap_conditional,0.20572002987424515,"[29.94361332905565, 32.04871425, 33.337644175911]","[11.0, 11.0, 11.0, 11.0]","[62, 87, 45, 73]",2,1.0
0,q3_basic,high_delay,4,bootstrap_conditional,0.20572002987424515,"[29.94361332905565, 32.04871425, 33.337644175911]","[11.0, 11.0, 11.0, 11.0]","[62, 87, 45, 73]",2,1.0
0,q2,step_only,4,bootstrap_conditional,0.16021940781401944,"[28.813373329999997, 29.756464415, 31.6993715345789]","[12.857142857142858, 25.0, 25.0, 25.0]","[25, 33, 70, 139]",2,1.5
0,q2,low_delay,4,bootstrap_conditional,0.19493182655230917,"[28.813373329999997, 29.5907377837715, 35.818592644999995]","[12.857142857142858, 12.857142857142858, 12.857142857142858, 25.0]","[25, 25, 191, 26]",2,1.5
0,q2,medium_delay,4,bootstrap_conditional,0.21634239792638063,"[29.749820315464298, 30.435518495, 31.3028320125015]","[11.0, 11.0, 11.0, 11.0]","[54, 25, 45, 143]",2,1.5
0,q2,high_delay,4,bootstrap_conditional,0.21634239792638063,"[29.749820315464298, 30.435518495, 31.3028320125015]","[11.0, 11.0, 11.0, 11.0]","[54, 25, 45, 143]",2,1.5
0,q3_basic,step_only,4,bootstrap_conditional,0.15949512139494693,"[29.35954207201715, 30.70173971, 33.1279444036214]","[12.857142857142858, 25.0, 25.0, 25.0]","[45, 58, 83, 81]",2,1.5
0,q3_basic,low_delay,4,bootstrap_conditional,0.19571378286629215,"[29.0455820628869, 33.80998091497105, 35.58841657265335]","[12.857142857142858, 12.857142857142858, 12.857142857142858, 25.0]","[31, 174, 31, 31]",2,1.5
0,q3_basic,medium_delay,4,bootstrap_conditional,0.21777758130415503,"[29.749820315464298, 30.48501834, 35.818592644999995]","[11.0, 11.0, 11.0, 11.714285714285714]","[54, 39, 148, 26]",2,1.5
0,q3_basic,high_delay,4,bootstrap_conditional,0.21779233541046336,"[29.756464415, 32.04871425, 33.173932113621404]","[11.0, 11.0, 11.0, 11.0]","[58, 91, 38, 80]",2,1.5
0,q2,step_only,4,bootstrap_conditional,0.14761342500318034,"[28.65945323, 29.92762346, 30.68221255328655]","[12.857142857142858, 12.857142857142858, 25.0, 25.0]","[27, 36, 39, 165]",3,0.0
0,q2,low_delay,4,bootstrap_conditional,0.1832919614760067,"[28.62684680525625, 29.43062944343895, 34.535671918803445]","[12.857142857142858, 12.857142857142858, 12.857142857142858, 25.0]","[26, 25, 171, 45]",3,0.0
0,q2,medium_delay,4,bootstrap_conditional,0.20882608797207378,"[29.14653724967005, 34.258432214678805, 35.43452652765335]","[11.0, 11.0, 11.714285714285714, 12.857142857142858]","[43, 174, 25, 25]",3,0.0
0,q2,high_delay,4,bootstrap_conditional,0.20922453632653462,"[29.415395388195698, 30.6453224487093, 31.7336015545789]","[11.0, 11.0, 11.0, 11.0]","[50, 51, 30, 136]",3,0.0
0,q3_basic,step_only,4,bootstrap_conditional,0.1472033988049604,"[29.35954207201715, 30.16560389281525, 30.84344416]","[12.857142857142858, 24.857142857142858, 12.857142857142858, 25.0]","[46, 34, 27, 160]",3,0.0
0,q3_basic,low_delay,4,bootstrap_conditional,0.18157801088816403,"[28.62684680525625, 29.531086350000002, 35.00033464]","[12.857142857142858, 12.857142857142858, 12.857142857142858, 24.714285714285715]","[26, 30, 180, 31]",3,0.0
0,q3_basic,medium_delay,4,bootstrap_conditional,0.20772651175343199,"[29.14653724967005, 30.3549329065045, 35.00033464]","[11.0, 11.0, 11.0, 12.857142857142858]","[43, 42, 151, 31]",3,0.0
0,q3_basic,high_delay,4,bootstrap_conditional,0.20828638398421373,"[29.37857702, 30.483268680000002, 31.95259136745955]","[11.0, 11.0, 11.0, 11.0]","[48, 49, 36, 134]",3,0.0
0,q2,step_only,4,bootstrap_conditional,0.15284959362310294,"[28.62684680525625, 29.43062944343895, 30.3549329065045]","[12.857142857142858, 12.857142857142858, 12.857142857142858, 25.0]","[26, 25, 34, 182]",3,0.5
0,q2,low_delay,4,bootstrap_conditional,0.18262523134811942,"[28.62684680525625, 29.531086350000002, 35.43452652765335]","[12.857142857142858, 12.857142857142858, 12.857142857142858, 24.571428571428573]","[26, 30, 186, 25]",3,0.5
0,q2,medium_delay,4,bootstrap_conditional,0.20219355858116556,"[29.14653724967005, 30.3549329065045, 31.27458389444175]","[11.0, 11.0, 11.0, 11.0]","[43, 42, 35, 147]",3,0.5
0,q2,high_delay,4,bootstrap_conditional,0.20219355858116556,"[29.14653724967005, 30.3549329065045, 31.27458389444175]","[11.0, 11.0, 11.0, 11.0]","[43, 42, 35, 147]",3,0.5
0,q3_basic,step_only,4,bootstrap_conditional,0.15223918109691348,"[29.35954207201715, 30.16560389281525, 30.84344416]","[12.857142857142858, 24.857142857142858, 12.857142857142858, 25.0]","[46, 34, 27, 160]",3,0.5
0,q3_basic,low_delay,4,bootstrap_conditional,0.1806410994199003,"[28.62684680525625, 29.43062944343895, 35.3033617940727]","[12.857142857142858, 12.857142857142858, 12.857142857142858, 24.714285714285715]","[26, 25, 188, 28]",3,0.5
0,q3_basic,medium_delay,4,bootstrap_conditional,0.20113940829438068,"[29.398260685, 30.7981037518733, 35.43452652765335]","[11.0, 11.0, 11.0, 12.142857142857142]","[49, 56, 137, 25]",3,0.5
0,q3_basic,high_delay,4,bootstrap_conditional,0.2011635835222666,"[29.398260685, 30.54099133933135, 31.601947130107853]","[11.0, 11.0, 11.0, 11.0]","[49, 49, 30, 139]",3,0.5
0,q2,step_only,4,bootstrap_conditional,0.1538959228199371,"[28.62684680525625, 29.793195365, 30.68221255328655]","[12.857142857142858, 12.857142857142858, 25.0, 25.0]","[26, 34, 42, 165]",3,1.0
0,q2,low_delay,4,bootstrap_conditional,0.18567777119229328,"[28.62684680525625, 30.102058579967398, 35.43452652765335]","[12.857142857142858, 12.857142857142858, 12.857142857142858, 24.571428571428573]","[26, 45, 171, 25]",3,1.0
0,q2,medium_delay,4,bootstrap_conditional,0.2062472229571576,"[29.14653724967005, 30.3549329065045, 35.43452652765335]","[11.0, 11.0, 11.0, 11.428571428571429]","[43, 42, 157, 25]",3,1.0
0,q2,high_delay,4,bootstrap_conditional,0.2062518475711395,"[29.14653724967005, 30.4768398, 31.677154004578902]","[11.0, 11.0, 11.0, 11.0]","[43, 53, 33, 138]",3,1.0
0,q3_basic,step_only,4,bootstrap_conditional,0.15330679866178543,"[29.35954207201715, 30.16560389281525, 30.84344416]","[12.857142857142858, 24.857142857142858, 12.857142857142858, 25.0]","[46, 34, 27, 160]",3,1.0
0,q3_basic,low_delay,4,bootstrap_conditional,0.18400081370474383,"[29.35954207201715, 30.483268680000002, 35.00033464]","[12.857142857142858, 12.857142857142858, 12.857142857142858, 24.714285714285715]","[46, 51, 139, 31]",3,1.0
0,q3_basic,medium_delay,4,bootstrap_conditional,0.20575515622777796,"[29.43062944343895, 34.187725467824, 35.43452652765335]","[11.0, 11.0, 11.0, 12.857142857142858]","[51, 164, 27, 25]",3,1.0
0,q3_basic,high_delay,4,bootstrap_conditional,0.20585416372625134,"[29.44429980024325, 32.2768860333865, 33.3978292790151]","[11.0, 11.0, 11.0, 11.0]","[54, 90, 47, 76]",3,1.0
0,q2,step_only,4,bootstrap_conditional,0.15720621489805622,"[28.62684680525625, 29.43062944343895, 30.16560389281525]","[12.857142857142858, 12.857142857142858, 12.857142857142858, 25.0]","[26, 25, 29, 187]",3,1.5
0,q2,low_delay,4,bootstrap_conditional,0.18933722537751183,"[28.62684680525625, 29.44429980024325, 34.930506245000004]","[12.857142857142858, 12.857142857142858, 12.857142857142858, 25.0]","[26, 28, 175, 38]",3,1.5
0,q2,medium_delay,4,bootstrap_conditional,0.21036464085792958,"[29.14653724967005, 30.3549329065045, 35.43452652765335]","[11.0, 11.0, 11.0, 11.857142857142858]","[43, 42, 157, 25]",3,1.5
0,q2,high_delay,4,bootstrap_conditional,0.21037859794228797,"[29.415395388195698, 30.68221255328655, 31.83326575245955]","[11.0, 11.0, 11.0, 11.0]","[50, 52, 30, 135]",3,1.5
0,q3_basic,step_only,4,bootstrap_conditional,0.15689969826476674,"[29.35954207201715, 30.16560389281525, 30.84344416]","[12.857142857142858, 24.857142857142858, 12.857142857142858, 25.0]","[46, 34, 27, 160]",3,1.5
0,q3_basic,low_delay,4,bootstrap_conditional,0.18790651137105763,"[28.62684680525625, 29.44429980024325, 35.00033464]","[12.857142857142858, 12.857142857142858, 12.857142857142858, 24.714285714285715]","[26, 28, 182, 31]",3,1.5
0,q3_basic,medium_delay,4,bootstrap_conditional,0.21001829022652505,"[29.415395388195698, 34.09516117264635, 35.43452652765335]","[11.0, 11.0, 11.0, 12.857142857142858]","[50, 162, 30, 25]",3,1.5
0,q3_basic,high_delay,4,bootstrap_conditional,0.21013154164581754,"[29.398260685, 32.04871425, 33.43571488]","[11.0, 11.0, 11.0, 11.0]","[49, 91, 52, 75]",3,1.5
0,q2,step_only,4,bootstrap_conditional,0.15806454129447567,"[29.009509792886902, 29.89542649103325, 34.42010653732065]","[12.857142857142858, 12.857142857142858, 12.857142857142858, 25.0]","[30, 38, 158, 41]",4,0.0
0,q2,low_delay,4,bootstrap_conditional,0.170442157957133,"[28.938497648086297, 29.50395123401475, 30.102058579967398]","[12.857142857142858, 12.857142857142858, 12.857142857142858, 12.857142857142858]","[27, 26, 26, 188]",4,0.0
0,q2,medium_delay,4,bootstrap_conditional,0.17616274289229886,"[29.35954207201715, 30.456294565, 32.2768860333865]","[11.0, 11.0, 11.0, 11.0]","[45, 62, 68, 92]",4,0.0
0,q2,high_delay,4,bootstrap_conditional,0.17616274289229886,"[29.35954207201715, 30.456294565, 32.2768860333865]","[11.0, 11.0, 11.0, 11.0]","[45, 62, 68, 92]",4,0.0
0,q3_basic,step_only,4,bootstrap_conditional,0.1578478365294904,"[29.130029079670052, 30.63776876310955, 34.6456217064828]","[12.857142857142858, 12.857142857142858, 12.857142857142858, 25.0]","[32, 94, 108, 33]",4,0.0
0,q3_basic,low_delay,4,bootstrap_conditional,0.1699769679211594,"[28.9759443680863, 30.483268680000002, 34.01253445026795]","[12.857142857142858, 12.857142857142858, 12.857142857142858, 12.857142857142858]","[29, 86, 105, 47]",4,0.0
0,q3_basic,medium_delay,4,bootstrap_conditional,0.1754789959720141,"[29.26591345677795, 30.406106735, 31.996085665000003]","[11.0, 11.0, 11.0, 11.0]","[41, 61, 63, 102]",4,0.0
0,q3_basic,high_delay,4,bootstrap_conditional,0.1754789959720141,"[29.26591345677795, 30.406106735, 31.996085665000003]","[11.0, 11.0, 11.0, 11.0]","[41, 61, 63, 102]",4,0.0
0,q2,step_only,4,bootstrap_conditional,0.15642868975421248,"[28.9759443680863, 30.47595403, 34.6456217064828]","[12.857142857142858, 12.857142857142858, 12.857142857142858, 25.0]","[29, 83, 122, 33]",4,0.5
0,q2,low_delay,4,bootstrap_conditional,0.167756555758476,"[28.938497648086297, 29.50395123401475, 30.0856258249674]","[12.428571428571429, 12.857142857142858, 12.857142857142858, 12.857142857142858]","[27, 26, 25, 189]",4,0.5
0,q2,medium_delay,4,bootstrap_conditional,0.17212874335676107,"[29.26591345677795, 29.92762346, 30.84344416]","[11.0, 11.0, 11.0, 11.0]","[41, 28, 63, 135]",4,0.5
0,q2,high_delay,4,bootstrap_conditional,0.17212874335676107,"[29.26591345677795, 29.92762346, 30.84344416]","[11.0, 11.0, 11.0, 11.0]","[41, 28, 63, 135]",4,0.5
0,q3_basic,step_only,4,bootstrap_conditional,0.1565439162744438,"[29.130029079670052, 30.48501834, 34.6456217064828]","[12.857142857142858, 12.857142857142858, 12.857142857142858, 25.0]","[32, 86, 116, 33]",4,0.5
0,q3_basic,low_delay,4,bootstrap_conditional,0.16765563257241478,"[29.20491842677795, 31.820637599999998, 34.178481535470354]","[11.857142857142858, 12.857142857142858, 12.857142857142858, 12.857142857142858]","[39, 122, 62, 44]",4,0.5
0,q3_basic,medium_delay,4,bootstrap_conditional,0.17181821476896308,"[29.26591345677795, 29.815292053799652, 30.3529487489287]","[11.0, 11.0, 11.0, 11.0]","[41, 25, 35, 166]",4,0.5
0,q3_basic,high_delay,4,bootstrap_conditional,0.17181821476896308,"[29.26591345677795, 29.815292053799652, 30.3529487489287]","[11.0, 11.0, 11.0, 11.0]","[41, 25, 35, 166]",4,0.5
0,q2,step_only,4,bootstrap_conditional,0.1526822749143917,"[28.938497648086297, 29.50395123401475, 30.0856258249674]","[12.857142857142858, 12.857142857142858, 12.857142857142858, 12.857142857142858]","[27, 26, 25, 189]",4,1.0
0,q2,low_delay,4,bootstrap_conditional,0.16156741720196047,"[29.26591345677795, 30.3017749204332, 30.60783565533905]","[11.0, 11.0, 12.0, 12.857142857142858]","[41, 59, 25, 142]",4,1.0
0,q2,medium_delay,4,bootstrap_conditional,0.16327244104427194,"[29.32178088201715, 30.48501834, 34.5435630114828]","[11.0, 11.0, 11.0, 11.0]","[44, 74, 114, 35]",4,1.0
0,q2,high_delay,4,bootstrap_conditional,0.16327244104427194,"[29.32178088201715, 30.48501834, 34.5435630114828]","[11.0, 11.0, 11.0, 11.0]","[44, 74, 114, 35]",4,1.0
0,q3_basic,step_only,4,bootstrap_conditional,0.15226254281647814,"[29.080808982556952, 31.3328724074796, 35.55795257478585]","[12.857142857142858, 12.857142857142858, 12.857142857142858, 12.857142857142858]","[31, 116, 95, 25]",4,1.0
0,q3_basic,low_delay,4,bootstrap_conditional,0.1609701284859363,"[30.0196636680224, 30.2646582128532, 30.84344416]","[11.0, 12.857142857142858, 11.142857142857142, 12.857142857142858]","[71, 25, 36, 135]",4,1.0
0,q3_basic,medium_delay,4,bootstrap_conditional,0.16250375287528396,"[29.26591345677795, 30.483268680000002, 32.2768860333865]","[11.0, 11.0, 11.0, 11.0]","[41, 74, 60, 92]",4,1.0
0,q3_basic,high_delay,4,bootstrap_conditional,0.16250375287528396,"[29.26591345677795, 30.483268680000002, 32.2768860333865]","[11.0, 11.0, 11.0, 11.0]","[41, 74, 60, 92]",4,1.0
0,q2,step_only,4,bootstrap_conditional,0.15267308708325017,"[28.938497648086297, 29.50395123401475, 30.119401915]","[12.857142857142858, 12.857142857142858, 12.857142857142858, 12.857142857142858]","[27, 26, 30, 184]",4,1.5
0,q2,low_delay,4,bootstrap_conditional,0.16082340885518992,"[29.26591345677795, 30.47595403, 32.1885791644288]","[11.0, 11.0, 11.0, 12.857142857142858]","[41, 71, 62, 93]",4,1.5
0,q2,medium_delay,4,bootstrap_conditional,0.16153419175321038,"[29.26591345677795, 29.815292053799652, 31.235651975]","[11.0, 11.0, 11.0, 11.0]","[41, 25, 72, 129]",4,1.5
0,q2,high_delay,4,bootstrap_conditional,0.16153419175321038,"[29.26591345677795, 29.815292053799652, 31.235651975]","[11.0, 11.0, 11.0, 11.0]","[41, 25, 72, 129]",4,1.5
0,q3_basic,step_only,4,bootstrap_conditional,0.15208122795848314,"[28.938497648086297, 29.50395123401475, 30.0856258249674]","[12.857142857142858, 12.857142857142858, 12.857142857142858, 12.857142857142858]","[27, 26, 25, 189]",4,1.5
0,q3_basic,low_delay,4,bootstrap_conditional,0.15994854259365004,"[31.743230699999998, 32.7032818769354, 33.6521916860684]","[11.0, 12.857142857142858, 11.428571428571429, 12.857142857142858]","[160, 28, 25, 54]",4,1.5
0,q3_basic,medium_delay,4,bootstrap_conditional,0.1604730495493016,"[29.26591345677795, 29.975810298022402, 31.016566405]","[11.0, 11.0, 11.0, 11.0]","[41, 29, 63, 134]",4,1.5
0,q3_basic,high_delay,4,bootstrap_conditional,0.1604730495493016,"[29.26591345677795, 29.975810298022402, 31.016566405]","[11.0, 11.0, 11.0, 11.0]","[41, 29, 63, 134]",4,1.5
0,q2,step_only,4,bootstrap_conditional,0.16381551487678694,"[28.33249185, 29.15560064, 29.9478781980224]","[12.857142857142858, 12.857142857142858, 12.857142857142858, 25.0]","[27, 26, 35, 179]",5,0.0
0,q2,low_delay,4,bootstrap_conditional,0.19194293355922226,"[28.33249185, 29.15560064, 35.971755044999995]","[12.857142857142858, 12.857142857142858, 12.857142857142858, 25.0]","[27, 26, 187, 27]",5,0.0
0,q2,medium_delay,4,bootstrap_conditional,0.21128721128686287,"[28.995840137890752, 30.060693649999997, 30.63776876310955]","[11.0, 11.0, 11.0, 11.0]","[42, 53, 30, 142]",5,0.0
0,q2,high_delay,4,bootstrap_conditional,0.21128721128686287,"[28.995840137890752, 30.060693649999997, 30.63776876310955]","[11.0, 11.0, 11.0, 11.0]","[42, 53, 30, 142]",5,0.0
0,q3_basic,step_only,4,bootstrap_conditional,0.16427812889974863,"[28.33249185, 29.15560064, 30.098750285]","[12.857142857142858, 12.857142857142858, 12.857142857142858, 25.0]","[27, 26, 43, 171]",5,0.0
0,q3_basic,low_delay,4,bootstrap_conditional,0.19259342451726322,"[28.33249185, 29.15560064, 35.614437525]","[12.857142857142858, 12.857142857142858, 12.857142857142858, 25.0]","[27, 26, 184, 30]",5,0.0
0,q3_basic,medium_delay,4,bootstrap_conditional,0.21268690580972677,"[28.995840137890752, 30.119388739999998, 30.60783565533905]","[11.0, 11.0, 11.0, 11.0]","[42, 55, 27, 143]",5,0.0
0,q3_basic,high_delay,4,bootstrap_conditional,0.21268690580972677,"[28.995840137890752, 30.119388739999998, 30.60783565533905]","[11.0, 11.0, 11.0, 11.0]","[42, 55, 27, 143]",5,0.0
0,q2,step_only,4,bootstrap_conditional,0.1631545829778221,"[28.50632113, 29.415395388195698, 30.456294565]","[12.857142857142858, 25.0, 25.0, 25.0]","[32, 26, 53, 156]",5,0.5
0,q2,low_delay,4,bootstrap_conditional,0.1999746587407386,"[28.33249185, 29.15560064, 34.6462914764828]","[12.857142857142858, 12.857142857142858, 12.857142857142858, 25.0]","[27, 26, 175, 39]",5,0.5
0,q2,medium_delay,4,bootstrap_conditional,0.2245190987984262,"[28.9759443680863, 29.80803022604035, 36.379591695]","[11.0, 11.0, 11.0, 12.857142857142858]","[41, 41, 159, 26]",5,0.5
0,q2,high_delay,4,bootstrap_conditional,0.22471308799924092,"[28.9759443680863, 29.80803022604035, 30.68221255328655]","[11.0, 11.0, 11.0, 11.0]","[41, 41, 45, 140]",5,0.5
0,q3_basic,step_only,4,bootstrap_conditional,0.16351780637553098,"[28.376274255, 29.37922573701715, 30.0196636680224]","[24.857142857142858, 12.857142857142858, 25.0, 25.0]","[31, 25, 33, 178]",5,0.5
0,q3_basic,low_delay,4,bootstrap_conditional,0.2003156839974233,"[28.33249185, 29.15560064, 34.6462914764828]","[12.857142857142858, 12.857142857142858, 12.857142857142858, 25.0]","[27, 26, 175, 39]",5,0.5
0,q3_basic,medium_delay,4,bootstrap_conditional,0.2261841227124856,"[28.9759443680863, 29.80803022604035, 35.614437525]","[11.0, 11.0, 11.0, 12.857142857142858]","[41, 41, 155, 30]",5,0.5
0,q3_basic,high_delay,4,bootstrap_conditional,0.22648396595488543,"[29.02420649077765, 30.75052001013085, 32.7032818769354]","[11.0, 11.0, 11.0, 11.0]","[43, 87, 53, 84]",5,0.5
0,q2,step_only,4,bootstrap_conditional,0.15982712638716923,"[28.870021235, 30.132707290972853, 34.111694459999995]","[25.0, 25.0, 25.0, 25.0]","[38, 60, 119, 50]",5,1.0
0,q2,low_delay,4,bootstrap_conditional,0.21114531720539587,"[28.33249185, 29.716817785, 32.472161990000004]","[12.857142857142858, 12.857142857142858, 12.857142857142858, 25.0]","[27, 47, 102, 91]",5,1.0
0,q2,medium_delay,4,bootstrap_conditional,0.2470895943818725,"[31.5818103399317, 32.41381647855615, 33.35885589395795]","[11.0, 11.714285714285714, 12.571428571428571, 12.857142857142858]","[149, 25, 25, 68]",5,1.0
0,q2,high_delay,4,bootstrap_conditional,0.2485944594535576,"[28.9759443680863, 29.80803022604035, 30.483268680000002]","[11.0, 11.0, 11.0, 11.0]","[41, 41, 32, 153]",5,1.0
0,q3_basic,step_only,4,bootstrap_conditional,0.15958702983296252,"[28.9759443680863, 31.900383252459548, 34.24950479]","[25.0, 25.0, 25.0, 25.0]","[41, 113, 64, 49]",5,1.0
0,q3_basic,low_delay,4,bootstrap_conditional,0.21117500679405593,"[28.870021235, 30.65373823440025, 32.1885791644288]","[12.857142857142858, 12.857142857142858, 12.857142857142858, 25.0]","[38, 88, 40, 101]",5,1.0
0,q3_basic,medium_delay,4,bootstrap_conditional,0.24906865308955126,"[28.9759443680863, 32.1885791644288, 33.39248082804695]","[11.0, 11.0, 12.571428571428571, 12.857142857142858]","[41, 125, 35, 66]",5,1.0
0,q3_basic,high_delay,4,bootstrap_conditional,0.2508990927703633,"[28.9759443680863, 29.80803022604035, 30.63776876310955]","[11.0, 11.0, 11.0, 11.0]","[41, 41, 43, 142]",5,1.0
0,q2,step_only,4,bootstrap_conditional,0.16643974493228342,"[28.33249185, 29.15560064, 29.9478781980224]","[12.857142857142858, 25.0, 25.0, 25.0]","[27, 26, 35, 179]",5,1.5
0,q2,low_delay,4,bootstrap_conditional,0.2105596465561933,"[28.813373329999997, 29.858344816033252, 33.6163850333305]","[12.857142857142858, 12.857142857142858, 12.857142857142858, 25.0]","[37, 48, 122, 60]",5,1.5
0,q2,medium_delay,4,bootstrap_conditional,0.2396212799349974,"[28.9759443680863, 33.71727917055455, 35.1443427240727]","[11.0, 11.0, 11.428571428571429, 12.857142857142858]","[41, 167, 25, 34]",5,1.5
0,q2,high_delay,4,bootstrap_conditional,0.24007363762282638,"[28.9759443680863, 29.80803022604035, 30.483268680000002]","[11.0, 11.0, 11.0, 11.0]","[41, 41, 32, 153]",5,1.5
0,q3_basic,step_only,4,bootstrap_conditional,0.16643164712323125,"[28.938497648086297, 30.098750285, 33.7914881176594]","[25.0, 25.0, 25.0, 25.0]","[39, 57, 114, 57]",5,1.5
0,q3_basic,low_delay,4,bootstrap_conditional,0.21077594631603916,"[28.33249185, 29.15560064, 33.71727917055455]","[12.857142857142858, 12.857142857142858, 12.857142857142858, 25.0]","[27, 26, 155, 59]",5,1.5
0,q3_basic,medium_delay,4,bootstrap_conditional,0.2414022419848678,"[29.32178088201715, 33.411452741852145, 34.6462914764828]","[11.0, 11.0, 11.714285714285714, 12.857142857142858]","[55, 148, 25, 39]",5,1.5
0,q3_basic,high_delay,4,bootstrap_conditional,0.24202855237015117,"[28.9759443680863, 29.80803022604035, 30.483268680000002]","[11.0, 11.0, 11.0, 11.0]","[41, 41, 32, 153]",5,1.5
0,q2,step_only,4,bootstrap_conditional,0.13309486504765022,"[29.0780592777865, 29.756464415, 30.70173971]","[25.0, 25.0, 25.0, 25.0]","[27, 35, 46, 159]",6,0.0
0,q2,low_delay,4,bootstrap_conditional,0.20142457127827215,"[29.0518100428869, 29.7859335372407, 31.373618482277948]","[12.857142857142858, 12.857142857142858, 25.0, 25.0]","[26, 39, 67, 135]",6,0.0
0,q2,medium_delay,4,bootstrap_conditional,0.25130052483324383,"[29.0518100428869, 29.7458871954643, 30.119401915]","[12.857142857142858, 12.857142857142858, 12.857142857142858, 12.857142857142858]","[26, 26, 25, 190]",6,0.0
0,q2,high_delay,4,bootstrap_conditional,0.26429792600442203,"[29.172108809999997, 30.3483792711496, 31.2908888938616]","[11.0, 11.0, 11.0, 11.0]","[36, 48, 45, 138]",6,0.0
0,q3_basic,step_only,4,bootstrap_conditional,0.13322847078625563,"[29.0780592777865, 29.756464415, 30.70173971]","[25.0, 25.0, 25.0, 25.0]","[27, 35, 46, 159]",6,0.0
0,q3_basic,low_delay,4,bootstrap_conditional,0.20020554233141502,"[29.35954207201715, 30.163447343292603, 31.145124715]","[12.857142857142858, 25.0, 12.857142857142858, 25.0]","[41, 40, 40, 146]",6,0.0
0,q3_basic,medium_delay,4,bootstrap_conditional,0.2507999475503862,"[29.0518100428869, 29.7458871954643, 30.119401915]","[12.857142857142858, 12.857142857142858, 12.857142857142858, 12.857142857142858]","[26, 26, 25, 190]",6,0.0
0,q3_basic,high_delay,4,bootstrap_conditional,0.2635509667053876,"[29.172108809999997, 30.3483792711496, 31.2908888938616]","[11.0, 11.0, 11.0, 11.0]","[36, 48, 45, 138]",6,0.0
0,q2,step_only,4,bootstrap_conditional,0.13185634261202941,"[29.152824510000002, 30.4768398, 32.55993621748835]","[25.0, 25.0, 25.0, 25.0]","[33, 68, 77, 89]",6,0.5
0,q2,low_delay,4,bootstrap_conditional,0.20089800831299193,"[29.401891363195702, 30.406106735, 32.3549828705588]","[12.857142857142858, 25.0, 25.0, 25.0]","[46, 40, 78, 103]",6,0.5
0,q2,medium_delay,4,bootstrap_conditional,0.25180186329609666,"[29.10705821745655, 29.7859335372407, 30.435518495]","[12.857142857142858, 12.857142857142858, 12.857142857142858, 12.857142857142858]","[28, 37, 25, 177]",6,0.5
0,q2,high_delay,4,bootstrap_conditional,0.265746624924712,"[29.172108809999997, 30.3483792711496, 31.2908888938616]","[11.0, 11.0, 11.0, 11.0]","[36, 48, 45, 138]",6,0.5
0,q3_basic,step_only,4,bootstrap_conditional,0.13205734140414355,"[29.0780592777865, 29.756464415, 30.70173971]","[25.0, 25.0, 25.0, 25.0]","[27, 35, 46, 159]",6,0.5
0,q3_basic,low_delay,4,bootstrap_conditional,0.19978068424441323,"[29.35954207201715, 30.435518495, 31.145124715]","[12.857142857142858, 25.0, 12.857142857142858, 25.0]","[41, 49, 31, 146]",6,0.5
0,q3_basic,medium_delay,4,bootstrap_conditional,0.25101940770179243,"[29.0780592777865, 29.760862715000002, 30.46963577]","[12.857142857142858, 12.857142857142858, 12.857142857142858, 12.857142857142858]","[27, 36, 37, 167]",6,0.5
0,q3_basic,high_delay,4,bootstrap_conditional,0.26456447675056066,"[29.172108809999997, 30.3483792711496, 31.2908888938616]","[11.0, 11.0, 11.0, 11.0]","[36, 48, 45, 138]",6,0.5
0,q2,step_only,4,bootstrap_conditional,0.13305422107610693,"[29.130029079670052, 30.4768398, 32.423729663906755]","[25.0, 25.0, 25.0, 25.0]","[30, 71, 73, 93]",6,1.0
0,q2,low_delay,4,bootstrap_conditional,0.20240141285861618,"[29.23587997, 30.13270729597285, 31.66284253]","[12.857142857142858, 25.0, 25.0, 25.0]","[37, 41, 62, 127]",6,1.0
0,q2,medium_delay,4,bootstrap_conditional,0.2509330412596572,"[29.0518100428869, 29.7458871954643, 30.119401915]","[12.857142857142858, 12.857142857142858, 12.857142857142858, 12.857142857142858]","[26, 26, 25, 190]",6,1.0
0,q2,high_delay,4,bootstrap_conditional,0.2639334478976611,"[29.37857702, 30.70173971, 31.6993715345789]","[11.0, 11.0, 11.0, 11.0]","[42, 66, 33, 126]",6,1.0
0,q3_basic,step_only,4,bootstrap_conditional,0.1332227859747371,"[29.652620804999998, 30.84344416, 32.54021816248835]","[25.0, 25.0, 25.0, 25.0]","[49, 65, 63, 90]",6,1.0
0,q3_basic,low_delay,4,bootstrap_conditional,0.20146843048042487,"[29.0518100428869, 30.435518495, 31.145124715]","[12.857142857142858, 25.0, 12.857142857142858, 25.0]","[26, 64, 31, 146]",6,1.0
0,q3_basic,medium_delay,4,bootstrap_conditional,0.2501769642376397,"[29.0518100428869, 29.7458871954643, 30.119401915]","[12.857142857142858, 12.857142857142858, 12.857142857142858, 12.857142857142858]","[26, 26, 25, 190]",6,1.0
0,q3_basic,high_delay,4,bootstrap_conditional,0.2628165217015997,"[29.172108809999997, 30.3483792711496, 31.2908888938616]","[11.0, 11.0, 11.0, 11.0]","[36, 48, 45, 138]",6,1.0
0,q2,step_only,4,bootstrap_conditional,0.13791407067502337,"[29.0780592777865, 29.756464415, 30.70173971]","[25.0, 25.0, 25.0, 25.0]","[27, 35, 46, 159]",6,1.5
0,q2,low_delay,4,bootstrap_conditional,0.2070132631521142,"[29.531086350000002, 30.406106735, 31.6993715345789]","[12.857142857142858, 25.0, 25.0, 25.0]","[48, 38, 55, 126]",6,1.5
0,q2,medium_delay,4,bootstrap_conditional,0.25412010190868295,"[29.0518100428869, 29.7458871954643, 31.21939287]","[12.857142857142858, 12.857142857142858, 12.857142857142858, 12.857142857142858]","[26, 26, 71, 144]",6,1.5
0,q2,high_delay,4,bootstrap_conditional,0.2650430119500262,"[29.172108809999997, 30.483268680000002, 31.5998670897147]","[11.0, 11.0, 11.0, 11.0]","[36, 67, 35, 129]",6,1.5
0,q3_basic,step_only,4,bootstrap_conditional,0.13809275714029115,"[29.152824510000002, 30.456294565, 32.55993621748835]","[25.0, 25.0, 25.0, 25.0]","[33, 66, 79, 89]",6,1.5
0,q3_basic,low_delay,4,bootstrap_conditional,0.2060368522391512,"[29.35954207201715, 30.435518495, 31.145124715]","[12.857142857142858, 25.0, 12.857142857142858, 25.0]","[41, 49, 31, 146]",6,1.5
0,q3_basic,medium_delay,4,bootstrap_conditional,0.25335052222887466,"[29.4326964231957, 31.0253201733632, 31.6993715345789]","[12.857142857142858, 12.857142857142858, 12.857142857142858, 12.857142857142858]","[47, 69, 25, 126]",6,1.5
0,q3_basic,high_delay,4,bootstrap_conditional,0.2639186997047346,"[29.172108809999997, 30.3483792711496, 31.2908888938616]","[11.0, 11.0, 11.0, 11.0]","[36, 48, 45, 138]",6,1.5
0,q2,step_only,4,bootstrap_conditional,0.1691206972186118,"[29.050455725677253, 30.11780753, 32.2768860333865]","[25.0, 25.0, 25.0, 25.0]","[42, 53, 77, 95]",7,0.0
0,q2,low_delay,4,bootstrap_conditional,0.22255729739288846,"[28.376274255, 29.20491842677795, 32.76497852]","[12.857142857142858, 12.857142857142858, 12.857142857142858, 25.0]","[28, 25, 137, 77]",7,0.0
0,q2,medium_delay,4,bootstrap_conditional,0.25288719162936296,"[28.65945323, 33.307927785000004, 34.4547953514828]","[11.0, 11.0, 11.571428571428571, 12.857142857142858]","[34, 170, 25, 38]",7,0.0
0,q2,high_delay,4,bootstrap_conditional,0.2533348903892291,"[28.73530863, 29.815292053799652, 30.6746588676868]","[11.0, 11.0, 11.0, 11.0]","[35, 42, 50, 140]",7,0.0
0,q3_basic,step_only,4,bootstrap_conditional,0.16945048532436807,"[28.938497648086297, 29.815292053799652, 32.76497852]","[25.0, 25.0, 25.0, 25.0]","[39, 38, 113, 77]",7,0.0
0,q3_basic,low_delay,4,bootstrap_conditional,0.22237512309651855,"[29.20491842677795, 30.761083097004153, 33.35885589395795]","[12.857142857142858, 12.857142857142858, 12.857142857142858, 25.0]","[53, 78, 79, 57]",7,0.0
0,q3_basic,medium_delay,4,bootstrap_conditional,0.2533361746419328,"[28.65945323, 33.35885589395795, 35.41665096172605]","[11.0, 11.0, 12.571428571428571, 12.857142857142858]","[34, 176, 25, 32]",7,0.0
0,q3_basic,high_delay,4,bootstrap_conditional,0.25387325811719547,"[28.65945323, 29.55072956140705, 30.060693649999997]","[11.0, 11.0, 11.0, 11.0]","[34, 29, 26, 178]",7,0.0
0,q2,step_only,4,bootstrap_conditional,0.1668584440390208,"[29.10705821745655, 30.267515586117298, 33.307927785000004]","[25.0, 25.0, 25.0, 25.0]","[43, 59, 102, 63]",7,0.5
0,q2,low_delay,4,bootstrap_conditional,0.21771203648295234,"[28.73530863, 30.75052001013085, 33.24811706996741]","[12.857142857142858, 12.857142857142858, 12.857142857142858, 25.0]","[35, 94, 73, 65]",7,0.5
0,q2,medium_delay,4,bootstrap_conditional,0.2465461431389472,"[29.10705821745655, 33.332582615, 34.7490199464828]","[11.0, 11.0, 11.285714285714286, 12.857142857142858]","[43, 162, 25, 37]",7,0.5
0,q2,high_delay,4,bootstrap_conditional,0.246918742761615,"[28.65945323, 29.55072956140705, 30.060693649999997]","[11.0, 11.0, 11.0, 11.0]","[34, 29, 26, 178]",7,0.5
0,q3_basic,step_only,4,bootstrap_conditional,0.16702985526846562,"[28.9759443680863, 31.30462428941985, 33.332582615]","[25.0, 25.0, 25.0, 25.0]","[40, 107, 58, 62]",7,0.5
0,q3_basic,low_delay,4,bootstrap_conditional,0.21776969993273027,"[28.376274255, 29.20491842677795, 33.35885589395795]","[12.857142857142858, 12.857142857142858, 12.857142857142858, 25.0]","[28, 25, 157, 57]",7,0.5
0,q3_basic,medium_delay,4,bootstrap_conditional,0.24703366827031914,"[28.65945323, 33.35885589395795, 35.41665096172605]","[11.0, 11.0, 11.714285714285714, 12.857142857142858]","[34, 176, 25, 32]",7,0.5
0,q3_basic,high_delay,4,bootstrap_conditional,0.24744949453720408,"[28.65945323, 29.55072956140705, 30.060693649999997]","[11.0, 11.0, 11.0, 11.0]","[34, 29, 26, 178]",7,0.5
0,q2,step_only,4,bootstrap_conditional,0.16990008940786233,"[28.938497648086297, 30.102058579967398, 32.0931884444288]","[25.0, 25.0, 25.0, 25.0]","[39, 54, 75, 99]",7,1.0
0,q2,low_delay,4,bootstrap_conditional,0.21722082512360627,"[28.376274255, 29.26591345677795, 33.92505103026795]","[12.857142857142858, 12.857142857142858, 12.857142857142858, 25.0]","[28, 26, 166, 47]",7,1.0
0,q2,medium_delay,4,bootstrap_conditional,0.24311514839172663,"[28.65945323, 29.629245695, 36.09730783]","[11.0, 11.0, 11.0, 12.857142857142858]","[34, 30, 178, 25]",7,1.0
0,q2,high_delay,4,bootstrap_conditional,0.24325594555985747,"[28.65945323, 29.55072956140705, 30.060693649999997]","[11.0, 11.0, 11.0, 11.0]","[34, 29, 26, 178]",7,1.0
0,q3_basic,step_only,4,bootstrap_conditional,0.17005104389236145,"[29.130029079670052, 30.3017749204332, 33.6163850333305]","[25.0, 25.0, 25.0, 25.0]","[45, 58, 111, 53]",7,1.0
0,q3_basic,low_delay,4,bootstrap_conditional,0.21712530467304858,"[28.376274255, 29.46600999140705, 33.6163850333305]","[12.857142857142858, 12.857142857142858, 12.857142857142858, 25.0]","[28, 34, 152, 53]",7,1.0
0,q3_basic,medium_delay,4,bootstrap_conditional,0.24340453124924527,"[29.130029079670052, 32.76497852, 35.65718455]","[11.0, 11.0, 11.0, 12.857142857142858]","[45, 145, 49, 28]",7,1.0
0,q3_basic,high_delay,4,bootstrap_conditional,0.2435545668231316,"[28.65945323, 29.55072956140705, 30.060693649999997]","[11.0, 11.0, 11.0, 11.0]","[34, 29, 26, 178]",7,1.0
0,q2,step_only,4,bootstrap_conditional,0.17014005353760123,"[28.938497648086297, 30.102058579967398, 32.04871425]","[25.0, 25.0, 25.0, 25.0]","[39, 54, 74, 100]",7,1.5
0,q2,low_delay,4,bootstrap_conditional,0.2082868602677027,"[28.376274255, 29.20491842677795, 35.41665096172605]","[12.857142857142858, 12.857142857142858, 12.857142857142858, 25.0]","[28, 25, 182, 32]",7,1.5
0,q2,medium_delay,4,bootstrap_conditional,0.22998259788760447,"[28.65945323, 29.55072956140705, 30.060693649999997]","[11.0, 11.0, 11.0, 11.0]","[34, 29, 26, 178]",7,1.5
0,q2,high_delay,4,bootstrap_conditional,0.22998259788760447,"[28.65945323, 29.55072956140705, 30.060693649999997]","[11.0, 11.0, 11.0, 11.0]","[34, 29, 26, 178]",7,1.5
0,q3_basic,step_only,4,bootstrap_conditional,0.1703212022448707,"[29.050455725677253, 30.11360183, 32.04871425]","[25.0, 25.0, 25.0, 25.0]","[42, 52, 73, 100]",7,1.5
0,q3_basic,low_delay,4,bootstrap_conditional,0.20837908509083558,"[28.376274255, 29.20491842677795, 35.2208681140727]","[12.857142857142858, 12.857142857142858, 12.857142857142858, 25.0]","[28, 25, 181, 33]",7,1.5
0,q3_basic,medium_delay,4,bootstrap_conditional,0.2302497534557801,"[28.813373329999997, 29.858344816033252, 30.75052001013085]","[11.0, 11.0, 11.0, 11.0]","[36, 44, 49, 138]",7,1.5
0,q3_basic,high_delay,4,bootstrap_conditional,0.2302497534557801,"[28.813373329999997, 29.858344816033252, 30.75052001013085]","[11.0, 11.0, 11.0, 11.0]","[36, 44, 49, 138]",7,1.5
0,q2,step_only,4,bootstrap_conditional,0.15377304940465714,"[29.334636189999998, 32.090620644428796, 33.80869648270895]","[25.0, 25.0, 25.0, 25.0]","[46, 106, 58, 57]",8,0.0
0,q2,low_delay,4,bootstrap_conditional,0.21117332377830114,"[28.995840137890752, 30.622393963731597, 32.18924892207405]","[12.857142857142858, 12.857142857142858, 12.857142857142858, 12.857142857142858]","[27, 81, 47, 112]",8,0.0
0,q2,medium_delay,4,bootstrap_conditional,0.2370884589163934,"[29.09474287967005, 32.642336522060546, 34.50058217922245]","[11.0, 11.0, 11.0, 11.142857142857142]","[33, 137, 55, 42]",8,0.0
0,q2,high_delay,4,bootstrap_conditional,0.23709036343409673,"[29.152824510000002, 30.65373823440025, 31.65839805197855]","[11.0, 11.0, 11.0, 11.0]","[40, 70, 28, 129]",8,0.0
0,q3_basic,step_only,4,bootstrap_conditional,0.1538934885634191,"[29.629245695, 32.41381647855615, 34.056319955]","[25.0, 25.0, 25.0, 25.0]","[58, 102, 58, 49]",8,0.0
0,q3_basic,low_delay,4,bootstrap_conditional,0.2107944891289338,"[31.4807653089329, 32.3668140755951, 35.2208681140727]","[12.857142857142858, 24.428571428571427, 12.857142857142858, 25.0]","[131, 27, 78, 31]",8,0.0
0,q3_basic,medium_delay,4,bootstrap_conditional,0.23735405958905592,"[31.4807653089329, 32.3668140755951, 35.2208681140727]","[11.0, 12.571428571428571, 11.0, 12.142857142857142]","[131, 27, 78, 31]",8,0.0
0,q3_basic,high_delay,4,bootstrap_conditional,0.2375217136867042,"[29.02116332289075, 29.66606058, 30.456294565]","[11.0, 11.0, 11.0, 11.0]","[30, 29, 37, 171]",8,0.0
0,q2,step_only,4,bootstrap_conditional,0.1577310072549248,"[29.334636189999998, 30.47695042, 33.85248154497105]","[25.0, 25.0, 25.0, 25.0]","[46, 55, 110, 56]",8,0.5
0,q2,low_delay,4,bootstrap_conditional,0.21140540391193124,"[29.02116332289075, 30.75052001013085, 32.18924892207405]","[12.857142857142858, 12.857142857142858, 12.857142857142858, 12.857142857142858]","[30, 83, 42, 112]",8,0.5
0,q2,medium_delay,4,bootstrap_conditional,0.2356763747436858,"[29.334636189999998, 30.90865332054825, 31.7686576929447]","[11.0, 11.0, 11.0, 11.0]","[46, 71, 25, 125]",8,0.5
0,q2,high_delay,4,bootstrap_conditional,0.2356763747436858,"[29.334636189999998, 30.90865332054825, 31.7686576929447]","[11.0, 11.0, 11.0, 11.0]","[46, 71, 25, 125]",8,0.5
0,q3_basic,step_only,4,bootstrap_conditional,0.157816442488023,"[29.172108809999997, 30.11360183, 33.080608131774056]","[25.0, 25.0, 25.0, 25.0]","[41, 40, 100, 86]",8,0.5
0,q3_basic,low_delay,4,bootstrap_conditional,0.21145042225931254,"[28.94369672, 31.4807653089329, 32.3668140755951]","[12.857142857142858, 12.857142857142858, 24.428571428571427, 12.857142857142858]","[25, 106, 27, 109]",8,0.5
0,q3_basic,medium_delay,4,bootstrap_conditional,0.23584161264249454,"[29.172108809999997, 31.4807653089329, 32.3668140755951]","[11.0, 11.0, 11.571428571428571, 11.0]","[41, 90, 27, 109]",8,0.5
0,q3_basic,high_delay,4,bootstrap_conditional,0.23584303806522605,"[29.02116332289075, 29.92335859103325, 31.3328724074796]","[11.0, 11.0, 11.0, 11.0]","[30, 40, 57, 140]",8,0.5
0,q2,step_only,4,bootstrap_conditional,0.16108524138324318,"[29.23587997, 30.47695042, 32.38715388355615]","[25.0, 25.0, 25.0, 25.0]","[44, 57, 58, 108]",8,1.0
0,q2,low_delay,4,bootstrap_conditional,0.21805028898409795,"[29.02116332289075, 30.75052001013085, 32.3668140755951]","[12.857142857142858, 12.857142857142858, 12.857142857142858, 12.857142857142858]","[30, 83, 45, 109]",8,1.0
0,q2,medium_delay,4,bootstrap_conditional,0.2427279757809279,"[29.02116332289075, 29.66606058, 30.406106735]","[11.0, 11.0, 11.0, 11.0]","[30, 29, 35, 173]",8,1.0
0,q2,high_delay,4,bootstrap_conditional,0.2427279757809279,"[29.02116332289075, 29.66606058, 30.406106735]","[11.0, 11.0, 11.0, 11.0]","[30, 29, 35, 173]",8,1.0
0,q3_basic,step_only,4,bootstrap_conditional,0.16143463759119223,"[29.172108809999997, 30.406106735, 32.090620644428796]","[25.0, 25.0, 25.0, 25.0]","[41, 53, 58, 115]",8,1.0
0,q3_basic,low_delay,4,bootstrap_conditional,0.21735799645769044,"[31.4807653089329, 32.3668140755951, 35.2208681140727]","[12.857142857142858, 24.428571428571427, 12.857142857142858, 25.0]","[131, 27, 78, 31]",8,1.0
0,q3_basic,medium_delay,4,bootstrap_conditional,0.24275667049795635,"[31.4807653089329, 32.3668140755951, 35.2208681140727]","[11.0, 11.571428571428571, 11.0, 11.571428571428571]","[131, 27, 78, 31]",8,1.0
0,q3_basic,high_delay,4,bootstrap_conditional,0.24277582047585836,"[29.02116332289075, 29.66606058, 30.406106735]","[11.0, 11.0, 11.0, 11.0]","[30, 29, 35, 173]",8,1.0
0,q2,step_only,4,bootstrap_conditional,0.18210244413295237,"[28.94369672, 29.7185051004643, 33.1117307459062]","[12.857142857142858, 25.0, 25.0, 25.0]","[25, 37, 123, 82]",8,1.5
0,q2,low_delay,4,bootstrap_conditional,0.20476456979832855,"[29.02116332289075, 30.90865332054825, 32.5830326425095]","[12.857142857142858, 12.857142857142858, 12.857142857142858, 12.857142857142858]","[30, 87, 51, 99]",8,1.5
0,q2,medium_delay,4,bootstrap_conditional,0.21890863282894962,"[29.02116332289075, 29.66606058, 30.456294565]","[11.0, 11.0, 11.0, 11.0]","[30, 29, 37, 171]",8,1.5
0,q2,high_delay,4,bootstrap_conditional,0.21890863282894962,"[29.02116332289075, 29.66606058, 30.456294565]","[11.0, 11.0, 11.0, 11.0]","[30, 29, 37, 171]",8,1.5
0,q3_basic,step_only,4,bootstrap_conditional,0.1820707907431683,"[29.392081044999998, 30.406106735, 32.13576459650285]","[12.857142857142858, 25.0, 25.0, 25.0]","[49, 45, 59, 114]",8,1.5
0,q3_basic,low_delay,4,bootstrap_conditional,0.20491443629517236,"[29.152824510000002, 30.1858825646128, 30.90865332054825]","[12.857142857142858, 12.857142857142858, 12.857142857142858, 12.857142857142858]","[40, 45, 32, 150]",8,1.5
0,q3_basic,medium_delay,4,bootstrap_conditional,0.21895516499372505,"[29.02116332289075, 30.117794359999998, 30.90865332054825]","[11.0, 11.0, 11.0, 11.0]","[30, 52, 35, 150]",8,1.5
0,q3_basic,high_delay,4,bootstrap_conditional,0.21895516499372505,"[29.02116332289075, 30.117794359999998, 30.90865332054825]","[11.0, 11.0, 11.0, 11.0]","[30, 52, 35, 150]",8,1.5
0,q2,step_only,4,bootstrap_conditional,0.1472014750315634,"[28.821843131379502, 29.6816902154643, 35.3033617940727]","[12.857142857142858, 25.0, 25.0, 25.0]","[30, 39, 168, 30]",9,0.0
0,q2,low_delay,4,bootstrap_conditional,0.19065814130647074,"[28.689339826379502, 29.398260685, 32.9759465231214]","[12.857142857142858, 12.857142857142858, 12.857142857142858, 25.0]","[29, 31, 126, 81]",9,0.0
0,q2,medium_delay,4,bootstrap_conditional,0.22728941480347545,"[31.237345660000003, 31.95259136745955, 32.66291330362475]","[11.0, 11.285714285714286, 12.142857142857142, 12.857142857142858]","[128, 26, 26, 87]",9,0.0
0,q2,high_delay,4,bootstrap_conditional,0.229418526488056,"[29.26591345677795, 29.75646442, 30.47595403]","[11.0, 11.0, 11.0, 11.0]","[47, 25, 35, 160]",9,0.0
0,q3_basic,step_only,4,bootstrap_conditional,0.14676181349243914,"[28.60860758525625, 29.37857702, 30.060693649999997]","[12.857142857142858, 12.857142857142858, 25.0, 25.0]","[26, 27, 28, 186]",9,0.0
0,q3_basic,low_delay,4,bootstrap_conditional,0.1888558398013883,"[31.835775192944702, 32.542167035, 33.5885526]","[12.857142857142858, 24.714285714285715, 12.857142857142858, 25.0]","[149, 28, 26, 64]",9,0.0
0,q3_basic,medium_delay,4,bootstrap_conditional,0.22886481477302595,"[31.835775192944702, 32.542167035, 33.5885526]","[11.0, 12.857142857142858, 12.571428571428571, 12.857142857142858]","[149, 28, 26, 64]",9,0.0
0,q3_basic,high_delay,4,bootstrap_conditional,0.23172832828799547,"[29.26591345677795, 29.75646442, 30.4015372572209]","[11.0, 11.0, 11.0, 11.0]","[47, 25, 29, 166]",9,0.0
0,q2,step_only,4,bootstrap_conditional,0.15130479541170333,"[29.5907377837715, 30.456294565, 35.00033464]","[12.857142857142858, 25.0, 25.0, 25.0]","[67, 39, 128, 33]",9,0.5
0,q2,low_delay,4,bootstrap_conditional,0.18877934827474716,"[28.60860758525625, 29.35954207201715, 33.5885526]","[12.857142857142858, 12.857142857142858, 12.857142857142858, 25.0]","[26, 25, 152, 64]",9,0.5
0,q2,medium_delay,4,bootstrap_conditional,0.21994806354391727,"[29.26591345677795, 33.3642043449261, 34.10245052764635]","[11.0, 11.0, 12.285714285714286, 12.857142857142858]","[47, 152, 25, 43]",9,0.5
0,q2,high_delay,4,bootstrap_conditional,0.22084833690784128,"[29.26591345677795, 29.75646442, 30.75052001013085]","[11.0, 11.0, 11.0, 11.0]","[47, 25, 49, 146]",9,0.5
0,q3_basic,step_only,4,bootstrap_conditional,0.1497405290757926,"[29.37857702, 30.2798105797449, 30.761083097004153]","[12.857142857142858, 25.0, 12.857142857142858, 25.0]","[53, 43, 26, 145]",9,0.5
0,q3_basic,low_delay,4,bootstrap_conditional,0.18813291525425038,"[28.60860758525625, 29.415395388195698, 33.411452741852145]","[12.857142857142858, 12.857142857142858, 12.857142857142858, 25.0]","[26, 35, 140, 66]",9,0.5
0,q3_basic,medium_delay,4,bootstrap_conditional,0.22154470740649154,"[29.26591345677795, 32.1885791644288, 33.411452741852145]","[11.0, 11.0, 11.428571428571429, 12.857142857142858]","[47, 116, 38, 66]",9,0.5
0,q3_basic,high_delay,4,bootstrap_conditional,0.2228930548201474,"[29.32178088201715, 30.3292723037254, 31.247618505]","[11.0, 11.0, 11.0, 11.0]","[50, 47, 32, 138]",9,0.5
0,q2,step_only,4,bootstrap_conditional,0.15976527049965966,"[29.26591345677795, 29.92762346, 31.13775394781495]","[12.857142857142858, 25.0, 25.0, 25.0]","[47, 29, 50, 141]",9,1.0
0,q2,low_delay,4,bootstrap_conditional,0.19814448740657406,"[28.60860758525625, 29.35954207201715, 33.5885526]","[12.857142857142858, 12.857142857142858, 12.857142857142858, 25.0]","[26, 25, 152, 64]",9,1.0
0,q2,medium_delay,4,bootstrap_conditional,0.22712220114113385,"[29.26591345677795, 33.75308582329245, 34.6456217064828]","[11.0, 11.0, 11.428571428571429, 12.857142857142858]","[47, 160, 25, 35]",9,1.0
0,q2,high_delay,4,bootstrap_conditional,0.22761340261348129,"[29.35954207201715, 30.4015372572209, 31.5045234250675]","[11.0, 11.0, 11.0, 11.0]","[51, 50, 39, 127]",9,1.0
0,q3_basic,step_only,4,bootstrap_conditional,0.15879243152790895,"[29.37857702, 30.2798105797449, 30.761083097004153]","[12.857142857142858, 25.0, 12.857142857142858, 25.0]","[53, 43, 26, 145]",9,1.0
0,q3_basic,low_delay,4,bootstrap_conditional,0.19754532958902069,"[28.938497648086297, 30.132707290972853, 33.5885526]","[12.857142857142858, 12.857142857142858, 12.857142857142858, 25.0]","[32, 58, 113, 64]",9,1.0
0,q3_basic,medium_delay,4,bootstrap_conditional,0.22843956543940924,"[29.37857702, 31.835775192944702, 33.5885526]","[11.0, 11.0, 11.0, 12.857142857142858]","[53, 96, 54, 64]",9,1.0
0,q3_basic,high_delay,4,bootstrap_conditional,0.22917305507698935,"[29.26591345677795, 29.975810298022402, 32.1885791644288]","[11.0, 11.0, 11.0, 11.0]","[47, 30, 86, 104]",9,1.0
0,q2,step_only,4,bootstrap_conditional,0.16541936265835988,"[28.60860758525625, 29.35954207201715, 29.92762346]","[12.857142857142858, 12.857142857142858, 25.0, 25.0]","[26, 25, 25, 191]",9,1.5
0,q2,low_delay,4,bootstrap_conditional,0.20253303793982932,"[28.60860758525625, 29.35954207201715, 33.91226361784895]","[12.857142857142858, 12.857142857142858, 12.857142857142858, 25.0]","[26, 25, 163, 53]",9,1.5
0,q2,medium_delay,4,bootstrap_conditional,0.22919360179027118,"[29.26591345677795, 29.75646442, 35.43452652765335]","[11.0, 11.0, 11.0, 12.857142857142858]","[47, 25, 166, 29]",9,1.5
0,q2,high_delay,4,bootstrap_conditional,0.22943433474318228,"[29.26591345677795, 29.75646442, 30.456294565]","[11.0, 11.0, 11.0, 11.0]","[47, 25, 34, 161]",9,1.5
0,q3_basic,step_only,4,bootstrap_conditional,0.16456831092989882,"[29.37857702, 30.2798105797449, 30.761083097004153]","[12.857142857142858, 25.0, 12.857142857142858, 25.0]","[53, 43, 26, 145]",9,1.5
0,q3_basic,low_delay,4,bootstrap_conditional,0.20216809509520356,"[28.821843131379502, 30.11360183, 33.5885526]","[12.857142857142858, 12.857142857142858, 12.857142857142858, 25.0]","[30, 58, 115, 64]",9,1.5
0,q3_basic,medium_delay,4,bootstrap_conditional,0.23047522361235853,"[29.26591345677795, 33.71727917055455, 35.2208681140727]","[11.0, 11.0, 11.428571428571429, 12.857142857142858]","[47, 157, 32, 31]",9,1.5
0,q3_basic,high_delay,4,bootstrap_conditional,0.23080211423515015,"[29.26591345677795, 30.2798105797449, 30.75052001013085]","[11.0, 11.0, 11.0, 11.0]","[47, 49, 25, 146]",9,1.5
0,q2,step_only,4,bootstrap_conditional,0.14956729240988845,"[28.56652825177255, 29.20491842677795, 30.44797393]","[25.0, 25.0, 25.0, 25.0]","[26, 30, 56, 155]",10,0.0
0,q2,low_delay,4,bootstrap_conditional,0.21935211692913756,"[28.56652825177255, 29.20491842677795, 30.44797393]","[12.857142857142858, 25.0, 25.0, 25.0]","[26, 30, 56, 155]",10,0.0
0,q2,medium_delay,4,bootstrap_conditional,0.3025915811003504,"[29.334636189999998, 30.519692062512547, 35.1705589940727]","[12.857142857142858, 12.857142857142858, 12.857142857142858, 12.857142857142858]","[59, 64, 108, 36]",10,0.0
0,q2,high_delay,4,bootstrap_conditional,0.3201056058740445,"[28.71709879, 29.55072956140705, 30.406106735]","[11.0, 11.0, 11.0, 11.0]","[34, 39, 37, 157]",10,0.0
0,q3_basic,step_only,4,bootstrap_conditional,0.14869758238673927,"[28.56652825177255, 29.20491842677795, 30.44797393]","[25.0, 25.0, 25.0, 25.0]","[26, 30, 56, 155]",10,0.0
0,q3_basic,low_delay,4,bootstrap_conditional,0.21835257660146798,"[28.71709879, 29.334636189999998, 30.44797393]","[12.857142857142858, 25.0, 25.0, 25.0]","[34, 25, 53, 155]",10,0.0
0,q3_basic,medium_delay,4,bootstrap_conditional,0.3044371408247001,"[28.62684680525625, 30.1522985168424, 35.1705589940727]","[12.857142857142858, 12.857142857142858, 12.857142857142858, 12.857142857142858]","[29, 72, 130, 36]",10,0.0
0,q3_basic,high_delay,4,bootstrap_conditional,0.3228995399537598,"[28.71709879, 29.55072956140705, 30.406106735]","[11.0, 11.0, 11.0, 11.0]","[34, 39, 37, 157]",10,0.0
0,q2,step_only,4,bootstrap_conditional,0.15382081268491887,"[28.71709879, 30.2646582128532, 34.492691086543104]","[25.0, 25.0, 25.0, 25.0]","[34, 71, 116, 46]",10,0.5
0,q2,low_delay,4,bootstrap_conditional,0.22329800178120598,"[28.56652825177255, 29.20491842677795, 30.47595403]","[12.857142857142858, 25.0, 25.0, 25.0]","[26, 30, 59, 152]",10,0.5
0,q2,medium_delay,4,bootstrap_conditional,0.2955691219507053,"[28.907467955, 30.519692062512547, 35.5985534521325]","[12.857142857142858, 12.857142857142858, 12.857142857142858, 12.857142857142858]","[37, 86, 112, 32]",10,0.5
0,q2,high_delay,4,bootstrap_conditional,0.3091042930814734,"[28.71709879, 29.55072956140705, 30.406106735]","[11.0, 11.0, 11.0, 11.0]","[34, 39, 37, 157]",10,0.5
0,q3_basic,step_only,4,bootstrap_conditional,0.15313559214904549,"[28.56652825177255, 29.37857702, 32.54021816248835]","[25.0, 25.0, 25.0, 25.0]","[26, 37, 115, 89]",10,0.5
0,q3_basic,low_delay,4,bootstrap_conditional,0.2223557065416675,"[28.71709879, 29.334636189999998, 30.519692062512547]","[12.857142857142858, 25.0, 25.0, 25.0]","[34, 25, 64, 144]",10,0.5
0,q3_basic,medium_delay,4,bootstrap_conditional,0.2972574875583617,"[28.56652825177255, 29.10103014, 29.7458871954643]","[12.857142857142858, 12.857142857142858, 12.857142857142858, 12.857142857142858]","[26, 25, 25, 191]",10,0.5
0,q3_basic,high_delay,4,bootstrap_conditional,0.3115745022141996,"[28.71709879, 29.55072956140705, 30.406106735]","[11.0, 11.0, 11.0, 11.0]","[34, 39, 37, 157]",10,0.5
0,q2,step_only,4,bootstrap_conditional,0.1541882733004657,"[28.62684680525625, 29.8182661822407, 34.61093289232065]","[25.0, 25.0, 25.0, 25.0]","[29, 59, 134, 45]",10,1.0
0,q2,low_delay,4,bootstrap_conditional,0.22418827330046545,"[28.71709879, 29.55072956140705, 30.6453224487093]","[25.0, 25.0, 25.0, 25.0]","[34, 39, 55, 139]",10,1.0
0,q2,medium_delay,4,bootstrap_conditional,0.2982235502830692,"[28.813373329999997, 30.1522985168424, 35.1705589940727]","[12.857142857142858, 12.857142857142858, 12.857142857142858, 12.857142857142858]","[35, 66, 130, 36]",10,1.0
0,q2,high_delay,4,bootstrap_conditional,0.3122182352499422,"[28.71709879, 29.55072956140705, 30.406106735]","[11.0, 11.0, 11.0, 11.0]","[34, 39, 37, 157]",10,1.0
0,q3_basic,step_only,4,bootstrap_conditional,0.1535858464331702,"[28.56652825177255, 29.26591345677795, 32.3282979883502]","[25.0, 25.0, 25.0, 25.0]","[26, 31, 111, 99]",10,1.0
0,q3_basic,low_delay,4,bootstrap_conditional,0.22347204074704488,"[28.56652825177255, 29.20491842677795, 30.47595403]","[12.857142857142858, 25.0, 25.0, 25.0]","[26, 30, 59, 152]",10,1.0
0,q3_basic,medium_delay,4,bootstrap_conditional,0.29952160080870666,"[28.56652825177255, 30.0196636680224, 30.483268680000002]","[12.857142857142858, 12.857142857142858, 12.857142857142858, 12.857142857142858]","[26, 66, 30, 145]",10,1.0
0,q3_basic,high_delay,4,bootstrap_conditional,0.31417264572205345,"[28.71709879, 29.55072956140705, 30.406106735]","[11.0, 11.0, 11.0, 11.0]","[34, 39, 37, 157]",10,1.0
0,q2,step_only,4,bootstrap_conditional,0.1625643408062708,"[28.62684680525625, 29.9478781980224, 34.392796086077254]","[25.0, 25.0, 25.0, 25.0]","[29, 62, 129, 47]",10,1.5
0,q2,low_delay,4,bootstrap_conditional,0.23222768165208646,"[28.56652825177255, 29.20491842677795, 30.44797393]","[12.857142857142858, 25.0, 25.0, 25.0]","[26, 30, 56, 155]",10,1.5
0,q2,medium_delay,4,bootstrap_conditional,0.3016023240530293,"[28.60860758525625, 30.2989175471691, 35.5985534521325]","[12.857142857142858, 12.857142857142858, 12.857142857142858, 12.857142857142858]","[28, 78, 129, 32]",10,1.5
0,q2,high_delay,4,bootstrap_conditional,0.31257168616082,"[28.71709879, 30.0681944749674, 30.519692062512547]","[11.0, 11.0, 11.0, 11.0]","[34, 61, 28, 144]",10,1.5
0,q3_basic,step_only,4,bootstrap_conditional,0.1620341773914653,"[28.56652825177255, 29.20491842677795, 30.44797393]","[25.0, 25.0, 25.0, 25.0]","[26, 30, 56, 155]",10,1.5
0,q3_basic,low_delay,4,bootstrap_conditional,0.23153085109058474,"[28.56652825177255, 29.26591345677795, 30.44797393]","[12.857142857142858, 25.0, 25.0, 25.0]","[26, 31, 55, 155]",10,1.5
0,q3_basic,medium_delay,4,bootstrap_conditional,0.3029011407095416,"[28.813373329999997, 31.996085665000003, 35.3033617940727]","[12.857142857142858, 12.857142857142858, 12.857142857142858, 12.857142857142858]","[35, 120, 77, 35]",10,1.5
0,q3_basic,high_delay,4,bootstrap_conditional,0.3144457783586034,"[28.71709879, 29.55072956140705, 30.406106735]","[11.0, 11.0, 11.0, 11.0]","[34, 39, 37, 157]",10,1.5
0,q2,step_only,4,bootstrap_conditional,0.14502821638168337,"[28.995840137890752, 30.0681944749674, 30.456294565]","[12.857142857142858, 12.857142857142858, 25.0, 25.0]","[30, 46, 26, 165]",11,0.0
0,q2,low_delay,4,bootstrap_conditional,0.17847045808876183,"[28.995840137890752, 29.629245695, 33.96154718]","[12.857142857142858, 12.857142857142858, 12.857142857142858, 25.0]","[30, 26, 164, 47]",11,0.0
0,q2,medium_delay,4,bootstrap_conditional,0.20591130931789958,"[29.130029079670052, 33.09740295539545, 34.187725467824]","[11.0, 11.0, 11.285714285714286, 12.857142857142858]","[35, 164, 25, 43]",11,0.0
0,q2,high_delay,4,bootstrap_conditional,0.20660378171945867,"[29.130029079670052, 29.80803022604035, 30.80642350513085]","[11.0, 11.0, 11.0, 11.0]","[35, 29, 57, 146]",11,0.0
0,q3_basic,step_only,4,bootstrap_conditional,0.1444655523494267,"[28.995840137890752, 30.0681944749674, 30.456294565]","[12.857142857142858, 12.857142857142858, 25.0, 25.0]","[30, 46, 26, 165]",11,0.0
0,q3_basic,low_delay,4,bootstrap_conditional,0.17854053919378032,"[28.995840137890752, 29.629245695, 33.71727917055455]","[12.857142857142858, 12.857142857142858, 12.857142857142858, 25.0]","[30, 26, 156, 55]",11,0.0
0,q3_basic,medium_delay,4,bootstrap_conditional,0.20652417298537834,"[29.130029079670052, 33.42928876926115, 34.96543919]","[11.0, 11.0, 12.285714285714286, 12.857142857142858]","[35, 174, 25, 33]",11,0.0
0,q3_basic,high_delay,4,bootstrap_conditional,0.20731504484004093,"[29.5907377837715, 30.534848816629747, 31.636180521978552]","[11.0, 11.0, 11.0, 11.0]","[53, 56, 35, 123]",11,0.0
0,q2,step_only,4,bootstrap_conditional,0.1501796976161139,"[28.995840137890752, 29.77856110879965, 30.456294565]","[12.857142857142858, 12.857142857142858, 25.0, 25.0]","[30, 33, 39, 165]",11,0.5
0,q2,low_delay,4,bootstrap_conditional,0.18498819275912654,"[29.20491842677795, 30.435518495, 33.96154718]","[12.857142857142858, 12.857142857142858, 12.857142857142858, 25.0]","[41, 58, 121, 47]",11,0.5
0,q2,medium_delay,4,bootstrap_conditional,0.21181111107203515,"[29.46600999140705, 31.636180521978552, 34.411814519222446]","[11.0, 11.0, 11.0, 12.857142857142858]","[50, 94, 83, 40]",11,0.5
0,q2,high_delay,4,bootstrap_conditional,0.21230830834508876,"[29.46600999140705, 31.636180521978552, 33.035066021815396]","[11.0, 11.0, 11.0, 11.0]","[50, 94, 54, 69]",11,0.5
0,q3_basic,step_only,4,bootstrap_conditional,0.14984644395298716,"[28.995840137890752, 30.0681944749674, 32.642336522060546]","[12.857142857142858, 12.857142857142858, 25.0, 25.0]","[30, 46, 112, 79]",11,0.5
0,q3_basic,low_delay,4,bootstrap_conditional,0.18516328682558106,"[28.995840137890752, 29.629245695, 33.71727917055455]","[12.857142857142858, 12.857142857142858, 12.857142857142858, 25.0]","[30, 26, 156, 55]",11,0.5
0,q3_basic,medium_delay,4,bootstrap_conditional,0.21248756248378173,"[29.15560064, 33.42928876926115, 34.96543919]","[11.0, 11.0, 11.571428571428571, 12.857142857142858]","[40, 169, 25, 33]",11,0.5
0,q3_basic,high_delay,4,bootstrap_conditional,0.21307393794323545,"[29.415395388195698, 30.406106735, 31.5975026520864]","[11.0, 11.0, 11.0, 11.0]","[46, 51, 46, 124]",11,0.5
0,q2,step_only,4,bootstrap_conditional,0.15148716037369267,"[28.995840137890752, 29.629245695, 30.2187791664552]","[12.857142857142858, 12.857142857142858, 12.857142857142858, 25.0]","[30, 26, 31, 180]",11,1.0
0,q2,low_delay,4,bootstrap_conditional,0.1803629901939334,"[28.995840137890752, 29.629245695, 34.618823985000006]","[12.857142857142858, 12.857142857142858, 12.857142857142858, 25.0]","[30, 26, 176, 35]",11,1.0
0,q2,medium_delay,4,bootstrap_conditional,0.20131716323741605,"[29.130029079670052, 29.80803022604035, 35.2208681140727]","[11.0, 11.0, 11.0, 12.428571428571429]","[35, 29, 178, 25]",11,1.0
0,q2,high_delay,4,bootstrap_conditional,0.20135881502479702,"[29.15560064, 30.3804461322209, 31.426179554571]","[11.0, 11.0, 11.0, 11.0]","[40, 53, 45, 129]",11,1.0
0,q3_basic,step_only,4,bootstrap_conditional,0.15115887197667438,"[28.995840137890752, 30.102058579967398, 30.456294565]","[12.857142857142858, 12.857142857142858, 25.0, 25.0]","[30, 47, 25, 165]",11,1.0
0,q3_basic,low_delay,4,bootstrap_conditional,0.18035354078781798,"[29.088514899670052, 30.3292723037254, 35.02941549]","[12.857142857142858, 12.857142857142858, 12.857142857142858, 24.857142857142858]","[33, 58, 146, 30]",11,1.0
0,q3_basic,medium_delay,4,bootstrap_conditional,0.20182474166313086,"[29.130029079670052, 29.92762346, 35.2208681140727]","[11.0, 11.0, 11.0, 12.857142857142858]","[35, 35, 172, 25]",11,1.0
0,q3_basic,high_delay,4,bootstrap_conditional,0.201934402368283,"[29.15560064, 30.435518495, 31.426179554571]","[11.0, 11.0, 11.0, 11.0]","[40, 59, 39, 129]",11,1.0
0,q2,step_only,4,bootstrap_conditional,0.15408338279090095,"[28.995840137890752, 29.629245695, 30.3292723037254]","[12.857142857142858, 12.857142857142858, 12.857142857142858, 25.0]","[30, 26, 35, 176]",11,1.5
0,q2,low_delay,4,bootstrap_conditional,0.1826210027523358,"[28.995840137890752, 29.629245695, 34.618823985000006]","[12.857142857142858, 12.857142857142858, 12.857142857142858, 25.0]","[30, 26, 176, 35]",11,1.5
0,q2,medium_delay,4,bootstrap_conditional,0.20312776321815942,"[29.130029079670052, 29.80803022604035, 35.2208681140727]","[11.0, 11.0, 11.0, 11.857142857142858]","[35, 29, 178, 25]",11,1.5
0,q2,high_delay,4,bootstrap_conditional,0.2031415824422393,"[29.43062944343895, 30.456294565, 32.825957630000005]","[11.0, 11.0, 11.0, 11.0]","[47, 55, 89, 76]",11,1.5
0,q3_basic,step_only,4,bootstrap_conditional,0.15387792297065372,"[28.995840137890752, 30.102058579967398, 30.456294565]","[12.857142857142858, 12.857142857142858, 25.0, 25.0]","[30, 47, 25, 165]",11,1.5
0,q3_basic,low_delay,4,bootstrap_conditional,0.1826476878835079,"[29.042538895, 30.2798105797449, 35.02941549]","[12.857142857142858, 12.857142857142858, 12.857142857142858, 24.857142857142858]","[32, 58, 147, 30]",11,1.5
0,q3_basic,medium_delay,4,bootstrap_conditional,0.20356130219773005,"[29.130029079670052, 30.0681944749674, 35.2208681140727]","[11.0, 11.0, 11.0, 12.571428571428571]","[35, 41, 166, 25]",11,1.5
0,q3_basic,high_delay,4,bootstrap_conditional,0.20361366462057337,"[29.20491842677795, 30.406106735, 31.27458389444175]","[11.0, 11.0, 11.0, 11.0]","[41, 56, 37, 133]",11,1.5
0,q2,step_only,4,bootstrap_conditional,0.13174966443475739,"[28.7651952263795, 29.4326964231957, 31.38543347977265]","[12.857142857142858, 12.857142857142858, 12.857142857142858, 25.0]","[26, 30, 80, 131]",12,0.0
0,q2,low_delay,4,bootstrap_conditional,0.1601061672324195,"[28.7651952263795, 29.23310384, 34.618823985000006]","[12.857142857142858, 12.857142857142858, 12.857142857142858, 25.0]","[26, 27, 169, 45]",12,0.0
0,q2,medium_delay,4,bootstrap_conditional,0.18714311903388725,"[28.9759443680863, 29.46600999140705, 34.42799763]","[11.0, 11.0, 11.0, 12.857142857142858]","[32, 25, 164, 46]",12,0.0
0,q2,high_delay,4,bootstrap_conditional,0.1880715939156959,"[29.05951596, 30.0681944749674, 31.38543347977265]","[11.0, 11.0, 11.0, 11.0]","[39, 38, 59, 131]",12,0.0
0,q3_basic,step_only,4,bootstrap_conditional,0.13165940914632454,"[29.130029079670052, 31.22537913, 33.35454504804695]","[12.857142857142858, 12.857142857142858, 25.0, 25.0]","[42, 87, 66, 72]",12,0.0
0,q3_basic,low_delay,4,bootstrap_conditional,0.16010668565061328,"[28.813373329999997, 30.5711615791423, 34.22124242450115]","[12.857142857142858, 12.857142857142858, 12.857142857142858, 25.0]","[27, 83, 108, 49]",12,0.0
0,q3_basic,medium_delay,4,bootstrap_conditional,0.1871939473677992,"[28.9759443680863, 30.483268680000002, 34.22124242450115]","[11.0, 11.0, 11.0, 12.857142857142858]","[32, 70, 116, 49]",12,0.0
0,q3_basic,high_delay,4,bootstrap_conditional,0.1881346881281069,"[28.9759443680863, 29.46600999140705, 30.3804461322209]","[11.0, 11.0, 11.0, 11.0]","[32, 25, 34, 176]",12,0.0
0,q2,step_only,4,bootstrap_conditional,0.1329489790516048,"[28.7651952263795, 29.401891363195702, 31.743230699999998]","[12.857142857142858, 12.857142857142858, 12.857142857142858, 25.0]","[26, 29, 93, 119]",12,0.5
0,q2,low_delay,4,bootstrap_conditional,0.1584403496983686,"[29.0780592777865, 30.84344416, 35.362169727132496]","[12.857142857142858, 12.857142857142858, 12.857142857142858, 25.0]","[40, 80, 113, 34]",12,0.5
0,q2,medium_delay,4,bootstrap_conditional,0.1807132254745829,"[29.0455820628869, 30.72266034328655, 35.81474854]","[11.0, 11.0, 11.0, 12.857142857142858]","[38, 77, 123, 29]",12,0.5
0,q2,high_delay,4,bootstrap_conditional,0.18110544124463268,"[29.0455820628869, 30.72266034328655, 34.618823985000006]","[11.0, 11.0, 11.0, 11.0]","[38, 77, 107, 45]",12,0.5
0,q3_basic,step_only,4,bootstrap_conditional,0.13284135311221287,"[28.813373329999997, 30.0681944749674, 31.7686576929447]","[12.857142857142858, 12.857142857142858, 12.857142857142858, 25.0]","[27, 50, 72, 118]",12,0.5
0,q3_basic,low_delay,4,bootstrap_conditional,0.15850728179786913,"[29.34081583, 31.237345660000003, 35.10594088]","[12.857142857142858, 12.857142857142858, 12.857142857142858, 25.0]","[54, 76, 101, 36]",12,0.5
0,q3_basic,medium_delay,4,bootstrap_conditional,0.18075833684529352,"[29.02420649077765, 30.519692062512547, 35.81474854]","[11.0, 11.0, 11.0, 12.857142857142858]","[37, 70, 131, 29]",12,0.5
0,q3_basic,high_delay,4,bootstrap_conditional,0.18115319445803044,"[28.9759443680863, 29.46600999140705, 30.3804461322209]","[11.0, 11.0, 11.0, 11.0]","[32, 25, 34, 176]",12,0.5
0,q2,step_only,4,bootstrap_conditional,0.13644433709751433,"[28.7651952263795, 29.23310384, 31.6993715345789]","[12.857142857142858, 12.857142857142858, 12.857142857142858, 25.0]","[26, 27, 92, 122]",12,1.0
0,q2,low_delay,4,bootstrap_conditional,0.16229040045331167,"[29.34081583, 31.087787360548248, 35.362169727132496]","[12.857142857142858, 12.857142857142858, 12.857142857142858, 25.0]","[54, 71, 108, 34]",12,1.0
0,q2,medium_delay,4,bootstrap_conditional,0.18430423166243756,"[28.9759443680863, 29.46600999140705, 36.116941345]","[11.0, 11.0, 11.0, 12.857142857142858]","[32, 25, 182, 28]",12,1.0
0,q2,high_delay,4,bootstrap_conditional,0.18461278455369648,"[28.9759443680863, 30.117794359999998, 31.62856574]","[11.0, 11.0, 11.0, 11.0]","[32, 47, 64, 124]",12,1.0
0,q3_basic,step_only,4,bootstrap_conditional,0.13632988802274829,"[28.7651952263795, 30.622393963731597, 31.952446668137]","[12.857142857142858, 12.857142857142858, 12.857142857142858, 25.0]","[26, 86, 40, 115]",12,1.0
0,q3_basic,low_delay,4,bootstrap_conditional,0.16224887006710303,"[28.7651952263795, 30.79587317513085, 35.10594088]","[12.857142857142858, 12.857142857142858, 12.857142857142858, 25.0]","[26, 93, 112, 36]",12,1.0
0,q3_basic,medium_delay,4,bootstrap_conditional,0.18434870979150608,"[29.10705821745655, 30.5711615791423, 35.81474854]","[11.0, 11.0, 11.0, 12.857142857142858]","[41, 69, 128, 29]",12,1.0
0,q3_basic,high_delay,4,bootstrap_conditional,0.18467543316126422,"[28.9759443680863, 29.46600999140705, 30.406106735]","[11.0, 11.0, 11.0, 11.0]","[32, 25, 36, 174]",12,1.0
0,q2,step_only,4,bootstrap_conditional,0.14360272722797157,"[28.7651952263795, 29.401891363195702, 31.087787360548248]","[12.857142857142858, 12.857142857142858, 12.857142857142858, 25.0]","[26, 29, 70, 142]",12,1.5
0,q2,low_delay,4,bootstrap_conditional,0.17225111890003325,"[28.870021235, 30.519692062512547, 34.618823985000006]","[12.857142857142858, 12.857142857142858, 12.857142857142858, 25.0]","[29, 78, 115, 45]",12,1.5
0,q2,medium_delay,4,bootstrap_conditional,0.19686944139268894,"[29.05951596, 30.483268680000002, 35.362169727132496]","[11.0, 11.0, 11.0, 12.857142857142858]","[39, 63, 131, 34]",12,1.5
0,q2,high_delay,4,bootstrap_conditional,0.19728798757410917,"[28.9759443680863, 29.77856110879965, 31.30462428941985]","[11.0, 11.0, 11.0, 11.0]","[32, 36, 65, 134]",12,1.5
0,q3_basic,step_only,4,bootstrap_conditional,0.14327354572326909,"[28.7651952263795, 29.525661425178548, 31.22537913]","[12.857142857142858, 12.857142857142858, 12.857142857142858, 25.0]","[26, 32, 71, 138]",12,1.5
0,q3_basic,low_delay,4,bootstrap_conditional,0.17226612169874522,"[28.7651952263795, 29.629245695, 34.3202115368548]","[12.857142857142858, 12.857142857142858, 12.857142857142858, 25.0]","[26, 35, 159, 47]",12,1.5
0,q3_basic,medium_delay,4,bootstrap_conditional,0.1969868235108285,"[28.9759443680863, 29.525661425178548, 35.81474854]","[11.0, 11.0, 11.0, 12.857142857142858]","[32, 26, 180, 29]",12,1.5
0,q3_basic,high_delay,4,bootstrap_conditional,0.19739468215749,"[28.9759443680863, 29.46600999140705, 30.47595403]","[11.0, 11.0, 11.0, 11.0]","[32, 25, 43, 167]",12,1.5
0,q2,step_only,4,bootstrap_conditional,0.12847486217017648,"[29.26591345677795, 30.5711615791423, 31.709000680000003]","[25.0, 25.0, 25.0, 25.0]","[44, 68, 38, 117]",13,0.0
0,q2,low_delay,4,bootstrap_conditional,0.18654435856007373,"[28.995840137890752, 30.117794359999998, 31.31656740805975]","[12.857142857142858, 12.857142857142858, 12.857142857142858, 25.0]","[27, 52, 58, 130]",13,0.0
0,q2,medium_delay,4,bootstrap_conditional,0.23702289114830313,"[28.995840137890752, 29.525661425178548, 30.46963577]","[12.571428571428571, 12.857142857142858, 12.857142857142858, 12.857142857142858]","[27, 29, 49, 162]",13,0.0
0,q2,high_delay,4,bootstrap_conditional,0.24956345706784122,"[29.130029079670052, 29.89542649103325, 31.743230699999998]","[11.0, 11.0, 11.0, 11.0]","[37, 34, 80, 116]",13,0.0
0,q3_basic,step_only,4,bootstrap_conditional,0.12838537593480398,"[29.152824510000002, 30.761083097004153, 33.1117307459062]","[25.0, 25.0, 25.0, 25.0]","[41, 83, 71, 72]",13,0.0
0,q3_basic,low_delay,4,bootstrap_conditional,0.18621209335196492,"[28.995840137890752, 29.398260685, 31.4807653089329]","[12.857142857142858, 12.857142857142858, 12.857142857142858, 25.0]","[27, 25, 88, 127]",13,0.0
0,q3_basic,medium_delay,4,bootstrap_conditional,0.2372226256779694,"[28.995840137890752, 29.398260685, 30.079737725]","[12.571428571428571, 12.857142857142858, 12.857142857142858, 12.857142857142858]","[27, 25, 26, 189]",13,0.0
0,q3_basic,high_delay,4,bootstrap_conditional,0.2499109694166487,"[29.130029079670052, 29.80803022604035, 30.406106735]","[11.0, 11.0, 11.0, 11.0]","[37, 32, 28, 170]",13,0.0
0,q2,step_only,4,bootstrap_conditional,0.13453726781042782,"[29.152824510000002, 29.92762346, 33.51725612668065]","[25.0, 25.0, 25.0, 25.0]","[41, 32, 139, 55]",13,0.5
0,q2,low_delay,4,bootstrap_conditional,0.1919363640112342,"[28.995840137890752, 29.398260685, 31.65839805197855]","[12.857142857142858, 12.857142857142858, 12.857142857142858, 25.0]","[27, 25, 96, 119]",13,0.5
0,q2,medium_delay,4,bootstrap_conditional,0.2362225882864638,"[28.995840137890752, 29.398260685, 30.079737725]","[11.857142857142858, 12.571428571428571, 12.857142857142858, 12.857142857142858]","[27, 25, 26, 189]",13,0.5
0,q2,high_delay,4,bootstrap_conditional,0.24443894713916994,"[29.130029079670052, 29.89542649103325, 33.4243392690151]","[11.0, 11.0, 11.0, 11.0]","[37, 34, 138, 58]",13,0.5
0,q3_basic,step_only,4,bootstrap_conditional,0.13449906527375677,"[29.152824510000002, 29.92762346, 30.70173971]","[25.0, 25.0, 25.0, 25.0]","[41, 32, 48, 146]",13,0.5
0,q3_basic,low_delay,4,bootstrap_conditional,0.19163588005549365,"[28.995840137890752, 29.525661425178548, 31.743230699999998]","[12.857142857142858, 12.857142857142858, 12.857142857142858, 25.0]","[27, 29, 95, 116]",13,0.5
0,q3_basic,medium_delay,4,bootstrap_conditional,0.23630491685695842,"[28.995840137890752, 29.398260685, 30.119388739999998]","[11.857142857142858, 12.428571428571429, 12.857142857142858, 12.857142857142858]","[27, 25, 30, 185]",13,0.5
0,q3_basic,high_delay,4,bootstrap_conditional,0.2445900830544767,"[29.152824510000002, 30.119401915, 30.483268680000002]","[11.0, 11.0, 11.0, 11.0]","[41, 42, 25, 159]",13,0.5
0,q2,step_only,4,bootstrap_conditional,0.13612779890957255,"[29.152824510000002, 30.4768398, 31.835775192944702]","[25.0, 25.0, 25.0, 25.0]","[41, 65, 48, 113]",13,1.0
0,q2,low_delay,4,bootstrap_conditional,0.1962779071165876,"[28.995840137890752, 29.398260685, 31.0253201733632]","[12.857142857142858, 12.857142857142858, 12.857142857142858, 25.0]","[27, 25, 78, 137]",13,1.0
0,q2,medium_delay,4,bootstrap_conditional,0.24680364871485258,"[28.995840137890752, 29.80803022604035, 31.7686576929447]","[12.142857142857142, 12.857142857142858, 12.857142857142858, 12.857142857142858]","[27, 42, 84, 114]",13,1.0
0,q2,high_delay,4,bootstrap_conditional,0.25699492139414215,"[29.130029079670052, 29.80803022604035, 30.406106735]","[11.0, 11.0, 11.0, 11.0]","[37, 32, 28, 170]",13,1.0
0,q3_basic,step_only,4,bootstrap_conditional,0.13610577910131932,"[29.152824510000002, 29.92762346, 30.70173971]","[25.0, 25.0, 25.0, 25.0]","[41, 32, 48, 146]",13,1.0
0,q3_basic,low_delay,4,bootstrap_conditional,0.1959930715414252,"[28.995840137890752, 29.398260685, 31.4807653089329]","[12.857142857142858, 12.857142857142858, 12.857142857142858, 25.0]","[27, 25, 88, 127]",13,1.0
0,q3_basic,medium_delay,4,bootstrap_conditional,0.2469052188066941,"[29.0780592777865, 29.5907377837715, 30.119401915]","[12.285714285714286, 12.857142857142858, 12.857142857142858, 12.857142857142858]","[33, 25, 25, 184]",13,1.0
0,q3_basic,high_delay,4,bootstrap_conditional,0.2571671579928385,"[29.130029079670052, 29.85108298827395, 31.743230699999998]","[11.0, 11.0, 11.0, 11.0]","[37, 33, 81, 116]",13,1.0
0,q2,step_only,4,bootstrap_conditional,0.1440403978116069,"[29.398260685, 30.6453224487093, 34.96257461]","[25.0, 25.0, 25.0, 25.0]","[52, 64, 118, 33]",13,1.5
0,q2,low_delay,4,bootstrap_conditional,0.20544245477591214,"[28.995840137890752, 29.398260685, 30.90865332054825]","[12.857142857142858, 12.857142857142858, 12.857142857142858, 25.0]","[27, 25, 76, 139]",13,1.5
0,q2,medium_delay,4,bootstrap_conditional,0.2566244379281168,"[28.995840137890752, 29.398260685, 30.119401915]","[11.714285714285714, 12.714285714285714, 12.857142857142858, 12.857142857142858]","[27, 25, 31, 184]",13,1.5
0,q2,high_delay,4,bootstrap_conditional,0.26488626117724035,"[29.46600999140705, 30.85851518, 32.5830326425095]","[11.0, 11.0, 11.0, 11.0]","[55, 72, 52, 88]",13,1.5
0,q3_basic,step_only,4,bootstrap_conditional,0.14402003955740889,"[29.152824510000002, 29.92762346, 30.70173971]","[25.0, 25.0, 25.0, 25.0]","[41, 32, 48, 146]",13,1.5
0,q3_basic,low_delay,4,bootstrap_conditional,0.20535190349078597,"[28.995840137890752, 29.398260685, 30.70173971]","[12.857142857142858, 12.857142857142858, 12.857142857142858, 25.0]","[27, 25, 69, 146]",13,1.5
0,q3_basic,medium_delay,4,bootstrap_conditional,0.2567115563697926,"[28.995840137890752, 29.398260685, 31.10374034281495]","[11.857142857142858, 12.571428571428571, 12.857142857142858, 12.857142857142858]","[27, 25, 80, 135]",13,1.5
0,q3_basic,high_delay,4,bootstrap_conditional,0.2650209217616254,"[29.130029079670052, 29.80803022604035, 30.406106735]","[11.0, 11.0, 11.0, 11.0]","[37, 32, 28, 170]",13,1.5
0,q2,step_only,4,bootstrap_conditional,0.15005046421226031,"[28.92216465289075, 29.716817785, 32.0931884444288]","[12.857142857142858, 25.0, 25.0, 25.0]","[26, 35, 116, 90]",14,0.0
0,q2,low_delay,4,bootstrap_conditional,0.18012950464508884,"[28.75572777, 29.45233963460275, 34.7490199464828]","[12.857142857142858, 12.857142857142858, 12.857142857142858, 24.857142857142858]","[25, 27, 190, 25]",14,0.0
0,q2,medium_delay,4,bootstrap_conditional,0.1996623788956875,"[29.02420649077765, 29.66606058, 30.63776876310955]","[11.0, 11.0, 11.0, 11.0]","[29, 29, 63, 146]",14,0.0
0,q2,high_delay,4,bootstrap_conditional,0.1996623788956875,"[29.02420649077765, 29.66606058, 30.63776876310955]","[11.0, 11.0, 11.0, 11.0]","[29, 29, 63, 146]",14,0.0
0,q3_basic,step_only,4,bootstrap_conditional,0.1493278521999203,"[29.37857702, 30.68221255328655, 31.4807653089329]","[12.857142857142858, 25.0, 12.857142857142858, 25.0]","[44, 81, 26, 116]",14,0.0
0,q3_basic,low_delay,4,bootstrap_conditional,0.18062913048067333,"[28.75572777, 29.45233963460275, 34.7490199464828]","[12.857142857142858, 12.857142857142858, 12.857142857142858, 24.857142857142858]","[25, 27, 190, 25]",14,0.0
0,q3_basic,medium_delay,4,bootstrap_conditional,0.2005791152023769,"[29.113345477786503, 30.0196636680224, 32.35873326694265]","[11.0, 11.0, 11.0, 11.0]","[32, 48, 102, 85]",14,0.0
0,q3_basic,high_delay,4,bootstrap_conditional,0.2005791152023769,"[29.113345477786503, 30.0196636680224, 32.35873326694265]","[11.0, 11.0, 11.0, 11.0]","[32, 48, 102, 85]",14,0.0
0,q2,step_only,4,bootstrap_conditional,0.14444318617632013,"[29.172108809999997, 29.756464415, 32.5165379383577]","[25.0, 25.0, 25.0, 25.0]","[35, 32, 118, 82]",14,0.5
0,q2,low_delay,4,bootstrap_conditional,0.17927402223856373,"[28.75572777, 29.45233963460275, 34.7490199464828]","[12.857142857142858, 12.857142857142858, 12.857142857142858, 24.857142857142858]","[25, 27, 190, 25]",14,0.5
0,q2,medium_delay,4,bootstrap_conditional,0.20103252510451056,"[29.02420649077765, 29.716817785, 34.7490199464828]","[11.0, 11.0, 11.0, 11.857142857142858]","[29, 32, 181, 25]",14,0.5
0,q2,high_delay,4,bootstrap_conditional,0.20105746917819356,"[29.02420649077765, 29.975810298022402, 32.0931884444288]","[11.0, 11.0, 11.0, 11.0]","[29, 49, 99, 90]",14,0.5
0,q3_basic,step_only,4,bootstrap_conditional,0.14406981975213418,"[29.172108809999997, 29.756464415, 30.68221255328655]","[25.0, 25.0, 25.0, 25.0]","[35, 32, 58, 142]",14,0.5
0,q3_basic,low_delay,4,bootstrap_conditional,0.1795477863489979,"[28.75572777, 33.35454504804695, 34.2304863568548]","[12.857142857142858, 12.857142857142858, 24.428571428571427, 12.857142857142858]","[25, 180, 25, 37]",14,0.5
0,q3_basic,medium_delay,4,bootstrap_conditional,0.20169336518081984,"[29.02420649077765, 33.35454504804695, 34.2304863568548]","[11.0, 11.0, 12.285714285714286, 11.142857142857142]","[29, 176, 25, 37]",14,0.5
0,q3_basic,high_delay,4,bootstrap_conditional,0.20174263087365196,"[29.02420649077765, 29.66606058, 30.519692062512547]","[11.0, 11.0, 11.0, 11.0]","[29, 29, 56, 153]",14,0.5
0,q2,step_only,4,bootstrap_conditional,0.14538762594982457,"[29.172108809999997, 29.756464415, 30.68221255328655]","[25.0, 25.0, 25.0, 25.0]","[35, 32, 58, 142]",14,1.0
0,q2,low_delay,4,bootstrap_conditional,0.1840796072480168,"[28.75572777, 29.55072956140705, 34.7490199464828]","[12.857142857142858, 12.857142857142858, 12.857142857142858, 24.857142857142858]","[25, 29, 188, 25]",14,1.0
0,q2,medium_delay,4,bootstrap_conditional,0.20791000822357497,"[29.02420649077765, 29.92335859103325, 34.7490199464828]","[11.0, 11.0, 11.0, 12.857142857142858]","[29, 47, 166, 25]",14,1.0
0,q2,high_delay,4,bootstrap_conditional,0.2080737313712861,"[29.02420649077765, 29.66606058, 30.46963577]","[11.0, 11.0, 11.0, 11.0]","[29, 29, 49, 160]",14,1.0
0,q3_basic,step_only,4,bootstrap_conditional,0.1448810672279835,"[29.172108809999997, 29.756464415, 30.68221255328655]","[25.0, 25.0, 25.0, 25.0]","[35, 32, 58, 142]",14,1.0
0,q3_basic,low_delay,4,bootstrap_conditional,0.18455277227630795,"[29.0518100428869, 33.75437025555455, 34.7490199464828]","[12.857142857142858, 12.857142857142858, 12.857142857142858, 24.857142857142858]","[30, 183, 29, 25]",14,1.0
0,q3_basic,medium_delay,4,bootstrap_conditional,0.2088066603957437,"[29.02420649077765, 33.411452741852145, 34.7490199464828]","[11.0, 11.0, 12.0, 12.857142857142858]","[29, 181, 32, 25]",14,1.0
0,q3_basic,high_delay,4,bootstrap_conditional,0.2090056920086428,"[29.0780592777865, 29.858344816033252, 32.031642343137]","[11.0, 11.0, 11.0, 11.0]","[31, 44, 96, 96]",14,1.0
0,q2,step_only,4,bootstrap_conditional,0.1557694289113815,"[28.75572777, 29.45233963460275, 30.44797393]","[12.857142857142858, 25.0, 25.0, 25.0]","[25, 27, 50, 165]",14,1.5
0,q2,low_delay,4,bootstrap_conditional,0.18003592388678683,"[28.75572777, 29.45233963460275, 29.975810298022402]","[12.857142857142858, 12.857142857142858, 12.857142857142858, 12.857142857142858]","[25, 27, 26, 189]",14,1.5
0,q2,medium_delay,4,bootstrap_conditional,0.1970341167041389,"[29.02420649077765, 29.66606058, 30.44797393]","[11.0, 11.0, 11.0, 11.0]","[29, 29, 44, 165]",14,1.5
0,q2,high_delay,4,bootstrap_conditional,0.1970341167041389,"[29.02420649077765, 29.66606058, 30.44797393]","[11.0, 11.0, 11.0, 11.0]","[29, 29, 44, 165]",14,1.5
0,q3_basic,step_only,4,bootstrap_conditional,0.15547436153399338,"[29.37857702, 30.68221255328655, 31.4807653089329]","[12.857142857142858, 25.0, 12.857142857142858, 25.0]","[44, 81, 26, 116]",14,1.5
0,q3_basic,low_delay,4,bootstrap_conditional,0.18021309937349184,"[28.75572777, 29.45233963460275, 30.18303856416215]","[12.857142857142858, 12.857142857142858, 12.857142857142858, 12.857142857142858]","[25, 27, 42, 173]",14,1.5
0,q3_basic,medium_delay,4,bootstrap_conditional,0.19742350748647267,"[29.02420649077765, 30.63776876310955, 32.13576459650285]","[11.0, 11.0, 11.0, 11.0]","[29, 92, 57, 89]",14,1.5
0,q3_basic,high_delay,4,bootstrap_conditional,0.19742350748647267,"[29.02420649077765, 30.63776876310955, 32.13576459650285]","[11.0, 11.0, 11.0, 11.0]","[29, 92, 57, 89]",14,1.5
0,q2,step_only,4,bootstrap_conditional,0.13074006663521034,"[28.436481376772548, 29.23587997, 31.255424249441752]","[12.857142857142858, 25.0, 25.0, 25.0]","[28, 31, 81, 127]",15,0.0
0,q2,low_delay,4,bootstrap_conditional,0.1739141010994174,"[28.436481376772548, 29.130029079670052, 33.17799903161085]","[12.857142857142858, 12.857142857142858, 12.857142857142858, 25.0]","[28, 25, 150, 64]",15,0.0
0,q2,medium_delay,4,bootstrap_conditional,0.20777653498243606,"[30.0196636680224, 30.75052001013085, 31.50660346546065]","[11.0, 11.571428571428571, 12.285714285714286, 12.857142857142858]","[85, 39, 26, 117]",15,0.0
0,q2,high_delay,4,bootstrap_conditional,0.21122432434350683,"[29.0455820628869, 31.255424249441752, 32.542167035]","[11.0, 11.0, 11.0, 11.0]","[50, 90, 42, 85]",15,0.0
0,q3_basic,step_only,4,bootstrap_conditional,0.1306400413771269,"[29.09474287967005, 29.975810298022402, 31.996085665000003]","[25.0, 12.857142857142858, 25.0, 25.0]","[52, 32, 76, 107]",15,0.0
0,q3_basic,low_delay,4,bootstrap_conditional,0.17338826931431184,"[28.938497648086297, 30.435518495, 33.411452741852145]","[12.857142857142858, 12.857142857142858, 12.857142857142858, 25.0]","[42, 62, 112, 51]",15,0.0
0,q3_basic,medium_delay,4,bootstrap_conditional,0.20812538880807288,"[30.102058579967398, 31.145124715, 31.83326575245955]","[11.0, 11.857142857142858, 12.857142857142858, 12.857142857142858]","[88, 43, 25, 111]",15,0.0
0,q3_basic,high_delay,4,bootstrap_conditional,0.2116399434672832,"[29.0455820628869, 31.255424249441752, 32.566909555448945]","[11.0, 11.0, 11.0, 11.0]","[50, 90, 43, 84]",15,0.0
0,q2,step_only,4,bootstrap_conditional,0.1369077610614629,"[28.870021235, 30.11360183, 31.996085665000003]","[25.0, 25.0, 25.0, 25.0]","[40, 49, 71, 107]",15,0.5
0,q2,low_delay,4,bootstrap_conditional,0.1807396409869901,"[28.436481376772548, 29.130029079670052, 33.6181502639047]","[12.857142857142858, 12.857142857142858, 12.857142857142858, 25.0]","[28, 25, 166, 48]",15,0.5
0,q2,medium_delay,4,bootstrap_conditional,0.2117106551484803,"[30.90413263054825, 31.709000680000003, 32.4662509483577]","[11.0, 11.571428571428571, 12.285714285714286, 12.857142857142858]","[126, 26, 28, 87]",15,0.5
0,q2,high_delay,4,bootstrap_conditional,0.21361353720378967,"[29.748133, 31.95259136745955, 33.06560747004135]","[11.0, 11.0, 11.0, 11.0]","[72, 85, 43, 67]",15,0.5
0,q3_basic,step_only,4,bootstrap_conditional,0.13698882440870266,"[28.870021235, 30.11360183, 31.996085665000003]","[25.0, 25.0, 25.0, 25.0]","[40, 49, 71, 107]",15,0.5
0,q3_basic,low_delay,4,bootstrap_conditional,0.18026121961820674,"[28.436481376772548, 29.130029079670052, 33.411452741852145]","[12.857142857142858, 12.857142857142858, 12.857142857142858, 25.0]","[28, 25, 163, 51]",15,0.5
0,q3_basic,medium_delay,4,bootstrap_conditional,0.2119760964781637,"[31.145124715, 32.7032818769354, 33.3978292790151]","[11.0, 12.857142857142858, 11.142857142857142, 12.857142857142858]","[131, 55, 29, 52]",15,0.5
0,q3_basic,high_delay,4,bootstrap_conditional,0.21399690063550367,"[29.23587997, 31.426179554571, 32.63123790044895]","[11.0, 11.0, 11.0, 11.0]","[59, 88, 37, 83]",15,0.5
0,q2,step_only,4,bootstrap_conditional,0.1371541783139687,"[28.870021235, 30.435518495, 32.18924892207405]","[25.0, 25.0, 25.0, 25.0]","[40, 64, 68, 95]",15,1.0
0,q2,low_delay,4,bootstrap_conditional,0.17421259792392033,"[28.436481376772548, 29.130029079670052, 34.827777775]","[12.857142857142858, 12.857142857142858, 12.857142857142858, 25.0]","[28, 25, 184, 30]",15,1.0
0,q2,medium_delay,4,bootstrap_conditional,0.200580889315678,"[32.3567186049637, 33.1279444036214, 34.22124242450115]","[11.0, 11.285714285714286, 11.857142857142858, 12.857142857142858]","[176, 26, 25, 40]",15,1.0
0,q2,high_delay,4,bootstrap_conditional,0.20127231248240732,"[29.009509792886902, 31.2908888938616, 32.566909555448945]","[11.0, 11.0, 11.0, 11.0]","[48, 93, 42, 84]",15,1.0
0,q3_basic,step_only,4,bootstrap_conditional,0.13695299377329456,"[29.09474287967005, 29.975810298022402, 31.996085665000003]","[25.0, 12.857142857142858, 25.0, 25.0]","[52, 32, 76, 107]",15,1.0
0,q3_basic,low_delay,4,bootstrap_conditional,0.17399106229348532,"[28.56652825177255, 30.117794359999998, 35.55795257478585]","[12.857142857142858, 12.857142857142858, 12.857142857142858, 24.857142857142858]","[30, 60, 152, 25]",15,1.0
0,q3_basic,medium_delay,4,bootstrap_conditional,0.20073600113879,"[31.145124715, 32.023073225000005, 33.411452741852145]","[11.0, 11.714285714285714, 11.0, 12.857142857142858]","[131, 31, 54, 51]",15,1.0
0,q3_basic,high_delay,4,bootstrap_conditional,0.2015698524025114,"[29.130029079670052, 31.373618482277948, 32.88265373593305]","[11.0, 11.0, 11.0, 11.0]","[53, 93, 43, 78]",15,1.0
0,q2,step_only,4,bootstrap_conditional,0.14517501524180068,"[28.870021235, 30.2646582128532, 34.411814519222446]","[25.0, 25.0, 25.0, 25.0]","[40, 60, 129, 38]",15,1.5
0,q2,low_delay,4,bootstrap_conditional,0.18761766313279257,"[28.436481376772548, 29.130029079670052, 33.9632508881169]","[12.857142857142858, 12.857142857142858, 12.857142857142858, 25.0]","[28, 25, 172, 42]",15,1.5
0,q2,medium_delay,4,bootstrap_conditional,0.21586887855736486,"[32.3282979883502, 33.06560747004135, 33.9632508881169]","[11.0, 11.571428571428571, 12.142857142857142, 12.857142857142858]","[175, 25, 25, 42]",15,1.5
0,q2,high_delay,4,bootstrap_conditional,0.21670617567421335,"[29.09474287967005, 31.23327048, 32.4662509483577]","[11.0, 11.0, 11.0, 11.0]","[52, 84, 44, 87]",15,1.5
0,q3_basic,step_only,4,bootstrap_conditional,0.14578696177393524,"[28.870021235, 30.3549329065045, 32.04871425]","[25.0, 25.0, 25.0, 25.0]","[40, 63, 66, 98]",15,1.5
0,q3_basic,low_delay,4,bootstrap_conditional,0.18718260131534245,"[28.436481376772548, 29.92762346, 33.411452741852145]","[12.857142857142858, 12.857142857142858, 12.857142857142858, 25.0]","[28, 53, 135, 51]",15,1.5
0,q3_basic,medium_delay,4,bootstrap_conditional,0.2160197253813475,"[31.145124715, 32.023073225000005, 33.411452741852145]","[11.0, 11.571428571428571, 11.0, 12.857142857142858]","[131, 31, 54, 51]",15,1.5
0,q3_basic,high_delay,4,bootstrap_conditional,0.21691579436363365,"[29.009509792886902, 31.23327048, 32.41381647855615]","[11.0, 11.0, 11.0, 11.0]","[48, 88, 43, 88]",15,1.5
0,q2,step_only,4,bootstrap_conditional,0.1385590023886448,"[29.0780592777865, 29.78295940379965, 30.456294565]","[25.0, 25.0, 25.0, 25.0]","[48, 26, 43, 150]",16,0.0
0,q2,low_delay,4,bootstrap_conditional,0.2084410724916143,"[28.376274255, 29.172108809999997, 30.119401915]","[12.857142857142858, 25.0, 25.0, 25.0]","[26, 27, 44, 170]",16,0.0
0,q2,medium_delay,4,bootstrap_conditional,0.27680273803249106,"[28.376274255, 30.119401915, 35.02655091]","[12.857142857142858, 12.857142857142858, 12.857142857142858, 12.857142857142858]","[26, 71, 145, 25]",16,0.0
0,q2,high_delay,4,bootstrap_conditional,0.2934812345676832,"[28.5703708870288, 30.117794359999998, 30.4768398]","[11.0, 11.0, 11.0, 11.0]","[30, 64, 26, 147]",16,0.0
0,q3_basic,step_only,4,bootstrap_conditional,0.13854346313849364,"[29.152824510000002, 30.4768398, 32.626213435]","[25.0, 25.0, 25.0, 25.0]","[51, 69, 65, 82]",16,0.0
0,q3_basic,low_delay,4,bootstrap_conditional,0.20854346313849348,"[29.10705821745655, 31.426179554571, 32.542167035]","[25.0, 25.0, 25.0, 25.0]","[49, 99, 36, 83]",16,0.0
0,q3_basic,medium_delay,4,bootstrap_conditional,0.2768066096141066,"[28.376274255, 29.26591345677795, 30.6746588676868]","[12.857142857142858, 12.857142857142858, 12.857142857142858, 12.857142857142858]","[26, 29, 73, 139]",16,0.0
0,q3_basic,high_delay,4,bootstrap_conditional,0.2935181406734417,"[28.5703708870288, 29.26591345677795, 30.3529487489287]","[11.0, 11.0, 11.0, 11.0]","[30, 25, 48, 164]",16,0.0
0,q2,step_only,4,bootstrap_conditional,0.14086620694719298,"[29.0780592777865, 30.060693649999997, 33.307927785000004]","[25.0, 25.0, 25.0, 25.0]","[48, 37, 116, 66]",16,0.5
0,q2,low_delay,4,bootstrap_conditional,0.21075129550554364,"[28.376274255, 29.172108809999997, 29.8182661822407]","[12.857142857142858, 25.0, 25.0, 25.0]","[26, 27, 25, 189]",16,0.5
0,q2,medium_delay,4,bootstrap_conditional,0.2744114501096903,"[28.376274255, 29.152824510000002, 29.80803022604035]","[12.857142857142858, 12.857142857142858, 12.857142857142858, 12.857142857142858]","[26, 25, 25, 191]",16,0.5
0,q2,high_delay,4,bootstrap_conditional,0.289058997396895,"[28.5703708870288, 29.652620804999998, 30.406106735]","[11.0, 11.0, 11.0, 11.0]","[30, 33, 46, 158]",16,0.5
0,q3_basic,step_only,4,bootstrap_conditional,0.14094886303367868,"[29.10705821745655, 30.4768398, 34.6456217064828]","[25.0, 25.0, 25.0, 25.0]","[49, 71, 115, 32]",16,0.5
0,q3_basic,low_delay,4,bootstrap_conditional,0.2108895202316629,"[28.46808443177255, 29.398260685, 30.11360183]","[12.857142857142858, 25.0, 25.0, 25.0]","[28, 30, 34, 175]",16,0.5
0,q3_basic,medium_delay,4,bootstrap_conditional,0.2742123777061833,"[28.376274255, 29.152824510000002, 29.80803022604035]","[12.857142857142858, 12.857142857142858, 12.857142857142858, 12.857142857142858]","[26, 25, 25, 191]",16,0.5
0,q3_basic,high_delay,4,bootstrap_conditional,0.2887532204928449,"[28.5703708870288, 29.26591345677795, 30.3529487489287]","[11.0, 11.0, 11.0, 11.0]","[30, 25, 48, 164]",16,0.5
0,q2,step_only,4,bootstrap_conditional,0.14438140664526133,"[29.398260685, 30.456294565, 34.5435630114828]","[25.0, 25.0, 25.0, 25.0]","[58, 59, 117, 33]",16,1.0
0,q2,low_delay,4,bootstrap_conditional,0.21308273532322194,"[28.907467955, 29.94361332905565, 30.456294565]","[12.857142857142858, 25.0, 25.0, 25.0]","[40, 42, 35, 150]",16,1.0
0,q2,medium_delay,4,bootstrap_conditional,0.2721998540988612,"[28.376274255, 29.152824510000002, 29.80803022604035]","[12.857142857142858, 12.857142857142858, 12.857142857142858, 12.857142857142858]","[26, 25, 25, 191]",16,1.0
0,q2,high_delay,4,bootstrap_conditional,0.28434967051742516,"[28.5703708870288, 29.5907377837715, 30.521331102512548]","[11.0, 11.0, 11.0, 11.0]","[30, 31, 63, 143]",16,1.0
0,q3_basic,step_only,4,bootstrap_conditional,0.14448893463672652,"[29.0780592777865, 30.435518495, 34.50887419732065]","[25.0, 25.0, 25.0, 25.0]","[48, 65, 118, 36]",16,1.0
0,q3_basic,low_delay,4,bootstrap_conditional,0.21323060853521278,"[28.813373329999997, 29.749820315464298, 30.119388739999998]","[12.857142857142858, 25.0, 25.0, 25.0]","[39, 28, 28, 172]",16,1.0
0,q3_basic,medium_delay,4,bootstrap_conditional,0.2719628227306243,"[28.376274255, 29.152824510000002, 29.80803022604035]","[12.857142857142858, 12.857142857142858, 12.857142857142858, 12.857142857142858]","[26, 25, 25, 191]",16,1.0
0,q3_basic,high_delay,4,bootstrap_conditional,0.2839851565631938,"[28.5703708870288, 29.398260685, 30.5711615791423]","[11.0, 11.0, 11.0, 11.0]","[30, 28, 67, 142]",16,1.0
0,q2,step_only,4,bootstrap_conditional,0.14708024802473987,"[29.0780592777865, 30.406106735, 34.411814519222446]","[25.0, 25.0, 25.0, 25.0]","[48, 61, 119, 39]",16,1.5
0,q2,low_delay,4,bootstrap_conditional,0.21364703183346137,"[28.7075496663795, 29.94361332905565, 30.456294565]","[12.857142857142858, 12.857142857142858, 25.0, 25.0]","[35, 47, 35, 150]",16,1.5
0,q2,medium_delay,4,bootstrap_conditional,0.26382580482349816,"[28.376274255, 29.152824510000002, 29.80803022604035]","[12.571428571428571, 12.857142857142858, 12.857142857142858, 12.857142857142858]","[26, 25, 25, 191]",16,1.5
0,q2,high_delay,4,bootstrap_conditional,0.2721712106807026,"[28.5703708870288, 29.26591345677795, 30.3529487489287]","[11.0, 11.0, 11.0, 11.0]","[30, 25, 48, 164]",16,1.5
0,q3_basic,step_only,4,bootstrap_conditional,0.14712678910261237,"[29.130029079670052, 30.406106735, 31.71929008]","[25.0, 25.0, 25.0, 25.0]","[50, 59, 51, 107]",16,1.5
0,q3_basic,low_delay,4,bootstrap_conditional,0.21388565079219438,"[28.376274255, 29.94361332905565, 30.484907720000002]","[12.857142857142858, 12.857142857142858, 25.0, 25.0]","[26, 56, 41, 144]",16,1.5
0,q3_basic,medium_delay,4,bootstrap_conditional,0.263746791161096,"[28.376274255, 29.152824510000002, 29.80803022604035]","[12.571428571428571, 12.857142857142858, 12.857142857142858, 12.857142857142858]","[26, 25, 25, 191]",16,1.5
0,q3_basic,high_delay,4,bootstrap_conditional,0.2720450400760823,"[28.5703708870288, 30.228917610560153, 31.426179554571]","[11.0, 11.0, 11.0, 11.0]","[30, 71, 47, 119]",16,1.5
0,q2,step_only,4,bootstrap_conditional,0.1606271952546115,"[29.03191240789075, 30.2646582128532, 31.4420992745277]","[12.857142857142858, 12.857142857142858, 12.857142857142858, 25.0]","[34, 59, 45, 129]",17,0.0
0,q2,low_delay,4,bootstrap_conditional,0.17992095851757964,"[28.62684680525625, 29.35954207201715, 30.13270729597285]","[12.857142857142858, 12.857142857142858, 12.857142857142858, 12.857142857142858]","[25, 25, 38, 179]",17,0.0
0,q2,medium_delay,4,bootstrap_conditional,0.19272999246292394,"[28.9759443680863, 31.30462428941985, 33.21173465295685]","[11.0, 11.0, 11.0, 11.0]","[31, 105, 56, 75]",17,0.0
0,q2,high_delay,4,bootstrap_conditional,0.19272999246292394,"[28.9759443680863, 31.30462428941985, 33.21173465295685]","[11.0, 11.0, 11.0, 11.0]","[31, 105, 56, 75]",17,0.0
0,q3_basic,step_only,4,bootstrap_conditional,0.1604583304492153,"[28.62684680525625, 29.35954207201715, 31.13775394781495]","[12.857142857142858, 12.857142857142858, 12.857142857142858, 25.0]","[25, 25, 78, 139]",17,0.0
0,q3_basic,low_delay,4,bootstrap_conditional,0.17999123645516452,"[28.62684680525625, 29.35954207201715, 30.406106735]","[12.857142857142858, 12.857142857142858, 12.857142857142858, 12.857142857142858]","[25, 25, 50, 167]",17,0.0
0,q3_basic,medium_delay,4,bootstrap_conditional,0.19285075003480373,"[28.9759443680863, 29.7859335322407, 30.5711615791423]","[11.0, 11.0, 11.0, 11.0]","[31, 34, 53, 149]",17,0.0
0,q3_basic,high_delay,4,bootstrap_conditional,0.19285075003480373,"[28.9759443680863, 29.7859335322407, 30.5711615791423]","[11.0, 11.0, 11.0, 11.0]","[31, 34, 53, 149]",17,0.0
0,q2,step_only,4,bootstrap_conditional,0.16224905512738377,"[28.62684680525625, 29.7458871954643, 31.952446668137]","[12.857142857142858, 12.857142857142858, 12.857142857142858, 25.0]","[25, 34, 91, 117]",17,0.5
0,q2,low_delay,4,bootstrap_conditional,0.17962095721075658,"[28.62684680525625, 29.55072956140705, 30.0856258249674]","[12.857142857142858, 12.857142857142858, 12.857142857142858, 12.857142857142858]","[25, 29, 25, 188]",17,0.5
0,q2,medium_delay,4,bootstrap_conditional,0.19143588004679626,"[29.088514899670052, 30.16560389281525, 30.62994764933135]","[11.0, 11.0, 11.0, 11.0]","[36, 53, 31, 147]",17,0.5
0,q2,high_delay,4,bootstrap_conditional,0.19143588004679626,"[29.088514899670052, 30.16560389281525, 30.62994764933135]","[11.0, 11.0, 11.0, 11.0]","[36, 53, 31, 147]",17,0.5
0,q3_basic,step_only,4,bootstrap_conditional,0.16220691789137917,"[28.62684680525625, 29.35954207201715, 31.231359400000002]","[12.857142857142858, 12.857142857142858, 12.857142857142858, 25.0]","[25, 25, 80, 137]",17,0.5
0,q3_basic,low_delay,4,bootstrap_conditional,0.17972436737759034,"[29.152824510000002, 31.952446668137, 34.056319955]","[12.857142857142858, 12.857142857142858, 12.857142857142858, 12.857142857142858]","[42, 108, 69, 48]",17,0.5
0,q3_basic,medium_delay,4,bootstrap_conditional,0.1916090559178014,"[28.9759443680863, 29.7859335322407, 30.483268680000002]","[11.0, 11.0, 11.0, 11.0]","[31, 34, 47, 155]",17,0.5
0,q3_basic,high_delay,4,bootstrap_conditional,0.1916090559178014,"[28.9759443680863, 29.7859335322407, 30.483268680000002]","[11.0, 11.0, 11.0, 11.0]","[31, 34, 47, 155]",17,0.5
0,q2,step_only,4,bootstrap_conditional,0.16584743572114213,"[28.9759443680863, 30.46963577, 32.3383934589816]","[12.857142857142858, 12.857142857142858, 12.857142857142858, 25.0]","[31, 78, 52, 106]",17,1.0
0,q2,low_delay,4,bootstrap_conditional,0.18115882091144983,"[28.62684680525625, 29.35954207201715, 30.115183039999998]","[12.857142857142858, 12.857142857142858, 12.857142857142858, 12.857142857142858]","[25, 25, 32, 185]",17,1.0
0,q2,medium_delay,4,bootstrap_conditional,0.19191873823115027,"[28.9759443680863, 29.7859335322407, 30.48501834]","[11.0, 11.0, 11.0, 11.0]","[31, 34, 48, 154]",17,1.0
0,q2,high_delay,4,bootstrap_conditional,0.19191873823115027,"[28.9759443680863, 29.7859335322407, 30.48501834]","[11.0, 11.0, 11.0, 11.0]","[31, 34, 48, 154]",17,1.0
0,q3_basic,step_only,4,bootstrap_conditional,0.16590988966662054,"[28.62684680525625, 29.35954207201715, 32.54128045880665]","[12.857142857142858, 12.857142857142858, 12.857142857142858, 25.0]","[25, 25, 119, 98]",17,1.0
0,q3_basic,low_delay,4,bootstrap_conditional,0.18119486522315162,"[28.9759443680863, 30.119401915, 30.483268680000002]","[12.857142857142858, 12.857142857142858, 12.857142857142858, 12.857142857142858]","[31, 56, 25, 155]",17,1.0
0,q3_basic,medium_delay,4,bootstrap_conditional,0.1919668841612299,"[28.9759443680863, 29.7859335322407, 30.406106735]","[11.0, 11.0, 11.0, 11.0]","[31, 34, 35, 167]",17,1.0
0,q3_basic,high_delay,4,bootstrap_conditional,0.1919668841612299,"[28.9759443680863, 29.7859335322407, 30.406106735]","[11.0, 11.0, 11.0, 11.0]","[31, 34, 35, 167]",17,1.0
0,q2,step_only,4,bootstrap_conditional,0.17804237352928742,"[28.62684680525625, 29.35954207201715, 33.99974703784895]","[12.857142857142858, 12.857142857142858, 12.857142857142858, 25.0]","[25, 25, 168, 49]",17,1.5
0,q2,low_delay,4,bootstrap_conditional,0.18993915681821938,"[28.62684680525625, 30.115183039999998, 30.48501834]","[12.857142857142858, 12.857142857142858, 12.857142857142858, 12.857142857142858]","[25, 57, 31, 154]",17,1.5
0,q2,medium_delay,4,bootstrap_conditional,0.19720602376835442,"[29.130029079670052, 30.2989175471691, 30.75052001013085]","[11.0, 11.0, 11.0, 11.0]","[37, 57, 29, 144]",17,1.5
0,q2,high_delay,4,bootstrap_conditional,0.19720602376835442,"[29.130029079670052, 30.2989175471691, 30.75052001013085]","[11.0, 11.0, 11.0, 11.0]","[37, 57, 29, 144]",17,1.5
0,q3_basic,step_only,4,bootstrap_conditional,0.17809438004171033,"[28.62684680525625, 29.35954207201715, 34.056319955]","[12.857142857142858, 12.857142857142858, 12.857142857142858, 25.0]","[25, 25, 169, 48]",17,1.5
0,q3_basic,low_delay,4,bootstrap_conditional,0.18998770829127762,"[29.03191240789075, 30.13270729597285, 30.62994764933135]","[12.857142857142858, 12.857142857142858, 12.857142857142858, 12.857142857142858]","[34, 54, 32, 147]",17,1.5
0,q3_basic,medium_delay,4,bootstrap_conditional,0.19727413651031403,"[28.995840137890752, 30.119388739999998, 30.4768398]","[11.0, 11.0, 11.0, 11.0]","[33, 52, 26, 156]",17,1.5
0,q3_basic,high_delay,4,bootstrap_conditional,0.19727413651031403,"[28.995840137890752, 30.119388739999998, 30.4768398]","[11.0, 11.0, 11.0, 11.0]","[33, 52, 26, 156]",17,1.5
0,q2,step_only,4,bootstrap_conditional,0.1472755247414981,"[28.9022688830863, 29.8182661822407, 33.27154536798945]","[25.0, 25.0, 25.0, 25.0]","[41, 39, 111, 76]",18,0.0
0,q2,low_delay,4,bootstrap_conditional,0.2045495128409469,"[28.33249185, 29.09474287967005, 32.090620644428796]","[12.857142857142858, 12.857142857142858, 12.857142857142858, 25.0]","[26, 26, 105, 110]",18,0.0
0,q2,medium_delay,4,bootstrap_conditional,0.2408427367935939,"[29.26591345677795, 30.13270729597285, 31.13775394781495]","[11.0, 11.571428571428571, 12.142857142857142, 12.857142857142858]","[64, 28, 43, 132]",18,0.0
0,q2,high_delay,4,bootstrap_conditional,0.24356337331165426,"[28.7651952263795, 29.26591345677795, 30.2989175471691]","[11.0, 11.0, 11.0, 11.0]","[38, 26, 33, 170]",18,0.0
0,q3_basic,step_only,4,bootstrap_conditional,0.14710253630632164,"[28.9022688830863, 29.7815352372407, 33.27154536798945]","[25.0, 25.0, 25.0, 25.0]","[41, 38, 112, 76]",18,0.0
0,q3_basic,low_delay,4,bootstrap_conditional,0.20210283186817954,"[31.5045234250675, 32.566909555448945, 33.3978292790151]","[12.857142857142858, 24.428571428571427, 12.857142857142858, 25.0]","[143, 29, 26, 69]",18,0.0
0,q3_basic,medium_delay,4,bootstrap_conditional,0.2407719727907458,"[29.35954207201715, 30.3529487489287, 31.297407763059752]","[11.0, 12.857142857142858, 11.0, 12.857142857142858]","[68, 30, 43, 126]",18,0.0
0,q3_basic,high_delay,4,bootstrap_conditional,0.24364119602485967,"[28.7651952263795, 29.26591345677795, 30.2989175471691]","[11.0, 11.0, 11.0, 11.0]","[38, 26, 33, 170]",18,0.0
0,q2,step_only,4,bootstrap_conditional,0.149141627538833,"[28.9022688830863, 29.8182661822407, 33.337644175911]","[25.0, 25.0, 25.0, 25.0]","[41, 39, 116, 71]",18,0.5
0,q2,low_delay,4,bootstrap_conditional,0.2141351664940402,"[28.33249185, 29.0518100428869, 30.66624308199585]","[12.857142857142858, 12.857142857142858, 12.857142857142858, 25.0]","[26, 25, 67, 149]",18,0.5
0,q2,medium_delay,4,bootstrap_conditional,0.2540896913862459,"[28.33249185, 29.0518100428869, 29.629245695]","[11.428571428571429, 12.428571428571429, 12.714285714285714, 12.857142857142858]","[26, 25, 25, 191]",18,0.5
0,q2,high_delay,4,bootstrap_conditional,0.25845341189963444,"[28.7651952263795, 29.26591345677795, 30.2989175471691]","[11.0, 11.0, 11.0, 11.0]","[38, 26, 33, 170]",18,0.5
0,q3_basic,step_only,4,bootstrap_conditional,0.14922579709392805,"[28.9022688830863, 30.2989175471691, 34.01253445026795]","[25.0, 25.0, 25.0, 25.0]","[41, 56, 125, 45]",18,0.5
0,q3_basic,low_delay,4,bootstrap_conditional,0.21235544352085772,"[31.297407763059752, 32.5830326425095, 33.3978292790151]","[12.857142857142858, 24.428571428571427, 12.857142857142858, 25.0]","[141, 32, 25, 69]",18,0.5
0,q3_basic,medium_delay,4,bootstrap_conditional,0.2534344689122008,"[28.33249185, 30.5924608559611, 31.297407763059752]","[11.428571428571429, 12.857142857142858, 11.571428571428571, 12.857142857142858]","[26, 90, 25, 126]",18,0.5
0,q3_basic,high_delay,4,bootstrap_conditional,0.25771701403660463,"[28.7651952263795, 29.26591345677795, 30.2989175471691]","[11.0, 11.0, 11.0, 11.0]","[38, 26, 33, 170]",18,0.5
0,q2,step_only,4,bootstrap_conditional,0.14786837634443645,"[28.9022688830863, 29.8182661822407, 33.3642043449261]","[25.0, 25.0, 25.0, 25.0]","[41, 39, 117, 70]",18,1.0
0,q2,low_delay,4,bootstrap_conditional,0.21026682736978272,"[28.33249185, 29.0518100428869, 31.5045234250675]","[12.857142857142858, 12.857142857142858, 12.857142857142858, 25.0]","[26, 25, 92, 124]",18,1.0
0,q2,medium_delay,4,bootstrap_conditional,0.24708576856896158,"[28.33249185, 29.32178088201715, 30.16560389281525]","[11.285714285714286, 12.0, 12.428571428571429, 12.857142857142858]","[26, 40, 27, 174]",18,1.0
0,q2,high_delay,4,bootstrap_conditional,0.2504979064440299,"[28.7651952263795, 29.26591345677795, 30.2989175471691]","[11.0, 11.0, 11.0, 11.0]","[38, 26, 33, 170]",18,1.0
0,q3_basic,step_only,4,bootstrap_conditional,0.14802018951262821,"[28.9022688830863, 29.7815352372407, 33.20719191798945]","[25.0, 25.0, 25.0, 25.0]","[41, 38, 110, 78]",18,1.0
0,q3_basic,low_delay,4,bootstrap_conditional,0.20787968493524558,"[31.5045234250675, 32.566909555448945, 33.3978292790151]","[12.857142857142858, 24.428571428571427, 12.857142857142858, 25.0]","[143, 29, 26, 69]",18,1.0
0,q3_basic,medium_delay,4,bootstrap_conditional,0.24659963765907766,"[28.33249185, 30.5924608559611, 31.297407763059752]","[11.285714285714286, 12.714285714285714, 11.571428571428571, 12.857142857142858]","[26, 90, 25, 126]",18,1.0
0,q3_basic,high_delay,4,bootstrap_conditional,0.2499687014499293,"[28.7651952263795, 29.398260685, 31.561189219822552]","[11.0, 11.0, 11.0, 11.0]","[38, 34, 72, 123]",18,1.0
0,q2,step_only,4,bootstrap_conditional,0.16036781093142632,"[28.9022688830863, 30.2187791664552, 32.4464685187638]","[25.0, 25.0, 25.0, 25.0]","[41, 54, 68, 104]",18,1.5
0,q2,low_delay,4,bootstrap_conditional,0.2168124941704837,"[28.33249185, 29.0518100428869, 33.128525569527596]","[12.857142857142858, 12.857142857142858, 12.857142857142858, 25.0]","[26, 25, 132, 84]",18,1.5
0,q2,medium_delay,4,bootstrap_conditional,0.2466609795922007,"[32.395212404999995, 33.27154536798945, 34.35003519704645]","[11.0, 11.571428571428571, 12.0, 12.857142857142858]","[162, 29, 34, 42]",18,1.5
0,q2,high_delay,4,bootstrap_conditional,0.2472016442563765,"[28.9022688830863, 30.761083097004153, 32.55993621748835]","[11.0, 11.0, 11.0, 11.0]","[41, 81, 47, 98]",18,1.5
0,q3_basic,step_only,4,bootstrap_conditional,0.16034368545930364,"[29.09474287967005, 32.13576459650285, 35.02941549]","[25.0, 25.0, 25.0, 25.0]","[52, 106, 76, 33]",18,1.5
0,q3_basic,low_delay,4,bootstrap_conditional,0.21597054302161833,"[31.5045234250675, 32.566909555448945, 33.411452741852145]","[12.857142857142858, 24.428571428571427, 12.857142857142858, 25.0]","[143, 29, 27, 68]",18,1.5
0,q3_basic,medium_delay,4,bootstrap_conditional,0.24689191113241865,"[31.297407763059752, 32.54021816248835, 33.411452741852145]","[11.0, 11.857142857142858, 11.0, 12.857142857142858]","[141, 25, 33, 68]",18,1.5
0,q3_basic,high_delay,4,bootstrap_conditional,0.24758532063537753,"[28.7651952263795, 29.26591345677795, 30.2989175471691]","[11.0, 11.0, 11.0, 11.0]","[38, 26, 33, 170]",18,1.5
0,q2,step_only,4,bootstrap_conditional,0.14658994396938274,"[28.94369672, 29.8182661822407, 34.411814519222446]","[12.857142857142858, 25.0, 25.0, 25.0]","[26, 43, 159, 39]",19,0.0
0,q2,low_delay,4,bootstrap_conditional,0.18422673012210275,"[29.862609685, 32.031642343137, 34.5435630114828]","[12.857142857142858, 12.857142857142858, 12.857142857142858, 25.0]","[70, 95, 68, 34]",19,0.0
0,q2,medium_delay,4,bootstrap_conditional,0.20967037061218577,"[29.113345477786503, 33.86868099210485, 34.82428092]","[11.0, 11.0, 11.714285714285714, 12.857142857142858]","[35, 177, 26, 29]",19,0.0
0,q2,high_delay,4,bootstrap_conditional,0.2101016297257411,"[29.02116332289075, 30.0196636680224, 30.483268680000002]","[11.0, 11.0, 11.0, 11.0]","[29, 47, 35, 156]",19,0.0
0,q3_basic,step_only,4,bootstrap_conditional,0.1467330718903706,"[29.152824510000002, 30.3804461322209, 31.820637599999998]","[25.0, 25.0, 25.0, 25.0]","[37, 60, 61, 109]",19,0.0
0,q3_basic,low_delay,4,bootstrap_conditional,0.1842926235604692,"[28.94369672, 29.5907377837715, 34.6456217064828]","[12.857142857142858, 12.857142857142858, 12.857142857142858, 25.0]","[26, 27, 182, 32]",19,0.0
0,q3_basic,medium_delay,4,bootstrap_conditional,0.20998205522187957,"[29.02116332289075, 33.411452741852145, 35.02655091]","[11.0, 11.0, 11.571428571428571, 12.857142857142858]","[29, 174, 37, 27]",19,0.0
0,q3_basic,high_delay,4,bootstrap_conditional,0.21045223076566974,"[29.02116332289075, 29.629245695, 30.3017749204332]","[11.0, 11.0, 11.0, 11.0]","[29, 29, 37, 172]",19,0.0
0,q2,step_only,4,bootstrap_conditional,0.14234288402252074,"[29.334636189999998, 30.521331102512548, 32.395212404999995]","[25.0, 25.0, 25.0, 25.0]","[44, 72, 61, 90]",19,0.5
0,q2,low_delay,4,bootstrap_conditional,0.19226521638329705,"[28.94369672, 29.5907377837715, 32.817956918624745]","[12.857142857142858, 12.857142857142858, 12.857142857142858, 25.0]","[26, 27, 135, 79]",19,0.5
0,q2,medium_delay,4,bootstrap_conditional,0.226500495622629,"[30.3483792711496, 30.96463170281495, 31.820637599999998]","[11.0, 11.428571428571429, 12.142857142857142, 12.857142857142858]","[96, 33, 29, 109]",19,0.5
0,q2,high_delay,4,bootstrap_conditional,0.2289484234049932,"[29.042538895, 30.521331102512548, 32.004654783137]","[11.0, 11.0, 11.0, 11.0]","[30, 86, 48, 103]",19,0.5
0,q3_basic,step_only,4,bootstrap_conditional,0.1422403057166765,"[29.152824510000002, 30.435518495, 32.031642343137]","[25.0, 25.0, 25.0, 25.0]","[37, 64, 64, 102]",19,0.5
0,q3_basic,low_delay,4,bootstrap_conditional,0.1926603027972199,"[28.94369672, 29.5907377837715, 33.3978292790151]","[12.857142857142858, 12.857142857142858, 12.857142857142858, 25.0]","[26, 27, 149, 65]",19,0.5
0,q3_basic,medium_delay,4,bootstrap_conditional,0.226801772960348,"[29.9478781980224, 31.145124715, 31.743230699999998]","[11.0, 11.285714285714286, 12.285714285714286, 12.857142857142858]","[73, 59, 25, 110]",19,0.5
0,q3_basic,high_delay,4,bootstrap_conditional,0.2292830570185572,"[29.02116332289075, 29.629245695, 30.3017749204332]","[11.0, 11.0, 11.0, 11.0]","[29, 29, 37, 172]",19,0.5
0,q2,step_only,4,bootstrap_conditional,0.14405536089116097,"[29.113345477786503, 30.47595403, 34.492691086543104]","[25.0, 25.0, 25.0, 25.0]","[35, 71, 125, 36]",19,1.0
0,q2,low_delay,4,bootstrap_conditional,0.19309555899828537,"[28.94369672, 29.5907377837715, 32.817956918624745]","[12.857142857142858, 12.857142857142858, 12.857142857142858, 25.0]","[26, 27, 135, 79]",19,1.0
0,q2,medium_delay,4,bootstrap_conditional,0.22736065680973538,"[30.6508682826179, 31.39737659841255, 32.3383934589816]","[11.0, 11.571428571428571, 12.285714285714286, 12.857142857142858]","[121, 25, 25, 96]",19,1.0
0,q2,high_delay,4,bootstrap_conditional,0.22961770513573435,"[29.02116332289075, 29.629245695, 30.435518495]","[11.0, 11.0, 11.0, 11.0]","[29, 29, 43, 166]",19,1.0
0,q3_basic,step_only,4,bootstrap_conditional,0.1439988781954402,"[29.113345477786503, 30.456294565, 34.50887419732065]","[25.0, 25.0, 25.0, 25.0]","[35, 69, 128, 35]",19,1.0
0,q3_basic,low_delay,4,bootstrap_conditional,0.19333956234116942,"[28.94369672, 29.5907377837715, 33.3978292790151]","[12.857142857142858, 12.857142857142858, 12.857142857142858, 25.0]","[26, 27, 149, 65]",19,1.0
0,q3_basic,medium_delay,4,bootstrap_conditional,0.2275288069623861,"[30.435518495, 31.3328724074796, 32.1814953133865]","[11.0, 11.285714285714286, 12.285714285714286, 12.857142857142858]","[101, 43, 26, 97]",19,1.0
0,q3_basic,high_delay,4,bootstrap_conditional,0.22979958843814086,"[29.02116332289075, 29.629245695, 30.435518495]","[11.0, 11.0, 11.0, 11.0]","[29, 29, 43, 166]",19,1.0
0,q2,step_only,4,bootstrap_conditional,0.14526595890178706,"[29.113345477786503, 30.521331102512548, 32.7032818769354]","[25.0, 25.0, 25.0, 25.0]","[35, 81, 69, 82]",19,1.5
0,q2,low_delay,4,bootstrap_conditional,0.20013298804490534,"[28.94369672, 29.5907377837715, 31.820637599999998]","[12.857142857142858, 12.857142857142858, 12.857142857142858, 25.0]","[26, 27, 105, 109]",19,1.5
0,q2,medium_delay,4,bootstrap_conditional,0.24189423548172792,"[29.525661425178548, 30.2187791664552, 30.7981037518733]","[11.0, 11.714285714285714, 12.285714285714286, 12.857142857142858]","[50, 38, 40, 139]",19,1.5
0,q2,high_delay,4,bootstrap_conditional,0.24618092248346857,"[29.02116332289075, 29.629245695, 30.3017749204332]","[11.0, 11.0, 11.0, 11.0]","[29, 29, 37, 172]",19,1.5
0,q3_basic,step_only,4,bootstrap_conditional,0.14525056275888995,"[29.0780592777865, 30.18303856416215, 33.3978292790151]","[25.0, 25.0, 25.0, 25.0]","[34, 53, 115, 65]",19,1.5
0,q3_basic,low_delay,4,bootstrap_conditional,0.20007656706714239,"[29.05951596, 30.119401915, 31.677154004578902]","[12.857142857142858, 12.857142857142858, 12.857142857142858, 25.0]","[32, 52, 70, 113]",19,1.5
0,q3_basic,medium_delay,4,bootstrap_conditional,0.24191196532824175,"[29.152824510000002, 30.0196636680224, 30.72266034328655]","[11.0, 11.285714285714286, 12.142857142857142, 12.857142857142858]","[37, 39, 47, 144]",19,1.5
0,q3_basic,high_delay,4,bootstrap_conditional,0.24620550135010003,"[29.02116332289075, 29.629245695, 30.3017749204332]","[11.0, 11.0, 11.0, 11.0]","[29, 29, 37, 172]",19,1.5
